TeamLoggerH10Data
[Header]
version=1.0
datetime=2026.08.09 23:24:37
polar_id=C8208E2E
[ECG]
839633077967196416:13148,12967,12788,12610,12433,12257,12083,11910,11738,11567,11398,11230,11063,10897,10732,10569,10407,10246,10087,9929,9771,9616,9461,9308,9155,9005,8855,8706,8559,8413,8269,8125,7983,7842,7702,7563,7426,7290,7155,7021,6889,7041,6939,6831,6717,6595,6465,6329,6185,6036,5880,5719,5554,5388,5219,5051,4938,4827,4717,4608,4500,4393,4288,4184,4081,3980,3879,3780,3682,3586,3490,3396,3303,
839633078528734877:3212,3121,3032,2944,2857,2772,2687,2604,2522,2442,2362,2284,2207,2132,2057,1984,1912,1841,1772,1704,1637,1571,1506,1443,1381,1320,1260,1202,1145,1089,1034,981,928,877,828,779,732,686,641,597,555,514,474,492,504,500,477,431,367,286,199,171,143,10,-58,-38,45,788,1240,1222,732,-48,-763,-1290,-1490,-1314,-812,-121,-129,-136,-141,-145,-148,
839633079090273338:-130,-131,-127,-141,-112,-78,-9,30,95,141,152,192,220,223,236,222,198,190,158,136,67,17,-33,-90,-133,-127,-153,-148,-155,-149,-150,-163,-154,-163,-175,-171,-189,-175,-176,-185,-178,-204,-198,-217,-219,-223,-209,-227,-230,-234,-231,-223,-249,-252,-256,-241,-251,-247,-259,-261,-268,-278,-268,-265,-256,-261,-278,-277,-286,-276,-276,-293,-264,
839633079651811799:-293,-281,-290,-273,-268,-265,-264,-274,-273,-264,-285,-262,-224,-160,-119,-96,-117,-157,-197,-261,-250,-230,-345,-393,-341,-217,543,1011,1019,537,-204,-915,-1416,-1583,-1408,-896,-177,-168,-182,-161,-180,-153,-175,-165,-150,-145,-154,-80,-27,30,56,113,164,174,211,219,215,208,207,180,147,121,96,37,1,-55,-109,-134,-110,-114,-108,-138,-135,
839633080213350260:-133,-143,-143,-122,-123,-140,-145,-138,-150,-165,-147,-148,-152,-154,-168,-171,-176,-189,-171,-197,-178,-191,-212,-209,-210,-218,-225,-208,-216,-217,-229,-244,-233,-230,-243,-232,-253,-255,-265,-248,-251,-255,-272,-274,-277,-281,-263,-263,-266,-274,-267,-282,-268,-264,-216,-181,-137,-115,-153,-168,-204,-263,-281,-267,-364,-431,-362,-249,496,983,979,519,-258,
839633080774888721:-948,-1445,-1636,-1444,-941,-216,-230,-217,-224,-208,-192,-189,-189,-204,-186,-193,-132,-61,-27,36,84,105,155,168,183,187,210,172,158,130,119,71,25,-19,-61,-132,-132,-110,-135,-114,-135,-119,-135,-123,-116,-132,-124,-110,-128,-114,-127,-112,-121,-130,-122,-133,-142,-127,-127,-138,-159,-145,-166,-150,-159,-150,-151,-184,-179,-173,-192,-195,-179,
839633081336427182:-195,-196,-210,-218,-196,-219,-208,-227,-219,-231,-225,-227,-246,-242,-232,-257,-258,-240,-250,-266,-275,-260,-268,-217,-169,-144,-119,-144,-184,-233,-283,-270,-281,-395,-435,-393,-271,471,960,974,504,-268,-959,-1469,-1682,-1485,-954,-272,-272,-259,-259,-256,-245,-233,-235,-228,-229,-238,-184,-104,-59,3,30,82,120,123,165,168,152,142,148,93,91,
839633081897965643:51,2,-57,-93,-141,-138,-133,-146,-139,-128,-131,-131,-128,-138,-129,-137,-112,-111,-114,-117,-135,-118,-121,-128,-129,-105,-135,-136,-129,-133,-114,-119,-112,-136,-122,-132,-137,-129,-140,-138,-159,-144,-140,-155,-161,-159,-162,-165,-170,-182,-175,-188,-179,-205,-188,-212,-215,-196,-200,-222,-209,-221,-216,-234,-232,-168,-132,-98,-91,-108,-146,-201,-247,
839633082459504104:-261,-278,-369,-422,-370,-258,490,950,966,493,-293,-968,-1494,-1686,-1485,-966,-264,-280,-283,-290,-277,-276,-281,-268,-264,-263,-271,-212,-141,-108,-35,-13,34,76,86,119,115,124,114,91,52,42,1,-55,-102,-128,-189,-186,-191,-166,-171,-161,-160,-162,-170,-163,-146,-164,-160,-156,-154,-135,-127,-128,-138,-122,-122,-137,-110,-109,-111,-108,-114,
839633083021042565:-127,-119,-129,-109,-129,-127,-120,-117,-129,-131,-124,-138,-132,-123,-137,-135,-121,-140,-152,-158,-147,-155,-164,-157,-164,-171,-162,-168,-189,-175,-175,-172,-192,-198,-144,-87,-56,-65,-61,-117,-166,-233,-224,-219,-345,-388,-355,-250,502,983,975,503,-248,-964,-1478,-1678,-1482,-986,-266,-263,-290,-286,-283,-266,-294,-272,-265,-267,-292,-222,-155,-121,-84,
839633083582581026:-21,14,38,73,87,89,72,80,61,29,11,-31,-74,-140,-180,-237,-228,-237,-238,-230,-216,-217,-212,-192,-196,-183,-192,-198,-181,-169,-176,-177,-159,-170,-172,-170,-168,-161,-159,-146,-128,-142,-149,-138,-141,-131,-138,-141,-119,-110,-124,-135,-106,-123,-127,-134,-131,-131,-105,-134,-126,-110,-133,-112,-135,-144,-121,-136,-130,-134,-142,-147,-143,
839633084144119487:-142,-144,-153,-85,-68,-35,-23,-32,-75,-135,-192,-200,-177,-297,-342,-303,-204,538,1005,1024,543,-222,-915,-1462,-1654,-1463,-959,-245,-258,-250,-271,-245,-261,-270,-280,-261,-278,-281,-232,-158,-131,-73,-32,-4,25,43,73,66,61,57,25,14,-37,-80,-107,-168,-209,-260,-258,-267,-256,-251,-249,-243,-247,-252,-253,-242,-233,-225,-212,-224,-209,
839633084705657948:-202,-211,-194,-194,-185,-200,-186,-187,-176,-177,-190,-164,-168,-175,-154,-160,-149,-162,-146,-148,-136,-146,-132,-145,-123,-115,-120,-120,-120,-123,-116,-109,-128,-122,-127,-107,-132,-131,-121,-125,-133,-122,-119,-125,-135,-63,-12,10,26,-3,-40,-91,-140,-151,-153,-247,-308,-279,-154,596,1051,1062,594,-187,-893,-1402,-1596,-1428,-903,-199,-202,-202,-229,
839633085267196409:-228,-225,-244,-238,-237,-237,-252,-181,-150,-108,-40,-17,20,58,72,73,90,70,57,23,-7,-38,-65,-123,-182,-236,-278,-285,-277,-277,-270,-266,-288,-285,-277,-275,-278,-262,-258,-259,-272,-253,-260,-250,-255,-240,-247,-236,-247,-233,-230,-219,-221,-221,-199,-190,-211,-199,-204,-198,-186,-169,-190,-183,-177,-157,-175,-156,-167,-142,-159,-159,-131,
839633085828734870:-147,-124,-144,-119,-141,-139,-136,-121,-119,-136,-115,-135,-110,-106,-75,1,3,41,24,-12,-67,-112,-115,-116,-220,-277,-226,-126,635,1111,1109,618,-149,-850,-1352,-1565,-1365,-872,-155,-164,-188,-174,-172,-197,-201,-189,-186,-216,-194,-160,-103,-59,-16,15,51,76,95,94,112,94,85,56,37,-13,-67,-98,-161,-208,-267,-283,-268,-269,-261,
839633086390273331:-274,-270,-265,-286,-286,-275,-282,-278,-289,-274,-263,-276,-282,-280,-265,-272,-281,-273,-261,-267,-245,-263,-257,-250,-251,-247,-226,-226,-242,-213,-226,-204,-216,-198,-194,-209,-198,-182,-185,-175,-198,-192,-161,-157,-155,-151,-173,-149,-167,-164,-133,-160,-150,-153,-126,-125,-76,-24,2,10,20,-4,-56,-122,-128,-122,-230,-275,-228,-116,634,1129,1112,
839633086951811792:644,-133,-831,-1327,-1533,-1355,-845,-149,-129,-152,-131,-160,-149,-154,-143,-144,-150,-168,-122,-64,-26,38,77,108,115,151,139,149,137,135,82,48,35,-15,-59,-139,-189,-241,-241,-251,-249,-265,-267,-245,-268,-274,-267,-281,-259,-260,-267,-269,-279,-269,-285,-264,-284,-280,-294,-273,-264,-279,-281,-278,-262,-269,-282,-259,-256,-263,-278,-258,-252,
839633087513350253:-260,-253,-239,-243,-232,-246,-222,-245,-217,-217,-232,-227,-221,-195,-192,-208,-186,-187,-196,-196,-191,-171,-188,-170,-175,-109,-61,-22,8,0,-25,-85,-136,-146,-145,-238,-284,-249,-114,650,1117,1111,635,-124,-817,-1335,-1520,-1341,-818,-123,-125,-135,-118,-126,-125,-127,-113,-144,-146,-122,-66,-23,31,68,109,134,143,188,185,188,166,151,137,
839633088074888714:105,68,21,-28,-79,-148,-212,-202,-205,-224,-218,-234,-219,-224,-230,-240,-249,-256,-247,-236,-252,-259,-268,-274,-248,-274,-255,-268,-279,-286,-268,-274,-269,-269,-276,-277,-280,-292,-266,-289,-277,-290,-276,-278,-271,-259,-259,-262,-269,-258,-263,-275,-271,-255,-248,-251,-255,-240,-240,-247,-220,-226,-229,-227,-229,-213,-196,-152,-85,-60,-43,-45,-91,
839633088636427175:-118,-180,-173,-163,-280,-311,-271,-149,626,1086,1098,628,-137,-827,-1360,-1534,-1332,-818,-132,-121,-113,-129,-117,-127,-125,-119,-117,-129,-123,-76,-24,45,70,122,165,197,205,217,228,204,189,157,150,111,55,15,-48,-88,-151,-170,-177,-187,-176,-190,-171,-193,-176,-185,-201,-216,-203,-212,-230,-224,-234,-237,-220,-225,-239,-247,-255,-238,-238,
839633089197965636:-259,-268,-269,-272,-279,-261,-256,-286,-282,-286,-276,-267,-263,-263,-288,-283,-281,-282,-268,-275,-266,-277,-283,-277,-260,-258,-261,-266,-258,-275,-266,-256,-247,-250,-256,-234,-185,-129,-99,-82,-81,-111,-170,-212,-216,-216,-313,-357,-315,-189,582,1045,1053,598,-183,-860,-1378,-1568,-1360,-870,-157,-161,-135,-142,-142,-135,-134,-119,-124,-142,-128,-63,-6,
839633089759504097:30,87,140,152,188,206,221,223,216,205,181,161,115,81,47,-11,-89,-117,-133,-121,-148,-149,-129,-150,-143,-153,-159,-160,-151,-164,-161,-175,-186,-166,-182,-196,-199,-183,-200,-219,-194,-226,-210,-232,-218,-218,-222,-222,-238,-231,-253,-264,-246,-254,-269,-269,-273,-255,-274,-283,-263,-261,-273,-270,-279,-263,-278,-283,-288,-274,-291,-285,-274,
839633090321042558:-273,-263,-280,-262,-283,-227,-166,-119,-110,-110,-148,-211,-250,-265,-249,-362,-403,-341,-235,526,1018,1021,544,-227,-919,-1412,-1618,-1406,-895,-203,-198,-182,-189,-163,-184,-181,-171,-150,-174,-149,-107,-31,26,61,97,145,175,203,208,232,222,191,194,149,129,81,32,0,-52,-130,-126,-135,-118,-128,-134,-134,-135,-116,-130,-131,-131,-134,-150,
839633090882581019:-146,-154,-157,-141,-160,-140,-168,-161,-170,-164,-179,-160,-190,-183,-200,-181,-209,-196,-191,-199,-217,-203,-205,-222,-227,-214,-232,-227,-231,-251,-234,-236,-257,-261,-258,-254,-254,-280,-254,-267,-257,-262,-273,-272,-264,-270,-285,-222,-180,-133,-126,-127,-171,-219,-280,-265,-289,-384,-414,-390,-252,491,982,974,493,-266,-955,-1463,-1650,-1442,-925,-231,-227,
839633091444119480:-220,-234,-216,-223,-224,-223,-190,-213,-211,-127,-71,-39,33,80,119,133,162,184,205,180,179,170,139,100,54,11,-27,-72,-143,-121,-131,-129,-109,-116,-113,-121,-107,-113,-130,-115,-109,-127,-117,-115,-124,-123,-123,-128,-140,-136,-139,-142,-128,-135,-149,-136,-142,-147,-146,-160,-154,-151,-174,-175,-175,-193,-191,-180,-191,-201,-193,-201,-216,
839633092005657941:-223,-212,-220,-232,-230,-223,-230,-232,-237,-252,-254,-241,-248,-245,-244,-264,-204,-150,-128,-132,-119,-153,-223,-275,-285,-270,-400,-439,-370,-290,479,956,963,498,-278,-983,-1496,-1675,-1474,-969,-256,-265,-262,-257,-245,-256,-253,-242,-238,-235,-241,-183,-119,-73,-8,20,53,114,138,148,163,149,156,115,102,75,15,-10,-73,-95,-150,-147,-158,
839633092567196402:-148,-140,-151,-150,-143,-146,-140,-146,-120,-114,-130,-137,-124,-120,-121,-126,-121,-114,-125,-128,-111,-111,-116,-131,-126,-125,-131,-122,-134,-138,-135,-147,-152,-126,-151,-138,-156,-144,-151,-150,-169,-159,-155,-186,-168,-174,-192,-192,-197,-198,-202,-213,-203,-201,-218,-214,-212,-240,-185,-135,-98,-103,-107,-151,-204,-245,-271,-257,-359,-422,-385,-273,500,
839633093128734863:968,964,492,-269,-988,-1496,-1686,-1505,-990,-269,-274,-276,-269,-277,-279,-286,-261,-262,-285,-279,-210,-156,-117,-38,-19,17,69,91,116,100,93,98,75,54,31,-22,-63,-115,-146,-217,-189,-185,-178,-179,-180,-179,-181,-156,-155,-170,-152,-161,-164,-140,-152,-137,-126,-149,-149,-126,-118,-134,-143,-125,-129,-111,-109,-123,-108,-119,-123,-127,-128,
839633093690273324:-113,-115,-134,-130,-113,-133,-126,-120,-121,-141,-119,-138,-126,-149,-146,-134,-152,-153,-148,-164,-164,-168,-174,-171,-171,-167,-198,-118,-81,-58,-51,-70,-110,-171,-213,-213,-222,-345,-396,-342,-235,535,978,983,500,-259,-965,-1476,-1659,-1491,-980,-282,-278,-272,-268,-285,-285,-285,-270,-289,-273,-276,-215,-185,-123,-70,-14,2,52,65,83,74,87,
839633094251811785:82,57,10,-21,-63,-89,-153,-188,-254,-251,-250,-230,-217,-230,-208,-214,-201,-218,-192,-196,-193,-204,-174,-182,-193,-167,-183,-176,-180,-162,-151,-160,-144,-152,-152,-138,-137,-135,-143,-144,-146,-131,-142,-138,-134,-130,-109,-131,-116,-134,-119,-109,-121,-110,-136,-115,-137,-132,-134,-118,-123,-123,-119,-139,-137,-141,-143,-151,-158,-95,-61,-23,-15,
839633094813350246:-31,-69,-128,-160,-168,-172,-284,-351,-290,-195,562,1025,1014,536,-208,-935,-1451,-1643,-1455,-952,-238,-232,-252,-248,-265,-257,-270,-253,-260,-254,-260,-231,-157,-100,-54,-26,-6,37,47,69,72,79,56,20,0,-32,-83,-116,-169,-203,-259,-269,-260,-268,-269,-254,-255,-266,-257,-259,-229,-256,-249,-236,-220,-219,-229,-216,-207,-208,-195,-199,-189,
839633095374888707:-189,-178,-201,-185,-188,-187,-169,-160,-163,-165,-164,-153,-144,-145,-158,-150,-131,-146,-136,-143,-143,-131,-122,-134,-124,-115,-117,-112,-130,-131,-109,-130,-113,-118,-108,-109,-132,-119,-57,-30,0,22,10,-36,-91,-153,-135,-145,-255,-314,-275,-161,593,1076,1059,592,-164,-877,-1392,-1599,-1411,-889,-215,-192,-214,-198,-210,-209,-235,-220,-229,-228,-236,
839633095936427168:-174,-143,-83,-50,0,40,49,71,92,83,69,74,53,-1,-34,-80,-109,-178,-216,-287,-270,-277,-284,-292,-286,-284,-285,-289,-259,-280,-257,-277,-264,-262,-249,-258,-261,-247,-237,-250,-255,-225,-228,-233,-241,-220,-228,-230,-208,-201,-216,-209,-206,-190,-195,-178,-170,-170,-169,-179,-162,-153,-160,-153,-166,-151,-162,-139,-145,-138,-136,-133,-128,
839633096497965629:-134,-139,-128,-122,-114,-125,-108,-63,1,10,18,27,-23,-77,-122,-130,-117,-239,-285,-236,-125,632,1117,1098,623,-148,-835,-1348,-1561,-1361,-861,-155,-161,-175,-165,-162,-166,-174,-198,-183,-203,-184,-156,-111,-45,0,29,63,87,101,121,105,99,79,68,39,-9,-61,-91,-165,-224,-256,-269,-261,-275,-261,-270,-279,-289,-264,-282,-278,-273,
839633097059504090:-289,-286,-276,-289,-266,-291,-285,-278,-273,-258,-266,-262,-250,-273,-271,-270,-244,-248,-250,-233,-246,-236,-222,-234,-236,-239,-213,-231,-221,-202,-199,-194,-210,-198,-182,-170,-180,-187,-162,-163,-170,-147,-170,-150,-160,-150,-139,-134,-136,-68,-19,15,10,10,-26,-54,-134,-124,-118,-223,-258,-222,-112,645,1101,1119,648,-111,-819,-1333,-1523,-1327,-836,
839633097621042551:-141,-125,-138,-126,-139,-153,-158,-138,-152,-163,-161,-92,-56,2,48,59,103,137,144,160,158,156,139,108,76,47,-2,-77,-126,-183,-240,-225,-236,-233,-241,-240,-248,-244,-264,-259,-269,-273,-271,-258,-258,-265,-279,-290,-266,-285,-282,-272,-292,-289,-266,-269,-273,-282,-285,-270,-287,-262,-272,-256,-256,-252,-272,-254,-245,-251,-253,-263,-253,
839633098182581012:-252,-245,-229,-216,-222,-223,-223,-215,-219,-209,-211,-191,-191,-202,-190,-193,-192,-176,-102,-72,-24,-2,-25,-37,-83,-161,-151,-145,-248,-300,-238,-145,630,1108,1120,650,-121,-821,-1319,-1521,-1322,-824,-126,-134,-131,-116,-133,-115,-123,-117,-116,-125,-140,-70,-13,22,79,121,133,176,196,207,180,173,176,151,119,88,14,-15,-70,-143,-204,
839633098744119473:-187,-185,-208,-200,-207,-221,-215,-239,-240,-228,-245,-230,-241,-246,-247,-250,-266,-266,-246,-272,-274,-270,-280,-284,-287,-279,-262,-279,-268,-264,-286,-292,-276,-290,-267,-265,-265,-286,-276,-267,-266,-267,-260,-263,-265,-275,-256,-260,-259,-245,-254,-254,-242,-233,-250,-229,-216,-225,-209,-229,-169,-107,-60,-59,-66,-100,-144,-194,-174,-180,-265,-311,-267,
839633099305657934:-154,590,1069,1068,628,-149,-843,-1352,-1546,-1355,-841,-145,-144,-124,-138,-123,-121,-130,-115,-128,-135,-133,-67,1,31,99,128,147,200,211,231,230,231,207,170,132,112,64,28,-47,-83,-165,-149,-163,-157,-160,-184,-178,-187,-192,-188,-196,-184,-188,-193,-216,-219,-222,-224,-206,-239,-231,-245,-242,-241,-244,-256,-258,-261,-248,-246,-272,-265,
839633099867196395:-259,-264,-266,-267,-279,-284,-271,-292,-290,-288,-266,-270,-293,-267,-282,-281,-269,-279,-277,-278,-286,-257,-266,-258,-272,-278,-255,-252,-263,-199,-154,-111,-91,-93,-116,-180,-243,-228,-230,-330,-377,-307,-199,572,1042,1044,568,-178,-870,-1378,-1586,-1385,-881,-176,-157,-163,-148,-158,-149,-133,-130,-148,-145,-130,-84,-18,18,67,130,151,202,200,232,
839633100428734856:223,231,211,195,160,126,81,22,-28,-56,-134,-115,-126,-139,-127,-133,-146,-150,-139,-158,-162,-169,-145,-154,-150,-160,-179,-176,-193,-184,-192,-180,-181,-213,-197,-200,-204,-219,-220,-220,-239,-241,-233,-232,-255,-246,-241,-261,-258,-265,-271,-265,-261,-271,-284,-257,-274,-264,-263,-288,-267,-282,-280,-285,-288,-289,-269,-287,-292,-275,-277,-232,-157,
839633100990273317:-128,-136,-142,-155,-212,-266,-264,-268,-362,-395,-368,-257,523,997,1015,534,-228,-928,-1439,-1610,-1425,-902,-215,-209,-204,-178,-178,-181,-173,-165,-181,-155,-159,-99,-60,-9,61,109,135,161,187,203,210,198,202,195,154,110,67,41,-23,-71,-135,-131,-122,-131,-132,-134,-125,-127,-113,-109,-116,-130,-114,-130,-142,-127,-124,-129,-153,-161,-149,
839633101551811778:-152,-154,-160,-163,-166,-160,-161,-181,-184,-200,-188,-182,-182,-199,-209,-212,-222,-217,-223,-234,-241,-222,-246,-241,-238,-239,-236,-245,-270,-261,-266,-274,-275,-273,-279,-267,-283,-267,-264,-282,-210,-163,-141,-139,-154,-176,-231,-272,-264,-292,-374,-431,-366,-286,506,983,962,494,-252,-955,-1468,-1638,-1462,-961,-232,-237,-227,-235,-241,-219,-214,-228,-207,
839633102113350239:-223,-207,-144,-79,-41,11,58,87,142,171,173,169,173,178,166,129,98,45,14,-42,-76,-150,-131,-119,-117,-130,-133,-126,-116,-110,-132,-110,-126,-108,-132,-112,-121,-121,-111,-112,-126,-133,-134,-131,-144,-145,-119,-149,-130,-129,-141,-148,-163,-153,-154,-172,-152,-167,-182,-184,-193,-183,-180,-185,-205,-189,-197,-192,-203,-209,-212,-232,-216,
839633102674888700:-234,-221,-223,-233,-251,-257,-254,-246,-267,-211,-143,-115,-130,-138,-163,-202,-280,-275,-287,-393,-428,-388,-270,491,965,945,496,-265,-976,-1483,-1686,-1479,-985,-264,-255,-265,-258,-262,-250,-247,-259,-246,-242,-254,-181,-116,-70,-19,8,69,93,130,119,147,142,132,101,85,54,31,-26,-68,-106,-166,-166,-177,-166,-160,-162,-145,-143,-157,-143,
839633103236427161:-148,-147,-146,-116,-115,-115,-122,-117,-130,-109,-127,-112,-131,-121,-120,-129,-106,-130,-123,-112,-110,-114,-119,-129,-127,-120,-123,-140,-148,-156,-154,-156,-161,-162,-151,-152,-169,-160,-163,-168,-174,-172,-192,-179,-180,-202,-208,-213,-211,-200,-232,-162,-118,-80,-73,-99,-146,-172,-235,-266,-265,-369,-395,-365,-269,512,974,977,505,-279,-963,-1485,-1663,
839633103797965622:-1489,-994,-285,-269,-280,-265,-271,-291,-267,-261,-282,-289,-260,-208,-160,-113,-65,-23,21,65,80,93,110,88,96,71,55,16,-9,-73,-106,-153,-216,-201,-205,-198,-188,-191,-187,-170,-164,-186,-174,-158,-168,-173,-166,-165,-160,-138,-159,-130,-153,-148,-138,-118,-127,-138,-137,-139,-136,-135,-114,-135,-135,-131,-122,-120,-135,-108,-107,-113,-130,
839633104359504083:-121,-135,-116,-126,-126,-147,-120,-149,-125,-138,-153,-157,-138,-150,-153,-148,-174,-169,-183,-167,-114,-68,-57,-50,-65,-105,-147,-199,-198,-204,-341,-364,-331,-246,544,991,1004,519,-256,-955,-1462,-1660,-1469,-958,-254,-273,-273,-259,-261,-269,-284,-263,-272,-292,-279,-219,-161,-126,-79,-23,13,27,57,74,86,72,77,36,24,-28,-41,-112,-158,
839633104921042544:-190,-247,-260,-240,-225,-235,-218,-217,-233,-209,-217,-200,-212,-207,-197,-188,-206,-190,-173,-170,-185,-168,-158,-162,-165,-170,-142,-157,-154,-161,-129,-152,-138,-134,-148,-134,-116,-142,-137,-116,-129,-121,-110,-113,-114,-124,-118,-117,-127,-127,-123,-120,-110,-114,-124,-141,-120,-121,-126,-131,-130,-132,-74,-26,-26,-8,-8,-39,-116,-173,-176,-169,-276,
839633105482581005:-321,-278,-201,567,1039,1021,550,-211,-915,-1432,-1632,-1422,-926,-218,-234,-235,-237,-255,-252,-242,-243,-263,-266,-267,-196,-150,-115,-72,-39,4,29,70,64,80,52,50,47,-8,-16,-59,-117,-181,-234,-268,-273,-280,-260,-258,-269,-260,-258,-258,-253,-265,-248,-256,-256,-240,-226,-227,-216,-234,-217,-226,-210,-212,-190,-200,-197,-185,-181,-179,-169,
839633106044119466:-170,-180,-169,-166,-166,-156,-148,-146,-138,-131,-150,-150,-137,-125,-136,-144,-131,-135,-119,-129,-127,-134,-124,-119,-131,-117,-129,-112,-107,-114,-125,-51,-21,9,9,24,-37,-62,-138,-151,-153,-239,-281,-258,-146,613,1085,1078,590,-158,-864,-1380,-1592,-1386,-894,-179,-208,-193,-194,-217,-222,-223,-210,-234,-237,-243,-175,-140,-91,-40,-4,32,53,
839633106605657927:73,89,99,73,62,30,13,-11,-74,-128,-181,-225,-287,-287,-278,-265,-273,-264,-289,-291,-292,-277,-269,-281,-282,-264,-254,-279,-265,-255,-269,-259,-252,-263,-257,-244,-235,-245,-232,-222,-238,-231,-220,-223,-208,-219,-216,-202,-193,-199,-186,-182,-180,-190,-167,-156,-150,-160,-165,-159,-152,-160,-142,-131,-129,-141,-136,-119,-126,-126,-123,-135,-134,
839633107167196388:-73,-18,14,20,8,0,-62,-107,-117,-109,-225,-276,-215,-139,652,1106,1096,643,-127,-845,-1352,-1538,-1363,-852,-138,-164,-163,-172,-171,-179,-174,-181,-191,-190,-183,-140,-90,-46,0,29,58,97,119,136,109,121,97,84,51,-2,-55,-85,-147,-216,-266,-263,-270,-282,-270,-277,-281,-274,-290,-266,-275,-294,-291,-271,-289,-277,-264,-267,-291,
839633107728734849:-286,-276,-261,-277,-277,-260,-277,-281,-264,-262,-268,-259,-242,-241,-245,-249,-254,-225,-222,-218,-223,-208,-211,-206,-207,-204,-204,-190,-189,-201,-195,-188,-168,-160,-165,-157,-169,-166,-161,-165,-143,-144,-75,-36,14,8,12,-28,-73,-120,-132,-139,-230,-278,-222,-133,634,1102,1112,632,-135,-833,-1339,-1524,-1329,-829,-132,-134,-144,-127,-122,-134,-136,
839633108290273310:-156,-145,-143,-154,-102,-62,9,43,66,104,135,152,164,176,145,136,99,86,55,-9,-70,-110,-160,-239,-219,-220,-234,-236,-250,-246,-262,-264,-250,-252,-261,-267,-258,-276,-281,-264,-276,-264,-267,-274,-293,-271,-288,-271,-292,-281,-278,-293,-268,-280,-267,-279,-287,-268,-257,-262,-278,-267,-263,-246,-240,-249,-256,-233,-235,-230,-243,-244,-220,
839633108851811771:-231,-229,-229,-216,-203,-196,-208,-199,-184,-202,-195,-137,-70,-41,-11,-39,-54,-115,-159,-150,-140,-240,-299,-253,-142,615,1103,1094,623,-123,-833,-1350,-1537,-1345,-831,-111,-111,-124,-108,-105,-125,-122,-122,-122,-129,-130,-86,-25,18,74,120,157,169,200,203,210,185,163,167,129,84,45,-1,-61,-119,-168,-200,-184,-185,-212,-211,-205,-218,
839633109413350232:-214,-221,-223,-241,-229,-219,-244,-243,-251,-233,-259,-251,-254,-252,-250,-250,-263,-256,-274,-281,-288,-275,-289,-265,-283,-287,-291,-279,-271,-275,-273,-281,-282,-282,-275,-279,-271,-282,-261,-263,-271,-277,-261,-247,-248,-248,-237,-250,-244,-253,-240,-225,-221,-169,-114,-62,-66,-75,-110,-132,-191,-178,-185,-290,-315,-289,-176,610,1075,1070,616,-150,-858,
839633109974888693:-1353,-1552,-1364,-836,-132,-133,-125,-115,-135,-116,-126,-123,-135,-130,-122,-69,0,26,90,142,158,196,211,218,230,222,210,185,147,106,65,30,-19,-78,-148,-141,-142,-163,-158,-165,-178,-171,-164,-189,-180,-183,-181,-204,-183,-206,-199,-203,-223,-216,-216,-231,-226,-222,-237,-239,-229,-238,-237,-242,-261,-246,-258,-273,-273,-263,-271,-262,-275,
839633110536427154:-276,-261,-286,-281,-293,-293,-287,-271,-266,-279,-265,-268,-290,-280,-270,-283,-261,-285,-253,-268,-261,-260,-211,-143,-100,-103,-121,-134,-174,-224,-235,-243,-330,-356,-329,-221,540,1045,1045,581,-199,-874,-1391,-1578,-1376,-881,-171,-159,-155,-158,-150,-142,-150,-146,-139,-140,-147,-84,-36,37,88,108,165,201,194,209,228,215,219,194,157,133,83,
839633111097965615:34,2,-64,-109,-110,-126,-112,-136,-145,-139,-135,-128,-132,-135,-137,-157,-140,-144,-148,-149,-176,-180,-180,-175,-170,-195,-188,-192,-199,-208,-198,-207,-227,-210,-220,-239,-227,-221,-224,-231,-247,-244,-242,-253,-262,-258,-261,-258,-277,-269,-278,-281,-271,-274,-269,-274,-280,-290,-279,-272,-291,-267,-272,-272,-232,-176,-123,-109,-143,-158,-205,-270,-278,
839633111659504076:-264,-372,-401,-362,-256,511,997,982,511,-225,-941,-1442,-1625,-1443,-921,-212,-203,-212,-213,-197,-202,-200,-174,-167,-171,-166,-103,-49,5,39,81,122,152,195,197,208,209,192,187,142,116,92,35,-18,-64,-130,-117,-120,-134,-133,-130,-106,-122,-108,-128,-112,-114,-119,-136,-129,-136,-147,-120,-122,-147,-152,-147,-162,-143,-161,-172,-171,-168,
839633112221042537:-176,-175,-180,-175,-189,-177,-192,-181,-192,-191,-192,-206,-221,-209,-216,-242,-230,-234,-244,-240,-257,-241,-260,-247,-260,-265,-251,-249,-269,-284,-275,-269,-284,-230,-176,-126,-131,-135,-166,-214,-264,-290,-281,-398,-435,-367,-271,483,973,963,486,-281,-971,-1474,-1669,-1459,-956,-252,-236,-258,-228,-225,-229,-244,-237,-216,-204,-201,-167,-102,-48,-4,55,
839633112782580998:87,125,140,160,187,158,171,146,118,89,54,-4,-36,-98,-140,-132,-131,-119,-126,-124,-135,-117,-112,-122,-126,-119,-133,-109,-106,-125,-132,-117,-105,-123,-121,-130,-113,-128,-128,-130,-135,-133,-150,-132,-135,-132,-134,-158,-162,-153,-167,-164,-178,-165,-160,-185,-178,-172,-195,-199,-202,-186,-201,-219,-220,-226,-216,-216,-228,-236,-225,-243,-230,
839633113344119459:-249,-235,-185,-154,-109,-125,-138,-146,-204,-275,-264,-276,-387,-413,-373,-285,493,961,960,498,-285,-978,-1504,-1664,-1501,-979,-275,-278,-263,-271,-280,-277,-256,-249,-251,-244,-257,-187,-123,-72,-21,4,49,89,96,137,140,141,118,100,92,52,13,-22,-84,-120,-170,-178,-163,-166,-162,-162,-148,-148,-149,-152,-131,-132,-147,-139,-128,-139,-140,
839633113905657920:-128,-130,-138,-122,-113,-123,-124,-110,-113,-126,-118,-130,-106,-107,-125,-125,-119,-112,-138,-117,-126,-144,-146,-141,-153,-153,-146,-147,-143,-143,-151,-148,-168,-176,-187,-168,-193,-199,-199,-207,-205,-208,-207,-207,-159,-117,-82,-83,-99,-119,-189,-250,-237,-261,-346,-418,-377,-254,507,987,980,483,-275,-965,-1492,-1666,-1500,-971,-274,-279,-271,-285,-291,
839633114467196381:-279,-278,-286,-285,-284,-280,-207,-155,-115,-73,-7,15,51,64,82,81,92,70,77,49,20,-18,-70,-124,-176,-226,-213,-207,-212,-194,-185,-208,-205,-176,-170,-183,-176,-162,-175,-171,-173,-147,-151,-165,-154,-143,-128,-146,-131,-142,-132,-122,-142,-119,-117,-112,-128,-110,-120,-133,-131,-118,-117,-121,-122,-133,-136,-125,-128,-125,-129,-113,-116,
839633115028734842:-139,-133,-152,-151,-147,-155,-145,-144,-143,-173,-170,-161,-158,-121,-57,-38,-33,-58,-74,-134,-184,-201,-217,-329,-364,-327,-226,525,1006,1017,519,-247,-941,-1457,-1636,-1461,-967,-269,-271,-274,-277,-262,-270,-263,-265,-276,-290,-276,-221,-161,-131,-80,-42,0,39,48,65,87,72,61,49,8,-24,-74,-93,-155,-213,-251,-252,-260,-244,-254,-240,
839633115590273303:-222,-236,-234,-230,-223,-222,-212,-202,-212,-212,-193,-209,-206,-188,-187,-177,-166,-161,-158,-161,-170,-158,-153,-144,-150,-137,-149,-140,-147,-119,-128,-132,-127,-139,-131,-121,-121,-121,-134,-131,-105,-130,-115,-126,-120,-124,-136,-127,-119,-113,-122,-122,-143,-140,-148,-81,-45,-11,4,-20,-30,-88,-149,-157,-151,-287,-316,-284,-167,579,1062,1054,566,
839633116151811764:-212,-912,-1421,-1609,-1443,-932,-214,-242,-218,-246,-251,-257,-253,-257,-266,-244,-271,-195,-152,-109,-73,-31,24,35,48,54,79,69,41,31,16,-33,-59,-135,-185,-217,-280,-283,-279,-274,-282,-263,-264,-252,-259,-258,-267,-251,-244,-249,-234,-237,-233,-227,-230,-216,-236,-231,-233,-200,-198,-209,-200,-191,-209,-187,-192,-174,-176,-175,-179,-161,-172,
839633116713350225:-153,-149,-144,-163,-150,-156,-142,-126,-142,-136,-144,-139,-130,-136,-124,-110,-113,-128,-119,-135,-105,-121,-112,-121,-77,-8,12,30,10,-12,-84,-135,-125,-145,-242,-302,-260,-155,609,1088,1083,617,-171,-857,-1390,-1574,-1389,-879,-184,-185,-180,-197,-206,-205,-193,-201,-224,-207,-231,-156,-129,-78,-31,1,44,68,75,98,92,80,77,36,3,
839633117274888686:-11,-50,-113,-152,-228,-291,-265,-284,-292,-287,-285,-293,-275,-279,-291,-287,-262,-279,-262,-262,-278,-271,-260,-273,-251,-248,-242,-250,-267,-254,-238,-243,-238,-232,-219,-236,-216,-208,-201,-210,-202,-192,-206,-190,-207,-193,-176,-195,-188,-173,-164,-156,-160,-165,-148,-137,-159,-144,-132,-135,-140,-135,-118,-129,-141,-126,-79,-12,28,38,14,-4,-64,
839633117836427147:-115,-112,-128,-225,-261,-242,-120,644,1113,1125,629,-126,-844,-1344,-1546,-1362,-832,-143,-143,-147,-160,-145,-166,-160,-159,-181,-186,-173,-129,-75,-31,-3,53,68,116,109,128,136,114,102,76,35,10,-43,-73,-128,-211,-268,-252,-247,-275,-259,-270,-273,-273,-265,-277,-271,-273,-276,-273,-282,-283,-272,-290,-285,-264,-269,-287,-291,-262,-274,-282,
839633118397965608:-276,-282,-280,-263,-248,-245,-261,-264,-263,-239,-241,-236,-229,-219,-217,-211,-231,-233,-229,-198,-195,-194,-200,-191,-193,-190,-177,-170,-163,-169,-158,-150,-169,-166,-160,-91,-50,-19,14,2,-27,-91,-137,-131,-126,-231,-270,-238,-121,645,1106,1130,651,-131,-810,-1332,-1507,-1319,-813,-134,-123,-111,-142,-136,-133,-125,-145,-123,-146,-129,-103,-29,13,
839633118959504069:37,103,110,146,165,172,171,178,158,120,78,53,14,-60,-100,-153,-224,-212,-227,-231,-236,-241,-239,-239,-234,-250,-246,-268,-259,-251,-276,-265,-260,-265,-256,-260,-260,-262,-266,-290,-291,-268,-266,-265,-276,-280,-288,-271,-265,-282,-262,-287,-286,-266,-282,-257,-250,-258,-257,-255,-260,-254,-232,-235,-253,-231,-244,-242,-217,-207,-217,-215,-217,
839633119521042530:-214,-202,-188,-183,-127,-75,-38,-26,-45,-78,-103,-165,-151,-154,-266,-312,-254,-146,620,1111,1115,639,-120,-840,-1343,-1541,-1341,-809,-126,-110,-120,-106,-116,-116,-122,-108,-108,-107,-136,-71,-21,28,86,122,162,177,191,220,199,213,192,150,144,82,56,3,-65,-104,-187,-165,-172,-176,-193,-191,-192,-197,-194,-205,-219,-205,-232,-230,-242,
839633120082580991:-238,-231,-248,-239,-238,-259,-238,-258,-249,-246,-274,-257,-257,-256,-267,-268,-260,-280,-288,-290,-281,-277,-270,-285,-277,-268,-266,-288,-263,-275,-265,-280,-282,-283,-270,-256,-254,-246,-250,-241,-253,-234,-251,-234,-232,-226,-185,-133,-90,-75,-84,-103,-148,-196,-195,-197,-287,-331,-289,-185,586,1054,1065,600,-169,-848,-1352,-1564,-1348,-837,-128,-134,-134,
839633120644119452:-127,-137,-122,-131,-139,-130,-109,-137,-56,-14,48,84,134,166,200,207,227,238,238,204,174,170,109,87,39,-32,-70,-144,-146,-157,-163,-137,-161,-143,-174,-174,-155,-178,-177,-181,-183,-194,-179,-192,-207,-192,-215,-197,-211,-232,-224,-231,-217,-223,-237,-242,-256,-263,-259,-264,-252,-254,-259,-266,-278,-283,-266,-259,-266,-279,-269,-263,-286,
839633121205657913:-279,-286,-285,-276,-279,-266,-281,-272,-284,-284,-265,-286,-267,-278,-262,-210,-150,-107,-97,-129,-158,-183,-249,-254,-245,-332,-366,-340,-223,554,1022,1027,551,-201,-895,-1417,-1590,-1392,-883,-173,-183,-182,-171,-153,-166,-154,-157,-144,-137,-140,-95,-24,32,68,109,154,179,219,219,216,230,201,190,165,135,72,40,-16,-54,-109,-137,-132,-112,
839633121767196374:-111,-114,-114,-120,-147,-120,-131,-150,-139,-145,-151,-163,-162,-151,-152,-162,-170,-165,-174,-176,-184,-184,-181,-210,-190,-200,-195,-211,-210,-223,-219,-238,-247,-244,-235,-241,-241,-255,-245,-250,-259,-272,-274,-266,-268,-270,-266,-273,-282,-262,-286,-274,-264,-270,-269,-277,-291,-216,-172,-145,-126,-138,-155,-216,-271,-255,-254,-367,-407,-367,-244,505,978,
839633122328734835:986,512,-232,-946,-1435,-1634,-1436,-930,-235,-227,-215,-211,-210,-189,-188,-199,-200,-177,-171,-122,-68,-14,51,80,130,164,192,183,199,204,180,178,150,113,76,29,-19,-81,-117,-119,-110,-117,-113,-108,-128,-133,-109,-135,-135,-136,-136,-123,-125,-123,-141,-130,-123,-142,-125,-141,-136,-136,-136,-153,-155,-157,-165,-161,-180,-185,-182,-168,-197,
839633122890273296:-194,-204,-206,-212,-206,-202,-219,-205,-218,-217,-238,-235,-221,-229,-231,-237,-235,-243,-239,-267,-244,-272,-257,-270,-273,-283,-205,-173,-121,-123,-129,-164,-214,-285,-287,-278,-381,-432,-398,-274,478,968,972,506,-259,-969,-1486,-1655,-1463,-947,-254,-252,-246,-260,-241,-249,-232,-230,-217,-237,-213,-151,-120,-52,-2,37,69,117,127,166,169,169,158,
839633123451811757:141,128,78,54,-9,-49,-89,-149,-156,-146,-149,-139,-127,-147,-134,-127,-137,-135,-110,-119,-124,-113,-111,-119,-134,-133,-132,-115,-111,-131,-110,-110,-135,-112,-120,-116,-147,-141,-139,-138,-154,-155,-150,-157,-169,-162,-173,-157,-159,-176,-188,-167,-193,-183,-190,-188,-211,-213,-214,-201,-221,-206,-208,-216,-241,-237,-252,-247,-178,-131,-118,-90,-125,
839633124013350218:-162,-194,-267,-271,-283,-383,-425,-373,-288,493,967,944,497,-288,-992,-1483,-1689,-1494,-979,-272,-274,-270,-281,-287,-283,-260,-262,-254,-260,-263,-208,-148,-107,-31,16,40,61,104,105,131,136,99,90,78,43,-9,-31,-92,-124,-182,-182,-183,-165,-165,-160,-170,-175,-158,-159,-143,-150,-132,-140,-133,-145,-135,-123,-142,-138,-124,-120,-133,-123,
839633124574888679:-113,-124,-112,-132,-126,-114,-110,-107,-136,-115,-125,-123,-125,-139,-144,-117,-139,-129,-137,-152,-142,-142,-140,-167,-146,-168,-161,-169,-157,-186,-181,-196,-194,-194,-182,-185,-214,-132,-116,-72,-68,-93,-102,-184,-243,-233,-252,-338,-398,-359,-247,502,993,961,496,-279,-970,-1495,-1675,-1479,-982,-288,-264,-291,-284,-285,-281,-276,-285,-278,-281,-286,-220,
839633125136427140:-172,-112,-70,-30,27,56,73,79,78,80,72,46,37,12,-23,-93,-125,-168,-242,-231,-215,-224,-206,-204,-219,-213,-206,-179,-190,-183,-191,-170,-161,-168,-162,-163,-165,-163,-142,-140,-142,-138,-129,-144,-131,-135,-126,-136,-123,-117,-126,-112,-124,-113,-115,-120,-108,-116,-128,-114,-124,-126,-134,-135,-121,-129,-118,-116,-123,-139,-130,-129,-143,
839633125697965601:-143,-162,-154,-153,-171,-149,-105,-75,-37,-36,-40,-63,-114,-191,-205,-187,-306,-343,-305,-208,560,1018,1015,550,-240,-937,-1452,-1648,-1445,-941,-248,-257,-267,-269,-261,-271,-269,-269,-269,-289,-280,-214,-164,-127,-85,-40,19,39,53,53,81,53,60,26,-5,-29,-70,-106,-150,-201,-264,-266,-272,-247,-248,-264,-243,-256,-241,-227,-229,-219,-219,
839633126259504062:-226,-213,-220,-199,-204,-203,-191,-194,-198,-194,-193,-173,-188,-183,-161,-176,-168,-160,-157,-160,-151,-143,-143,-152,-142,-146,-139,-140,-120,-140,-138,-122,-120,-124,-130,-135,-123,-120,-127,-114,-136,-127,-111,-111,-112,-141,-143,-128,-81,-38,-5,18,5,-38,-83,-146,-160,-145,-257,-312,-269,-185,583,1059,1059,576,-189,-900,-1404,-1591,-1405,-910,-204,
839633126821042523:-224,-235,-236,-241,-235,-250,-236,-234,-235,-250,-207,-144,-99,-56,-29,28,45,64,62,64,57,59,34,14,-33,-86,-133,-185,-216,-276,-282,-287,-271,-289,-260,-258,-286,-265,-273,-249,-267,-255,-256,-257,-258,-242,-234,-254,-249,-227,-243,-225,-226,-211,-213,-198,-198,-200,-212,-196,-204,-184,-183,-191,-164,-172,-179,-150,-152,-150,-150,-154,-147,
839633127382580984:-144,-141,-125,-121,-126,-147,-135,-124,-133,-116,-117,-132,-127,-112,-132,-108,-114,-58,-28,26,43,12,-16,-64,-111,-119,-117,-228,-268,-246,-142,621,1088,1105,601,-137,-861,-1368,-1563,-1364,-856,-179,-169,-179,-174,-182,-201,-192,-211,-217,-204,-210,-157,-119,-76,-8,18,33,66,98,91,112,104,73,61,19,-25,-58,-96,-148,-216,-261,-283,
839633127944119445:-274,-280,-284,-267,-264,-291,-270,-290,-292,-291,-267,-277,-283,-264,-280,-269,-281,-258,-279,-260,-258,-259,-243,-268,-259,-232,-258,-225,-251,-236,-224,-222,-233,-218,-214,-197,-218,-210,-203,-209,-176,-200,-179,-181,-186,-180,-165,-168,-151,-159,-158,-147,-139,-136,-127,-150,-129,-126,-140,-73,-34,17,28,2,-2,-63,-116,-128,-109,-240,-262,-233,-121,
839633128505657906:649,1114,1126,641,-119,-836,-1334,-1522,-1348,-846,-145,-147,-146,-134,-153,-159,-153,-147,-171,-162,-160,-119,-82,-29,17,45,74,115,129,127,142,133,117,100,55,24,-37,-63,-140,-185,-234,-242,-260,-266,-266,-248,-249,-271,-266,-257,-267,-273,-268,-269,-292,-276,-286,-264,-268,-290,-284,-279,-277,-285,-265,-262,-259,-275,-268,-256,-281,-251,-277,
839633129067196367:-251,-243,-248,-248,-255,-253,-240,-226,-246,-223,-230,-225,-214,-206,-203,-196,-217,-200,-210,-206,-190,-197,-173,-171,-162,-156,-157,-157,-98,-38,-16,12,3,-34,-88,-139,-134,-145,-238,-267,-237,-117,648,1123,1101,656,-106,-813,-1333,-1509,-1334,-824,-125,-121,-135,-126,-130,-126,-136,-117,-144,-134,-125,-86,-23,8,68,109,118,157,185,170,182,
839633129628734828:171,160,141,111,47,16,-24,-102,-138,-204,-210,-212,-204,-216,-218,-232,-236,-231,-232,-251,-245,-266,-254,-250,-270,-248,-266,-282,-272,-277,-271,-259,-272,-289,-287,-270,-271,-267,-279,-268,-278,-269,-283,-276,-264,-265,-270,-286,-270,-268,-255,-265,-252,-257,-259,-269,-259,-248,-246,-251,-240,-235,-244,-230,-236,-212,-209,-222,-196,-189,-134,-88,-45,
839633130190273289:-43,-44,-85,-118,-169,-158,-171,-254,-294,-255,-158,626,1080,1091,615,-151,-827,-1338,-1545,-1337,-819,-140,-110,-129,-111,-110,-108,-115,-128,-124,-105,-127,-55,-7,50,79,132,151,179,209,214,221,198,188,156,145,107,48,15,-65,-96,-172,-177,-178,-175,-184,-170,-177,-192,-183,-201,-214,-212,-199,-224,-219,-216,-214,-246,-235,-230,-248,-244,
839633130751811750:-258,-243,-263,-252,-249,-273,-260,-267,-276,-284,-273,-272,-281,-273,-278,-267,-287,-288,-273,-275,-284,-282,-280,-262,-290,-290,-262,-259,-276,-281,-251,-249,-266,-250,-258,-248,-260,-248,-254,-184,-141,-89,-91,-79,-101,-169,-223,-222,-204,-297,-349,-311,-204,564,1049,1071,586,-185,-871,-1373,-1548,-1356,-844,-157,-139,-146,-150,-134,-137,-141,-129,-123,-134,
839633131313350211:-120,-64,-8,27,71,119,150,202,202,230,219,238,202,199,151,116,75,27,-23,-73,-148,-124,-142,-142,-142,-139,-149,-163,-169,-155,-174,-181,-159,-190,-193,-197,-177,-197,-180,-186,-200,-220,-216,-205,-233,-232,-235,-243,-239,-237,-251,-238,-258,-240,-239,-256,-244,-272,-250,-265,-265,-271,-260,-266,-260,-263,-281,-285,-291,-264,-289,-268,-279,
839633131874888672:-283,-288,-276,-290,-273,-279,-282,-275,-215,-170,-122,-122,-124,-151,-182,-245,-249,-253,-350,-384,-356,-243,523,1015,1031,558,-202,-919,-1405,-1605,-1399,-877,-183,-176,-168,-184,-182,-161,-172,-162,-159,-150,-166,-88,-40,17,65,121,138,180,193,229,226,224,202,181,163,137,86,30,-9,-80,-130,-132,-127,-124,-110,-130,-134,-131,-113,-125,-122,
839633132436427133:-131,-129,-137,-152,-147,-149,-159,-165,-151,-166,-174,-154,-170,-168,-168,-185,-198,-179,-200,-192,-202,-200,-218,-209,-215,-238,-238,-225,-225,-240,-228,-249,-240,-262,-269,-249,-259,-264,-267,-279,-283,-277,-274,-283,-267,-270,-276,-271,-284,-274,-216,-162,-138,-115,-129,-185,-204,-281,-269,-258,-381,-425,-383,-253,505,978,967,511,-253,-933,-1444,-1631,-1457,
839633132997965594:-934,-217,-231,-210,-210,-221,-209,-217,-194,-186,-210,-195,-127,-87,-31,33,66,103,138,164,178,207,185,184,159,140,96,81,13,-37,-64,-118,-114,-137,-137,-124,-123,-128,-118,-123,-130,-122,-119,-117,-121,-118,-133,-123,-131,-120,-140,-123,-128,-122,-123,-129,-145,-149,-151,-167,-159,-147,-160,-166,-175,-183,-180,-178,-196,-185,-202,-203,-213,
839633133559504055:-220,-224,-209,-217,-224,-237,-223,-242,-240,-239,-250,-247,-263,-263,-270,-269,-256,-277,-264,-223,-170,-136,-122,-137,-165,-225,-290,-275,-288,-372,-428,-380,-285,482,956,954,494,-268,-971,-1478,-1667,-1469,-966,-260,-259,-258,-245,-241,-240,-255,-240,-233,-245,-240,-169,-113,-63,-19,47,79,94,135,142,166,140,140,136,108,66,41,3,-43,-103,
839633134121042516:-158,-140,-143,-145,-158,-138,-125,-126,-134,-146,-132,-122,-120,-127,-119,-123,-124,-134,-106,-110,-109,-109,-108,-122,-119,-118,-135,-132,-134,-137,-137,-142,-134,-148,-138,-133,-146,-135,-140,-156,-170,-167,-152,-159,-175,-169,-171,-168,-190,-193,-184,-188,-209,-203,-225,-206,-210,-237,-227,-242,-220,-185,-142,-92,-100,-122,-132,-203,-245,-261,-270,-381,-419,
839633134682580977:-375,-268,476,952,959,488,-290,-965,-1478,-1680,-1482,-986,-280,-265,-269,-289,-282,-262,-279,-258,-273,-271,-260,-202,-147,-108,-48,-18,50,51,98,104,103,108,90,81,73,39,-5,-41,-106,-136,-194,-207,-199,-194,-190,-164,-173,-172,-153,-157,-157,-169,-161,-139,-148,-139,-134,-139,-121,-136,-127,-137,-123,-131,-135,-109,-119,-123,-134,-110,-115,
839633135244119438:-112,-117,-107,-129,-113,-131,-132,-120,-115,-128,-136,-126,-147,-124,-135,-127,-153,-142,-140,-168,-149,-158,-168,-158,-174,-190,-171,-193,-182,-202,-152,-85,-60,-61,-85,-100,-156,-212,-242,-246,-336,-393,-350,-248,505,985,979,513,-263,-959,-1480,-1680,-1490,-956,-274,-287,-288,-267,-286,-279,-290,-264,-283,-274,-264,-215,-161,-129,-59,-28,6,31,65,
839633135805657899:89,87,79,83,62,21,-5,-33,-92,-141,-181,-250,-242,-237,-222,-219,-225,-207,-217,-194,-188,-203,-187,-182,-173,-187,-177,-189,-177,-179,-178,-164,-157,-159,-151,-156,-129,-132,-136,-151,-133,-142,-115,-119,-118,-121,-137,-116,-123,-132,-111,-126,-130,-116,-126,-121,-118,-114,-117,-138,-116,-114,-124,-135,-119,-133,-137,-126,-158,-133,-161,-150,-84,
839633136367196360:-62,-15,-25,-21,-77,-116,-174,-174,-192,-308,-346,-317,-211,546,1008,1030,545,-235,-914,-1445,-1633,-1463,-948,-256,-234,-251,-269,-271,-247,-277,-268,-283,-264,-282,-226,-167,-121,-63,-34,-9,24,40,69,80,52,46,22,-5,-43,-73,-101,-155,-221,-275,-271,-252,-274,-251,-244,-241,-256,-236,-228,-245,-222,-240,-227,-212,-232,-212,-221,-213,-214,
839633136928734821:-194,-193,-196,-195,-192,-188,-172,-184,-170,-159,-166,-151,-155,-162,-151,-155,-143,-153,-126,-140,-141,-142,-126,-119,-134,-124,-131,-121,-116,-131,-118,-118,-105,-106,-107,-123,-106,-121,-124,-132,-136,-62,-8,21,4,12,-38,-80,-158,-134,-144,-268,-313,-265,-154,588,1053,1053,590,-180,-884,-1400,-1593,-1420,-913,-209,-202,-200,-204,-221,-224,-240,-248,
839633137490273282:-222,-250,-250,-180,-127,-86,-39,-26,20,54,67,69,69,71,46,48,-1,-24,-62,-115,-161,-216,-277,-283,-268,-263,-266,-262,-288,-269,-278,-276,-282,-273,-269,-269,-256,-264,-239,-242,-239,-233,-231,-231,-232,-243,-232,-223,-210,-223,-199,-207,-193,-189,-206,-191,-178,-185,-177,-163,-172,-161,-153,-167,-153,-150,-157,-160,-149,-141,-147,-145,-150,
839633138051811743:-129,-126,-141,-120,-127,-119,-118,-137,-117,-128,-56,-17,26,41,8,-17,-48,-137,-131,-121,-237,-275,-250,-144,644,1100,1102,635,-142,-858,-1360,-1568,-1370,-850,-173,-155,-164,-179,-166,-186,-177,-182,-209,-197,-218,-151,-110,-68,-14,35,56,90,103,112,123,107,84,50,15,-23,-59,-116,-171,-213,-281,-281,-273,-277,-283,-289,-289,-291,-277,
839633138613350204:-286,-289,-284,-278,-285,-288,-265,-275,-280,-266,-258,-273,-274,-259,-258,-272,-267,-262,-238,-238,-255,-234,-230,-241,-230,-244,-216,-213,-209,-212,-201,-195,-196,-186,-210,-185,-178,-172,-184,-163,-172,-183,-151,-158,-154,-165,-142,-136,-137,-146,-134,-122,-69,-12,0,35,27,-4,-51,-125,-109,-113,-231,-284,-220,-129,655,1105,1130,651,-113,-814,-1345,
839633139174888665:-1524,-1347,-840,-129,-147,-130,-143,-156,-133,-164,-155,-158,-170,-168,-102,-65,-24,38,69,100,129,138,157,144,134,123,110,66,23,-3,-79,-110,-180,-227,-246,-252,-264,-240,-256,-266,-266,-276,-253,-280,-268,-280,-276,-262,-275,-278,-275,-283,-284,-278,-279,-276,-278,-270,-279,-275,-282,-261,-280,-274,-283,-263,-273,-253,-253,-268,-266,-261,-245,
839633139736427126:-257,-236,-237,-250,-229,-242,-234,-219,-216,-218,-204,-203,-198,-187,-200,-200,-200,-183,-167,-171,-176,-121,-52,-32,-9,-8,-44,-95,-146,-141,-143,-255,-296,-231,-114,626,1121,1114,650,-113,-831,-1338,-1520,-1328,-830,-120,-114,-121,-120,-116,-115,-122,-133,-130,-132,-131,-67,-31,28,53,118,151,154,192,178,194,183,172,133,109,76,24,-15,
839633140297965587:-69,-130,-185,-212,-204,-212,-204,-215,-222,-223,-233,-237,-240,-233,-231,-254,-256,-268,-242,-272,-250,-263,-251,-272,-276,-285,-285,-269,-285,-286,-270,-284,-289,-272,-293,-290,-293,-275,-269,-291,-278,-279,-284,-268,-273,-257,-254,-269,-267,-272,-239,-245,-248,-245,-252,-252,-242,-226,-218,-236,-210,-214,-201,-165,-88,-70,-61,-65,-79,-141,-188,-162,-165,
839633140859504048:-265,-303,-260,-173,623,1081,1085,607,-138,-841,-1343,-1525,-1347,-820,-117,-127,-122,-115,-116,-129,-114,-132,-115,-118,-107,-67,-9,30,94,118,164,184,196,214,226,206,212,164,144,105,66,7,-56,-104,-154,-173,-160,-171,-164,-187,-194,-177,-183,-201,-203,-186,-193,-193,-216,-231,-233,-213,-242,-221,-237,-252,-251,-242,-261,-245,-252,-258,-267,
839633141421042509:-259,-280,-264,-270,-267,-278,-275,-268,-283,-290,-278,-266,-288,-274,-287,-294,-285,-291,-290,-261,-270,-283,-283,-284,-270,-275,-263,-263,-244,-263,-251,-235,-197,-123,-94,-83,-99,-133,-174,-216,-207,-224,-328,-354,-299,-204,556,1044,1047,576,-185,-872,-1380,-1583,-1371,-875,-157,-143,-150,-159,-155,-144,-136,-124,-147,-132,-142,-80,-21,22,90,135,166,
839633141982580970:181,208,210,240,216,216,187,162,131,95,48,-7,-76,-115,-131,-130,-147,-146,-145,-135,-132,-153,-158,-149,-164,-163,-169,-173,-158,-169,-168,-178,-197,-194,-210,-194,-206,-202,-209,-215,-231,-222,-231,-239,-222,-231,-244,-244,-263,-244,-270,-261,-273,-269,-265,-272,-268,-259,-286,-266,-278,-278,-268,-290,-275,-265,-268,-292,-273,-267,-271,-275,-286,
839633142544119431:-286,-224,-169,-118,-120,-135,-165,-212,-256,-241,-242,-353,-400,-342,-250,513,1006,1022,537,-215,-924,-1429,-1610,-1424,-903,-191,-194,-181,-175,-197,-183,-169,-167,-169,-163,-173,-116,-58,-5,64,99,134,160,192,219,234,223,211,191,145,130,91,50,-22,-78,-108,-127,-117,-112,-125,-117,-135,-123,-121,-133,-143,-143,-132,-132,-133,-131,-138,-131,
839633143105657892:-146,-141,-151,-157,-165,-173,-160,-183,-177,-176,-177,-188,-197,-182,-204,-194,-193,-210,-210,-220,-207,-221,-218,-246,-229,-239,-250,-258,-264,-244,-268,-271,-269,-253,-281,-275,-257,-285,-270,-278,-285,-271,-281,-230,-186,-138,-144,-144,-168,-232,-276,-266,-268,-393,-426,-376,-254,491,959,966,499,-251,-967,-1451,-1634,-1451,-928,-240,-238,-228,-240,-233,-217,
839633143667196353:-217,-206,-199,-198,-195,-136,-68,-40,24,81,114,133,159,185,173,194,179,162,126,98,77,29,-14,-67,-118,-131,-137,-129,-123,-139,-126,-107,-123,-135,-124,-108,-132,-123,-126,-110,-119,-107,-120,-129,-123,-141,-136,-141,-124,-123,-142,-154,-153,-135,-150,-142,-161,-171,-160,-157,-187,-172,-167,-182,-197,-184,-200,-188,-218,-201,-208,-213,-226,
839633144228734814:-221,-239,-237,-247,-223,-237,-233,-245,-265,-257,-244,-248,-190,-147,-131,-130,-134,-151,-205,-263,-278,-277,-397,-438,-379,-273,487,943,956,480,-285,-982,-1484,-1663,-1483,-975,-255,-263,-273,-261,-248,-243,-264,-252,-243,-244,-256,-171,-119,-74,-11,11,71,110,135,153,139,134,148,122,103,79,21,-11,-60,-106,-157,-156,-157,-153,-160,-139,-142,
839633144790273275:-152,-154,-148,-147,-126,-137,-136,-115,-123,-127,-111,-126,-116,-132,-135,-107,-111,-128,-111,-114,-114,-119,-139,-138,-112,-119,-138,-142,-140,-147,-134,-153,-159,-142,-149,-142,-160,-172,-169,-163,-183,-175,-192,-173,-185,-191,-194,-214,-190,-215,-218,-213,-229,-237,-172,-113,-82,-102,-90,-128,-184,-258,-255,-266,-373,-413,-366,-282,489,951,956,498,-266,
839633145351811736:-978,-1475,-1684,-1495,-987,-282,-267,-288,-281,-267,-287,-281,-267,-277,-259,-273,-211,-159,-91,-60,-16,17,60,90,87,101,99,89,73,44,10,-3,-66,-96,-151,-214,-199,-203,-190,-183,-197,-177,-184,-175,-159,-167,-152,-174,-158,-155,-162,-159,-145,-140,-144,-130,-124,-119,-120,-132,-124,-134,-134,-137,-132,-125,-128,-125,-110,-127,-107,-123,-107,
839633145913350197:-135,-131,-126,-139,-131,-120,-141,-129,-140,-148,-144,-147,-158,-139,-151,-170,-170,-158,-164,-183,-183,-189,-195,-123,-80,-65,-37,-67,-84,-157,-225,-221,-212,-326,-395,-348,-228,516,990,986,523,-264,-954,-1463,-1667,-1462,-972,-264,-280,-257,-276,-261,-267,-283,-291,-282,-286,-277,-221,-159,-119,-66,-41,19,28,46,78,66,79,72,60,32,-20,
839633146474888658:-49,-91,-150,-190,-254,-249,-233,-229,-233,-236,-228,-231,-209,-198,-221,-200,-215,-195,-201,-193,-177,-171,-189,-159,-182,-176,-152,-143,-164,-140,-160,-141,-142,-135,-134,-122,-131,-133,-131,-130,-110,-134,-127,-115,-135,-129,-108,-123,-129,-108,-128,-129,-133,-133,-109,-128,-132,-136,-116,-135,-130,-128,-143,-153,-130,-92,-53,-16,-19,-36,-64,-101,-168,
839633147036427119:-184,-169,-304,-347,-301,-184,567,1045,1039,563,-202,-932,-1431,-1625,-1447,-921,-231,-231,-240,-240,-256,-244,-259,-247,-270,-269,-268,-203,-175,-107,-73,-38,10,48,64,57,74,64,50,25,6,-40,-80,-132,-172,-205,-271,-281,-264,-270,-265,-253,-246,-271,-243,-262,-240,-250,-255,-229,-232,-235,-240,-229,-213,-207,-217,-215,-190,-213,-192,-193,-199,
839633147597965580:-194,-190,-189,-176,-156,-161,-171,-172,-168,-159,-133,-145,-148,-153,-135,-122,-123,-133,-130,-129,-140,-115,-136,-119,-130,-111,-130,-133,-122,-133,-131,-113,-137,-117,-79,-22,15,13,14,-26,-84,-132,-151,-142,-262,-284,-248,-147,616,1075,1078,583,-189,-881,-1403,-1594,-1409,-892,-194,-213,-196,-222,-201,-212,-212,-220,-232,-219,-221,-175,-144,-87,-39,
839633148159504041:-5,25,46,61,70,97,62,73,47,-3,-27,-62,-114,-171,-236,-281,-276,-272,-281,-284,-292,-292,-282,-283,-285,-280,-284,-278,-268,-257,-261,-276,-259,-249,-263,-263,-255,-229,-240,-242,-230,-217,-227,-224,-206,-204,-199,-210,-202,-208,-199,-175,-191,-179,-165,-185,-172,-161,-168,-158,-167,-148,-156,-156,-154,-151,-140,-133,-131,-140,-125,-119,-133,
839633148721042502:-111,-126,-123,-53,-19,30,40,27,-27,-66,-111,-127,-124,-218,-287,-234,-139,637,1098,1108,626,-140,-853,-1344,-1549,-1359,-843,-152,-154,-173,-173,-183,-174,-168,-173,-183,-176,-197,-154,-87,-51,-19,48,60,96,117,124,114,95,99,69,43,2,-40,-83,-148,-210,-265,-279,-262,-280,-262,-259,-272,-283,-283,-275,-265,-293,-268,-277,-276,-285,
839633149282580963:-268,-270,-264,-280,-272,-275,-275,-275,-282,-274,-276,-255,-245,-247,-252,-253,-250,-235,-247,-250,-244,-234,-235,-213,-208,-222,-217,-201,-212,-201,-188,-198,-193,-176,-167,-175,-169,-167,-175,-162,-143,-137,-157,-138,-157,-96,-29,-2,27,2,-20,-83,-120,-120,-128,-232,-262,-223,-107,651,1130,1109,659,-133,-814,-1349,-1536,-1339,-821,-125,-125,-124,-138,
839633149844119424:-140,-129,-133,-130,-162,-147,-147,-90,-58,8,51,62,108,140,147,142,144,136,146,100,61,35,-19,-74,-113,-185,-242,-222,-245,-243,-238,-251,-263,-255,-265,-260,-251,-255,-268,-278,-261,-268,-284,-264,-277,-269,-268,-280,-265,-278,-291,-291,-287,-263,-286,-277,-268,-267,-264,-272,-266,-271,-259,-248,-268,-270,-248,-265,-236,-256,-236,-250,-244,
839633150405657885:-225,-231,-227,-213,-204,-197,-216,-212,-203,-198,-205,-198,-176,-173,-108,-72,-27,-1,-9,-47,-93,-161,-147,-156,-240,-287,-256,-148,646,1120,1113,653,-112,-830,-1328,-1513,-1344,-822,-112,-129,-119,-111,-135,-111,-111,-108,-132,-114,-118,-68,-35,35,57,110,150,177,183,194,192,182,170,144,105,72,23,-27,-73,-142,-193,-203,-192,-210,-213,
839633150967196346:-223,-219,-208,-220,-218,-237,-228,-232,-239,-230,-240,-258,-237,-254,-247,-248,-273,-257,-259,-267,-256,-258,-279,-273,-265,-292,-269,-279,-271,-277,-267,-294,-281,-291,-291,-277,-290,-260,-281,-260,-253,-255,-271,-259,-246,-242,-257,-263,-256,-248,-245,-250,-236,-242,-227,-216,-146,-119,-77,-41,-48,-95,-136,-191,-196,-170,-298,-337,-264,-159,590,1063,1070,
839633151528734807:615,-160,-859,-1360,-1536,-1362,-826,-127,-135,-126,-138,-112,-110,-136,-113,-112,-125,-125,-74,-7,29,73,139,168,201,219,228,216,219,206,188,152,103,71,15,-39,-81,-136,-156,-166,-171,-167,-171,-183,-161,-190,-190,-182,-191,-203,-192,-189,-201,-209,-212,-233,-211,-233,-241,-237,-247,-228,-259,-244,-242,-239,-262,-259,-260,-278,-254,-254,-266,
839633152090273268:-277,-286,-276,-290,-279,-276,-281,-271,-273,-286,-275,-281,-277,-271,-281,-291,-264,-278,-261,-258,-273,-264,-256,-261,-261,-208,-139,-108,-88,-95,-145,-185,-221,-226,-239,-323,-379,-327,-221,575,1025,1041,587,-199,-892,-1398,-1580,-1397,-859,-180,-175,-167,-141,-148,-137,-153,-151,-145,-150,-133,-73,-14,29,82,113,158,197,215,218,234,232,227,188,
839633152651811729:159,113,77,33,-11,-65,-113,-132,-117,-138,-134,-140,-127,-146,-149,-134,-139,-143,-161,-173,-152,-180,-166,-169,-169,-185,-197,-202,-183,-194,-208,-194,-220,-223,-205,-231,-234,-227,-244,-247,-233,-236,-232,-235,-264,-253,-258,-261,-275,-279,-264,-270,-285,-258,-278,-264,-262,-274,-292,-277,-291,-269,-264,-271,-281,-285,-280,-212,-168,-150,-117,-138,-163,
839633153213350190:-219,-266,-269,-271,-352,-418,-354,-251,518,989,988,532,-232,-932,-1437,-1609,-1437,-921,-207,-188,-191,-181,-206,-183,-183,-188,-186,-173,-171,-101,-50,8,37,86,128,173,182,215,207,220,198,177,154,123,69,29,-5,-71,-115,-119,-135,-129,-126,-120,-126,-110,-130,-128,-130,-117,-140,-140,-124,-133,-126,-139,-126,-137,-136,-164,-142,-151,-169,
839633153774888651:-159,-179,-171,-166,-186,-190,-176,-203,-189,-196,-189,-205,-201,-201,-232,-212,-217,-237,-227,-230,-232,-254,-254,-262,-262,-248,-243,-250,-269,-256,-279,-259,-276,-269,-270,-289,-221,-170,-151,-132,-125,-186,-235,-288,-269,-278,-391,-414,-383,-277,502,951,963,500,-271,-961,-1467,-1652,-1453,-934,-243,-247,-254,-242,-221,-244,-214,-229,-229,-227,-208,-142,-90,
839633154336427112:-29,12,62,83,117,154,160,188,164,179,163,115,94,67,1,-29,-94,-150,-146,-136,-131,-122,-135,-124,-123,-129,-108,-118,-123,-134,-123,-119,-122,-110,-130,-123,-121,-110,-136,-138,-125,-115,-138,-142,-150,-134,-143,-158,-162,-136,-152,-146,-156,-176,-153,-166,-170,-180,-171,-192,-189,-205,-204,-187,-220,-219,-204,-230,-219,-220,-219,-222,-249,
839633154897965573:-237,-233,-239,-255,-255,-210,-153,-116,-102,-113,-147,-209,-269,-267,-280,-390,-424,-380,-293,479,960,951,480,-290,-966,-1502,-1678,-1474,-965,-268,-265,-279,-279,-255,-262,-274,-270,-247,-263,-235,-186,-127,-87,-29,17,55,90,98,114,147,139,136,108,98,69,13,-38,-79,-113,-159,-163,-171,-170,-171,-161,-156,-133,-133,-147,-154,-126,-126,-119,
839633155459504034:-117,-123,-120,-132,-136,-119,-118,-119,-124,-105,-121,-113,-110,-115,-136,-123,-109,-134,-115,-116,-124,-140,-134,-134,-127,-128,-131,-149,-133,-157,-161,-151,-153,-155,-161,-167,-177,-181,-173,-188,-189,-193,-208,-219,-209,-226,-205,-169,-103,-84,-81,-81,-145,-182,-246,-242,-253,-354,-421,-379,-252,503,969,958,485,-279,-972,-1497,-1668,-1488,-963,-264,-273,
839633156021042495:-268,-274,-274,-288,-282,-285,-283,-263,-259,-231,-151,-116,-47,-2,20,59,64,92,95,106,79,63,43,29,-10,-61,-121,-152,-225,-224,-211,-205,-212,-187,-189,-200,-196,-172,-174,-173,-169,-164,-157,-158,-169,-161,-154,-136,-133,-152,-121,-138,-142,-142,-128,-114,-121,-109,-127,-115,-129,-114,-115,-128,-131,-107,-129,-107,-111,-109,-116,-140,-128,
839633156582580956:-122,-131,-137,-129,-141,-125,-152,-153,-142,-150,-149,-146,-178,-159,-159,-188,-129,-60,-45,-39,-56,-76,-132,-193,-202,-224,-334,-376,-342,-240,546,987,984,513,-240,-946,-1475,-1656,-1474,-947,-255,-270,-254,-276,-274,-259,-271,-283,-288,-266,-271,-223,-158,-126,-74,-22,-2,19,47,76,88,77,64,32,19,-4,-46,-115,-143,-202,-260,-244,-241,
839633157144119417:-248,-245,-235,-243,-220,-210,-214,-215,-218,-211,-211,-206,-208,-185,-181,-178,-196,-184,-189,-182,-165,-176,-144,-162,-153,-159,-155,-143,-126,-145,-144,-125,-133,-119,-124,-139,-117,-128,-118,-134,-117,-111,-133,-122,-114,-114,-111,-109,-110,-119,-132,-133,-119,-136,-136,-144,-127,-148,-85,-25,5,-10,-5,-57,-116,-172,-179,-157,-270,-331,-289,-193,576,
839633157705657878:1047,1047,570,-200,-917,-1423,-1627,-1430,-923,-243,-240,-225,-226,-248,-244,-258,-262,-270,-256,-270,-220,-172,-120,-79,-38,21,38,44,75,85,75,58,42,18,-33,-78,-121,-166,-232,-281,-259,-259,-278,-259,-255,-262,-260,-271,-262,-244,-239,-250,-234,-237,-246,-231,-217,-229,-235,-213,-225,-226,-205,-217,-211,-192,-190,-181,-181,-173,-189,-186,-176,
839633158267196339:-159,-153,-170,-140,-137,-142,-143,-135,-142,-127,-124,-128,-121,-117,-115,-113,-114,-127,-112,-108,-106,-109,-128,-128,-117,-109,-134,-66,-1,12,22,8,-29,-68,-145,-137,-123,-253,-289,-259,-154,622,1088,1080,614,-166,-873,-1385,-1589,-1404,-874,-187,-204,-185,-215,-205,-207,-220,-225,-210,-217,-233,-170,-134,-83,-39,-2,25,56,73,78,92,77,
839633158828734800:82,53,11,-24,-82,-128,-152,-214,-291,-276,-286,-272,-267,-264,-277,-294,-263,-287,-291,-266,-262,-273,-265,-266,-277,-261,-260,-257,-243,-262,-249,-244,-250,-228,-243,-246,-221,-234,-233,-204,-224,-223,-197,-191,-201,-210,-187,-177,-183,-187,-181,-157,-166,-171,-171,-167,-150,-155,-149,-139,-137,-139,-133,-145,-137,-125,-130,-118,-117,-60,-11,7,43,
839633159390273261:3,-4,-67,-108,-134,-125,-216,-282,-219,-117,639,1120,1112,634,-145,-825,-1348,-1533,-1369,-847,-147,-166,-169,-173,-148,-156,-178,-182,-171,-191,-193,-131,-80,-49,5,34,60,93,115,130,122,103,114,73,48,10,-52,-103,-143,-212,-265,-248,-266,-254,-262,-282,-277,-272,-277,-291,-276,-270,-283,-264,-286,-283,-264,-280,-274,-277,-271,-283,-283,
839633159951811722:-277,-278,-278,-254,-268,-263,-247,-248,-244,-238,-255,-260,-242,-244,-221,-222,-235,-236,-234,-213,-204,-196,-194,-216,-212,-179,-204,-174,-183,-182,-179,-171,-165,-154,-171,-147,-138,-149,-91,-22,-14,7,-10,-13,-88,-135,-113,-139,-225,-287,-227,-119,644,1106,1118,656,-133,-812,-1325,-1536,-1335,-825,-139,-129,-132,-120,-131,-135,-129,-150,-132,-148,-133,
839633160513350183:-97,-32,0,57,69,128,149,157,168,177,150,147,107,79,47,-13,-62,-112,-155,-212,-231,-226,-242,-236,-239,-254,-245,-236,-238,-256,-261,-251,-277,-278,-269,-272,-269,-264,-266,-288,-281,-277,-265,-289,-279,-288,-273,-273,-264,-268,-282,-263,-260,-275,-284,-254,-258,-268,-277,-264,-242,-258,-252,-248,-246,-229,-226,-249,-243,-236,-232,-206,-208,
839633161074888644:-210,-206,-193,-209,-208,-198,-199,-120,-87,-33,-7,-33,-48,-110,-146,-141,-149,-244,-288,-261,-146,625,1097,1102,644,-133,-813,-1326,-1527,-1346,-829,-132,-111,-119,-123,-132,-127,-113,-112,-130,-131,-115,-59,-23,18,79,116,148,170,184,191,207,202,177,153,128,92,31,1,-74,-109,-189,-189,-182,-195,-211,-202,-194,-202,-215,-201,-206,-211,
839633161636427105:-217,-246,-225,-236,-246,-254,-247,-265,-247,-257,-255,-262,-276,-275,-281,-284,-262,-264,-284,-289,-284,-270,-280,-292,-292,-290,-268,-294,-276,-271,-283,-281,-266,-258,-272,-256,-251,-256,-276,-266,-241,-257,-241,-259,-254,-228,-235,-248,-245,-176,-130,-68,-79,-71,-96,-154,-197,-191,-179,-304,-336,-281,-166,595,1064,1081,608,-162,-864,-1374,-1555,-1345,-832,
839633162197965566:-153,-124,-136,-125,-143,-132,-112,-122,-125,-107,-132,-53,-2,33,88,131,164,189,201,236,220,222,203,185,142,121,60,26,-23,-77,-149,-145,-156,-142,-155,-152,-150,-178,-174,-177,-169,-188,-173,-204,-199,-199,-188,-211,-223,-213,-228,-229,-238,-238,-241,-223,-234,-243,-258,-238,-251,-263,-273,-267,-258,-279,-274,-261,-264,-263,-273,-277,-268,
839633162759504027:-269,-282,-284,-267,-268,-293,-277,-293,-263,-287,-288,-267,-269,-287,-273,-253,-254,-267,-202,-160,-106,-87,-111,-149,-196,-232,-231,-224,-336,-385,-312,-225,547,1042,1022,568,-199,-890,-1395,-1572,-1396,-872,-172,-176,-157,-174,-165,-157,-146,-144,-132,-144,-127,-96,-30,17,74,119,148,200,200,223,240,231,206,180,156,123,100,37,-10,-72,-114,
839633163321042488:-133,-123,-129,-117,-121,-139,-139,-146,-124,-127,-157,-144,-140,-165,-167,-154,-176,-173,-161,-174,-183,-198,-199,-202,-201,-192,-203,-208,-214,-225,-221,-227,-216,-215,-235,-237,-251,-251,-244,-238,-253,-255,-268,-256,-263,-263,-278,-268,-285,-279,-288,-263,-279,-288,-276,-290,-278,-293,-272,-286,-206,-159,-130,-115,-143,-169,-225,-278,-257,-261,-364,-425,-370,
839633163882580949:-262,523,1002,986,510,-251,-926,-1451,-1626,-1424,-908,-213,-218,-217,-204,-195,-195,-199,-195,-171,-191,-180,-103,-47,6,33,90,122,158,177,214,203,216,192,187,138,118,67,38,-28,-79,-108,-113,-134,-110,-114,-108,-107,-119,-120,-116,-128,-118,-130,-125,-115,-125,-120,-117,-124,-142,-134,-134,-158,-145,-164,-163,-164,-164,-170,-154,-167,-185,
839633164444119410:-170,-194,-174,-184,-187,-207,-192,-204,-204,-210,-225,-226,-216,-217,-227,-236,-251,-254,-257,-258,-262,-261,-265,-260,-280,-278,-277,-278,-282,-218,-171,-138,-122,-154,-162,-206,-267,-280,-285,-390,-431,-387,-274,490,963,970,480,-259,-976,-1488,-1671,-1460,-958,-253,-254,-259,-256,-244,-244,-231,-229,-238,-235,-222,-162,-115,-35,-2,46,79,126,154,147,
839633165005657871:184,155,168,150,122,82,43,7,-47,-95,-132,-154,-146,-127,-128,-120,-120,-129,-125,-132,-119,-108,-107,-132,-128,-116,-121,-124,-131,-113,-136,-109,-136,-127,-121,-142,-137,-143,-145,-133,-139,-128,-138,-139,-157,-162,-143,-146,-153,-160,-174,-189,-180,-190,-185,-177,-179,-198,-213,-208,-224,-217,-208,-228,-238,-240,-222,-225,-246,-238,-261,-202,-143,
839633165567196332:-123,-118,-130,-171,-207,-280,-282,-286,-382,-421,-397,-292,481,969,958,475,-264,-992,-1497,-1679,-1505,-969,-262,-266,-264,-272,-278,-278,-257,-259,-258,-250,-256,-190,-128,-81,-40,16,37,70,114,118,121,113,132,110,73,46,4,-40,-76,-140,-187,-180,-184,-181,-159,-160,-155,-147,-164,-148,-141,-156,-127,-135,-138,-143,-139,-139,-136,-126,-137,
839633166128734793:-114,-123,-128,-114,-129,-121,-132,-128,-118,-114,-127,-133,-131,-115,-122,-119,-125,-118,-148,-142,-129,-142,-150,-148,-151,-155,-157,-146,-172,-160,-160,-172,-181,-183,-190,-177,-194,-205,-195,-198,-146,-114,-79,-67,-87,-132,-187,-237,-238,-245,-342,-401,-358,-253,515,980,978,512,-280,-977,-1477,-1688,-1492,-982,-276,-275,-284,-266,-278,-268,-290,-290,-264,
839633166690273254:-288,-268,-231,-159,-122,-65,-19,9,42,70,92,78,100,67,63,24,-5,-26,-67,-107,-173,-219,-213,-223,-217,-198,-203,-202,-204,-190,-186,-175,-177,-164,-161,-177,-172,-155,-169,-144,-136,-154,-150,-154,-147,-136,-129,-134,-126,-133,-138,-120,-121,-127,-113,-126,-125,-120,-109,-128,-117,-135,-131,-117,-120,-127,-131,-123,-137,-121,-130,-128,-146,
839633167251811715:-139,-128,-151,-157,-156,-160,-160,-166,-161,-109,-76,-47,-32,-51,-85,-121,-194,-202,-193,-319,-359,-322,-216,553,1024,1019,531,-245,-952,-1443,-1639,-1455,-962,-261,-275,-276,-260,-268,-254,-279,-268,-282,-266,-277,-231,-161,-116,-72,-24,7,29,47,77,69,58,45,43,15,-11,-75,-120,-162,-221,-271,-252,-244,-264,-254,-239,-232,-247,-231,-227,
839633167813350176:-217,-208,-204,-211,-195,-205,-215,-202,-193,-203,-174,-182,-191,-188,-158,-163,-170,-166,-142,-166,-146,-147,-130,-143,-137,-130,-120,-124,-137,-121,-139,-134,-127,-113,-108,-120,-114,-128,-117,-106,-118,-120,-113,-108,-112,-139,-123,-127,-116,-134,-135,-62,-41,8,12,2,-55,-96,-148,-148,-175,-263,-309,-268,-180,594,1047,1040,564,-211,-909,-1413,-1614,
839633168374888637:-1438,-932,-222,-238,-235,-232,-234,-244,-257,-247,-244,-249,-244,-210,-143,-109,-48,-27,7,50,74,69,87,64,45,22,17,-46,-59,-134,-155,-237,-272,-267,-283,-266,-279,-278,-263,-262,-267,-268,-270,-263,-244,-241,-250,-249,-238,-249,-247,-221,-219,-225,-213,-228,-225,-195,-192,-207,-186,-208,-189,-174,-167,-183,-173,-181,-170,-168,-156,-153,-165,
839633168936427098:-155,-137,-136,-127,-130,-134,-143,-134,-117,-114,-132,-109,-128,-125,-106,-125,-105,-120,-110,-132,-50,-29,23,38,30,-6,-59,-130,-135,-139,-238,-301,-250,-155,613,1083,1096,611,-157,-869,-1368,-1578,-1394,-872,-177,-183,-199,-202,-204,-191,-193,-214,-222,-221,-216,-173,-102,-74,-15,23,54,72,95,93,112,80,66,62,21,-11,-72,-126,-170,
839633169497965559:-234,-272,-285,-265,-290,-289,-293,-285,-265,-265,-278,-284,-281,-286,-286,-263,-265,-260,-282,-277,-270,-254,-251,-260,-260,-245,-250,-243,-236,-241,-223,-226,-215,-213,-212,-226,-226,-195,-201,-196,-200,-196,-184,-176,-172,-168,-164,-166,-171,-175,-167,-154,-143,-147,-153,-141,-130,-136,-120,-129,-125,-114,-72,-27,11,38,18,-28,-48,-134,-123,-106,-222,
839633170059504020:-269,-217,-124,646,1121,1107,642,-120,-837,-1332,-1529,-1343,-833,-152,-158,-138,-163,-153,-150,-149,-162,-178,-158,-178,-132,-81,-19,4,65,86,104,111,127,141,112,102,94,54,14,-27,-69,-151,-180,-252,-241,-245,-255,-275,-265,-277,-277,-285,-275,-287,-277,-282,-291,-283,-282,-281,-277,-294,-271,-286,-268,-287,-283,-277,-274,-286,-257,-257,-281,
839633170621042481:-265,-262,-270,-244,-245,-248,-245,-230,-249,-227,-242,-230,-233,-219,-212,-213,-222,-208,-212,-201,-198,-189,-175,-189,-175,-187,-164,-163,-167,-169,-143,-95,-37,-20,-7,5,-27,-74,-126,-132,-137,-234,-262,-221,-111,645,1110,1123,651,-128,-821,-1328,-1523,-1339,-816,-121,-138,-128,-136,-118,-124,-116,-145,-138,-152,-138,-91,-24,14,50,83,137,138,
839633171182580942:171,165,161,156,159,138,104,52,17,-27,-105,-143,-200,-222,-209,-211,-240,-235,-248,-252,-249,-232,-256,-260,-263,-245,-248,-256,-252,-253,-255,-266,-278,-273,-265,-277,-279,-293,-269,-270,-279,-287,-283,-287,-265,-292,-272,-274,-286,-280,-274,-259,-257,-274,-265,-273,-253,-249,-257,-261,-246,-253,-246,-219,-233,-229,-216,-208,-210,-197,-205,-211,-194,
839633171744119403:-122,-93,-33,-25,-36,-66,-122,-170,-149,-169,-267,-287,-256,-159,628,1097,1097,642,-148,-817,-1329,-1518,-1329,-834,-111,-107,-129,-109,-128,-114,-132,-133,-135,-118,-114,-76,-20,21,85,131,151,165,204,201,215,195,198,163,136,83,50,-3,-58,-122,-158,-181,-168,-185,-187,-182,-203,-198,-201,-202,-221,-205,-228,-226,-211,-241,-245,-227,-244,
839633172305657864:-249,-247,-249,-262,-257,-246,-261,-265,-261,-280,-262,-264,-259,-271,-289,-292,-281,-289,-274,-293,-275,-278,-271,-277,-291,-285,-276,-276,-273,-265,-283,-266,-269,-266,-262,-263,-242,-241,-239,-250,-233,-231,-175,-133,-89,-58,-89,-116,-161,-218,-194,-187,-314,-356,-295,-190,597,1067,1079,603,-159,-855,-1369,-1540,-1364,-859,-159,-138,-144,-126,-138,-140,-145,
839633172867196325:-143,-138,-123,-123,-66,-27,31,87,135,161,185,213,214,244,225,210,199,164,116,83,23,-18,-82,-132,-135,-146,-147,-145,-156,-170,-153,-173,-176,-154,-179,-174,-186,-197,-191,-200,-206,-185,-214,-214,-205,-218,-227,-215,-217,-222,-242,-226,-250,-243,-259,-244,-269,-261,-256,-255,-275,-278,-282,-271,-275,-286,-284,-286,-282,-271,-288,-275,-288,
839633173428734786:-294,-272,-294,-279,-269,-264,-269,-284,-273,-270,-276,-193,-152,-124,-110,-126,-148,-178,-248,-254,-234,-334,-373,-345,-240,549,1005,1022,547,-221,-888,-1424,-1605,-1393,-881,-194,-186,-166,-180,-165,-152,-174,-151,-140,-142,-153,-81,-21,29,58,111,139,180,191,219,220,208,203,204,164,140,92,31,-25,-59,-135,-133,-111,-134,-115,-117,-117,-117,
839633173990273247:-140,-135,-145,-134,-138,-133,-141,-146,-157,-156,-159,-171,-171,-183,-172,-184,-187,-188,-202,-208,-186,-186,-213,-206,-200,-231,-232,-224,-235,-220,-242,-235,-245,-254,-263,-250,-267,-264,-249,-248,-268,-273,-260,-261,-267,-284,-290,-276,-278,-278,-287,-282,-276,-211,-162,-125,-115,-149,-177,-205,-279,-271,-285,-368,-411,-356,-267,506,995,973,500,-247,-929,
839633174551811708:-1462,-1638,-1440,-936,-222,-231,-209,-227,-199,-199,-199,-189,-196,-199,-197,-129,-81,-28,26,92,124,157,185,208,198,210,186,166,157,126,76,20,-23,-85,-133,-137,-112,-108,-128,-126,-125,-118,-116,-109,-116,-132,-111,-118,-115,-137,-121,-127,-126,-117,-130,-143,-137,-132,-143,-134,-161,-155,-145,-161,-163,-178,-168,-179,-190,-177,-181,-180,-208,
839633175113350169:-195,-213,-193,-212,-201,-206,-221,-211,-230,-222,-244,-251,-255,-238,-244,-260,-262,-271,-265,-278,-277,-279,-216,-177,-137,-125,-127,-158,-231,-281,-282,-274,-377,-439,-380,-281,486,957,949,479,-283,-955,-1488,-1657,-1468,-967,-272,-250,-243,-256,-252,-232,-251,-251,-238,-244,-233,-167,-119,-43,-19,30,77,118,130,146,174,176,150,122,123,88,50,
839633175674888630:4,-39,-94,-152,-147,-136,-130,-151,-142,-127,-143,-144,-120,-125,-114,-128,-127,-114,-111,-128,-109,-127,-114,-117,-109,-126,-126,-110,-122,-123,-130,-143,-128,-133,-131,-133,-135,-144,-131,-146,-151,-159,-156,-164,-166,-174,-169,-174,-176,-177,-194,-198,-201,-186,-193,-214,-203,-229,-222,-212,-218,-223,-224,-230,-183,-153,-111,-103,-128,-144,-209,-258,-263,
839633176236427091:-263,-373,-416,-385,-289,475,966,964,496,-282,-984,-1504,-1692,-1484,-968,-268,-270,-270,-274,-260,-272,-272,-266,-256,-249,-270,-207,-146,-84,-44,0,33,69,95,101,106,110,100,90,79,44,2,-41,-100,-146,-188,-191,-180,-188,-166,-169,-169,-154,-160,-147,-151,-141,-146,-135,-128,-146,-135,-145,-132,-137,-121,-121,-138,-108,-109,-129,-113,-123,
839633176797965552:-127,-109,-126,-134,-130,-107,-136,-129,-139,-120,-135,-125,-146,-122,-126,-140,-142,-134,-154,-142,-154,-155,-148,-150,-176,-171,-159,-181,-196,-173,-200,-184,-196,-144,-100,-85,-62,-89,-103,-168,-226,-241,-246,-341,-388,-357,-253,523,989,993,503,-254,-975,-1475,-1682,-1483,-972,-284,-281,-283,-281,-265,-265,-269,-293,-289,-293,-273,-221,-162,-108,-68,-27,
839633177359504013:9,55,49,68,77,75,71,52,20,-7,-51,-93,-142,-188,-247,-225,-212,-214,-212,-225,-203,-215,-206,-186,-207,-184,-177,-188,-172,-188,-157,-161,-155,-169,-152,-155,-160,-136,-154,-142,-123,-141,-135,-131,-115,-131,-133,-138,-113,-127,-114,-126,-122,-127,-126,-121,-107,-127,-123,-120,-112,-133,-141,-127,-139,-131,-127,-125,-131,-152,-142,-147,-156,
839633177921042474:-145,-168,-112,-51,-41,-19,-41,-63,-123,-174,-196,-198,-314,-346,-301,-196,540,1032,1029,534,-219,-934,-1450,-1638,-1451,-945,-238,-266,-270,-246,-259,-259,-256,-259,-277,-284,-262,-211,-175,-130,-58,-22,19,23,39,56,82,64,49,41,8,-28,-55,-107,-170,-211,-274,-253,-264,-262,-242,-245,-242,-255,-245,-235,-235,-217,-215,-227,-233,-201,-217,
839633178482580935:-220,-199,-201,-181,-201,-178,-173,-175,-189,-178,-171,-161,-160,-148,-155,-157,-150,-145,-142,-142,-123,-136,-119,-125,-122,-131,-118,-138,-114,-116,-119,-126,-114,-126,-108,-110,-132,-132,-123,-114,-133,-125,-140,-119,-67,-18,0,12,13,-22,-92,-135,-165,-153,-254,-300,-279,-164,578,1052,1068,579,-199,-887,-1409,-1590,-1403,-921,-214,-203,-210,-225,-214,
839633179044119396:-237,-250,-238,-243,-244,-239,-188,-144,-93,-60,-20,28,30,57,65,86,82,70,48,-6,-21,-76,-117,-180,-213,-269,-271,-287,-290,-276,-286,-271,-264,-268,-262,-262,-252,-249,-263,-242,-258,-242,-260,-244,-250,-229,-234,-236,-241,-223,-225,-204,-219,-197,-196,-200,-207,-188,-186,-197,-179,-170,-168,-158,-174,-153,-164,-152,-155,-161,-143,-133,-152,
839633179605657857:-129,-149,-146,-141,-125,-130,-123,-135,-110,-124,-110,-119,-114,-76,-17,29,15,23,-17,-76,-132,-123,-130,-249,-289,-242,-131,625,1093,1108,612,-145,-848,-1359,-1565,-1378,-853,-164,-177,-167,-168,-178,-181,-178,-182,-211,-212,-218,-165,-122,-77,-23,30,54,64,92,89,116,111,78,61,35,0,-65,-118,-145,-207,-282,-259,-278,-271,-274,-274,
839633180167196318:-267,-274,-266,-294,-266,-271,-275,-264,-272,-277,-285,-265,-270,-267,-253,-252,-276,-247,-249,-240,-262,-236,-256,-258,-234,-233,-221,-224,-215,-226,-229,-198,-211,-193,-205,-183,-193,-199,-182,-169,-173,-160,-162,-152,-150,-144,-144,-149,-159,-146,-154,-129,-140,-150,-134,-76,-33,23,24,1,-30,-66,-110,-108,-121,-217,-262,-220,-111,641,1117,1115,643,
839633180728734779:-125,-812,-1331,-1541,-1357,-837,-141,-151,-144,-136,-143,-137,-164,-143,-150,-170,-158,-114,-55,-30,36,72,80,111,140,149,135,125,109,92,64,23,-30,-67,-123,-174,-233,-250,-236,-255,-253,-246,-258,-275,-255,-262,-268,-266,-285,-284,-290,-283,-275,-280,-279,-291,-279,-266,-264,-273,-286,-271,-260,-270,-285,-269,-261,-255,-256,-268,-246,-264,-247,
839633181290273240:-244,-262,-246,-254,-251,-227,-233,-215,-232,-219,-216,-223,-219,-190,-200,-193,-179,-175,-189,-178,-169,-181,-159,-177,-118,-40,-18,-6,-23,-47,-76,-145,-141,-130,-253,-271,-247,-131,645,1102,1120,628,-112,-830,-1344,-1522,-1325,-811,-116,-125,-131,-122,-118,-139,-142,-128,-124,-132,-131,-88,-22,24,62,84,128,152,167,187,172,176,173,149,117,
839633181851811701:70,28,-18,-87,-131,-189,-219,-226,-208,-228,-210,-240,-231,-225,-238,-253,-243,-255,-244,-262,-251,-269,-251,-253,-270,-280,-263,-263,-264,-261,-272,-264,-283,-265,-289,-278,-287,-288,-279,-286,-268,-287,-274,-283,-260,-266,-258,-268,-273,-268,-274,-256,-258,-236,-241,-240,-247,-251,-234,-232,-220,-228,-224,-202,-207,-203,-140,-106,-43,-35,-47,-68,-121,
839633182413350162:-160,-177,-166,-255,-311,-277,-142,626,1081,1095,618,-143,-839,-1344,-1531,-1337,-842,-132,-117,-127,-114,-135,-134,-124,-111,-133,-108,-115,-70,-15,33,87,126,147,172,206,221,207,202,203,162,142,106,44,17,-40,-96,-155,-157,-157,-177,-163,-169,-184,-186,-186,-182,-202,-192,-202,-199,-214,-224,-235,-230,-224,-237,-230,-238,-243,-249,-263,-256,
839633182974888623:-258,-263,-262,-260,-259,-265,-276,-273,-261,-290,-290,-267,-279,-280,-275,-282,-273,-283,-292,-292,-264,-283,-264,-259,-268,-279,-262,-266,-264,-270,-256,-260,-259,-245,-256,-199,-121,-112,-76,-86,-116,-148,-214,-199,-205,-310,-363,-291,-190,566,1047,1054,574,-185,-856,-1385,-1550,-1369,-861,-140,-163,-147,-152,-141,-150,-130,-132,-146,-124,-115,-77,-29,27,
839633183536427084:88,141,170,191,226,235,219,221,211,180,150,129,82,29,-34,-64,-125,-130,-121,-138,-128,-134,-147,-151,-158,-165,-175,-155,-165,-176,-174,-181,-180,-189,-182,-206,-204,-206,-204,-200,-212,-222,-224,-228,-230,-238,-229,-256,-257,-252,-242,-243,-261,-263,-256,-254,-268,-258,-279,-264,-277,-271,-285,-268,-264,-287,-274,-264,-271,-290,-273,-285,-287,
839633184097965545:-269,-283,-263,-259,-212,-166,-125,-117,-125,-140,-191,-256,-261,-263,-350,-394,-350,-245,540,1018,1017,557,-225,-899,-1433,-1600,-1402,-894,-203,-190,-189,-166,-166,-185,-168,-178,-172,-159,-144,-101,-51,1,53,99,146,178,185,227,213,232,193,172,175,123,71,25,1,-79,-110,-134,-122,-135,-118,-133,-116,-132,-142,-131,-117,-141,-141,-129,-139,
839633184659504006:-156,-143,-144,-150,-152,-155,-175,-170,-173,-180,-168,-188,-174,-178,-181,-200,-203,-213,-221,-216,-207,-226,-213,-222,-243,-231,-244,-238,-251,-253,-252,-248,-265,-258,-250,-258,-276,-271,-283,-263,-261,-266,-292,-282,-289,-270,-229,-183,-148,-137,-131,-161,-230,-267,-263,-266,-364,-427,-367,-256,496,969,971,493,-247,-959,-1451,-1634,-1460,-937,-248,-239,-236,
839633185221042467:-221,-233,-212,-218,-200,-213,-204,-179,-135,-67,-22,35,64,99,136,157,171,204,197,194,155,132,94,63,9,-40,-89,-141,-134,-120,-110,-126,-119,-126,-129,-111,-128,-115,-116,-132,-130,-123,-119,-112,-136,-131,-137,-144,-139,-138,-134,-140,-149,-152,-143,-149,-164,-141,-150,-166,-152,-155,-160,-184,-170,-192,-204,-180,-204,-216,-215,-217,-207,
839633185782580928:-218,-217,-210,-216,-220,-230,-242,-236,-255,-236,-260,-255,-253,-276,-273,-214,-158,-119,-118,-138,-173,-230,-267,-280,-264,-392,-426,-391,-286,470,967,967,498,-279,-977,-1500,-1674,-1488,-963,-277,-257,-270,-256,-253,-252,-259,-243,-228,-224,-226,-177,-118,-55,-21,23,80,91,119,150,151,156,135,139,113,61,39,-13,-55,-101,-150,-167,-155,-158,
839633186344119389:-161,-136,-143,-128,-147,-129,-139,-141,-116,-137,-133,-127,-112,-123,-108,-122,-129,-121,-131,-116,-126,-115,-129,-111,-113,-140,-138,-145,-142,-142,-138,-142,-141,-134,-138,-146,-162,-143,-157,-163,-170,-170,-186,-171,-197,-179,-201,-183,-202,-204,-216,-208,-212,-219,-229,-211,-244,-189,-124,-90,-79,-107,-148,-202,-245,-264,-275,-374,-424,-381,-257,495,976,
839633186905657850:949,484,-285,-969,-1489,-1678,-1484,-977,-280,-273,-278,-264,-287,-271,-261,-279,-259,-270,-267,-225,-143,-103,-55,-2,18,52,92,116,99,97,105,90,65,36,1,-56,-92,-140,-200,-182,-178,-194,-171,-166,-164,-175,-167,-178,-165,-162,-165,-166,-134,-148,-137,-143,-149,-126,-134,-133,-120,-130,-125,-119,-121,-121,-121,-130,-105,-113,-114,-130,-112,
839633187467196311:-120,-125,-121,-131,-135,-131,-134,-142,-142,-127,-143,-139,-133,-157,-158,-140,-159,-160,-176,-151,-164,-175,-188,-191,-174,-178,-132,-104,-64,-45,-74,-115,-156,-214,-224,-220,-334,-391,-339,-239,507,974,971,505,-263,-961,-1482,-1679,-1490,-959,-286,-283,-270,-285,-266,-265,-276,-267,-289,-267,-283,-235,-185,-130,-70,-17,16,34,47,67,91,82,77,
839633188028734772:48,16,-9,-38,-83,-131,-185,-243,-228,-235,-237,-229,-215,-226,-209,-214,-193,-214,-209,-181,-189,-180,-189,-174,-163,-164,-181,-158,-149,-144,-144,-154,-134,-154,-154,-126,-149,-135,-122,-129,-125,-114,-134,-115,-135,-128,-118,-118,-114,-116,-116,-120,-128,-123,-108,-128,-133,-136,-129,-122,-125,-146,-132,-148,-147,-149,-150,-142,-105,-36,-18,-15,-15,
839633188590273233:-65,-125,-188,-172,-197,-286,-352,-302,-193,565,1041,1021,555,-234,-939,-1456,-1627,-1457,-949,-248,-257,-261,-244,-255,-255,-264,-255,-257,-274,-271,-206,-150,-129,-77,-14,17,45,57,63,85,62,47,35,-9,-18,-62,-105,-149,-212,-284,-263,-280,-248,-265,-244,-263,-258,-259,-232,-255,-253,-230,-243,-243,-231,-215,-227,-212,-217,-214,-205,-203,-191,
839633189151811694:-174,-194,-189,-168,-161,-160,-155,-156,-154,-151,-164,-139,-145,-141,-127,-143,-129,-135,-130,-132,-138,-136,-126,-112,-118,-107,-108,-112,-106,-123,-108,-106,-129,-127,-122,-132,-140,-71,-6,7,16,-1,-35,-81,-143,-148,-155,-244,-315,-267,-165,595,1053,1051,580,-180,-874,-1408,-1601,-1399,-900,-202,-218,-213,-210,-205,-228,-240,-229,-248,-247,-229,-180,
839633189713350155:-132,-94,-48,-23,26,54,80,67,72,63,56,45,0,-20,-80,-121,-184,-230,-275,-287,-278,-277,-266,-286,-264,-269,-281,-271,-277,-258,-261,-266,-268,-248,-272,-246,-256,-247,-233,-234,-231,-230,-221,-242,-237,-209,-201,-202,-206,-205,-210,-184,-196,-180,-190,-191,-168,-159,-178,-159,-148,-150,-164,-138,-160,-143,-149,-128,-131,-144,-118,-138,-123,
839633190274888616:-125,-131,-118,-119,-107,-136,-66,-17,15,35,31,-4,-73,-116,-109,-125,-238,-268,-246,-121,627,1101,1088,624,-142,-859,-1376,-1560,-1359,-864,-161,-161,-169,-180,-192,-179,-184,-192,-206,-191,-202,-143,-113,-61,-4,37,71,68,115,117,105,100,92,56,39,-7,-56,-86,-160,-197,-264,-274,-261,-277,-276,-277,-267,-284,-268,-293,-275,-269,-290,
839633190836427077:-276,-279,-290,-274,-278,-278,-266,-279,-264,-274,-269,-271,-272,-244,-253,-252,-245,-257,-252,-255,-231,-221,-239,-239,-237,-206,-229,-201,-201,-203,-203,-182,-181,-188,-196,-177,-187,-156,-155,-150,-164,-157,-155,-146,-157,-155,-144,-126,-71,-32,20,18,7,-10,-72,-130,-121,-108,-212,-281,-240,-114,645,1124,1117,629,-111,-808,-1327,-1516,-1352,-822,-146,
839633191397965538:-138,-143,-130,-130,-141,-159,-137,-148,-156,-145,-101,-46,-8,35,73,106,127,143,142,162,140,116,98,61,45,0,-69,-127,-183,-227,-242,-247,-257,-258,-262,-271,-270,-268,-255,-276,-276,-268,-271,-271,-282,-290,-266,-280,-287,-265,-273,-266,-291,-272,-280,-267,-285,-287,-272,-277,-269,-265,-275,-259,-267,-245,-257,-254,-260,-253,-234,-248,-232,
839633191959503999:-236,-220,-233,-237,-232,-203,-212,-220,-207,-204,-193,-195,-197,-197,-193,-162,-181,-113,-48,-14,1,-16,-44,-93,-158,-147,-142,-236,-293,-252,-144,630,1117,1101,635,-114,-820,-1348,-1521,-1317,-808,-126,-125,-121,-124,-116,-135,-112,-139,-136,-113,-133,-78,-30,17,53,116,135,161,196,184,182,172,179,132,102,86,25,-9,-65,-145,-194,-213,
839633192521042460:-211,-200,-210,-226,-232,-233,-215,-241,-240,-241,-254,-259,-238,-254,-250,-250,-263,-259,-266,-253,-257,-265,-286,-285,-265,-269,-269,-287,-294,-285,-293,-269,-278,-286,-268,-270,-262,-260,-267,-270,-285,-280,-253,-252,-267,-272,-266,-259,-242,-258,-258,-244,-235,-234,-223,-221,-220,-210,-227,-142,-90,-53,-64,-66,-87,-120,-186,-181,-181,-278,-322,-275,-159,
839633193082580921:601,1072,1097,613,-139,-843,-1357,-1529,-1331,-843,-142,-136,-119,-115,-110,-135,-115,-107,-121,-116,-118,-77,-16,52,80,129,164,190,200,211,213,211,203,190,154,94,58,5,-38,-99,-166,-144,-150,-167,-155,-168,-182,-190,-176,-173,-202,-184,-201,-218,-194,-198,-202,-212,-213,-231,-239,-235,-252,-229,-253,-259,-245,-247,-266,-246,-253,-252,-273,
839633193644119382:-275,-273,-283,-280,-290,-273,-288,-279,-290,-279,-267,-267,-294,-289,-293,-265,-288,-260,-269,-287,-266,-283,-271,-264,-271,-255,-258,-240,-204,-139,-115,-105,-107,-141,-164,-211,-211,-220,-321,-372,-324,-210,569,1055,1051,575,-169,-876,-1401,-1584,-1378,-863,-169,-147,-168,-164,-155,-155,-152,-134,-131,-120,-124,-60,-4,31,76,117,160,205,227,227,232,
839633194205657843:231,198,185,164,133,69,37,-20,-86,-127,-143,-117,-140,-138,-138,-138,-139,-144,-165,-158,-145,-144,-168,-172,-179,-162,-167,-196,-173,-188,-187,-202,-211,-215,-213,-226,-225,-213,-236,-215,-227,-222,-228,-255,-250,-247,-255,-266,-267,-272,-265,-260,-269,-260,-258,-270,-264,-289,-264,-263,-278,-270,-276,-268,-266,-288,-270,-272,-268,-266,-228,-170,-121,
839633194767196304:-129,-113,-165,-206,-252,-243,-251,-364,-387,-364,-257,520,1001,989,529,-211,-926,-1427,-1613,-1406,-894,-187,-189,-179,-204,-170,-179,-171,-158,-174,-162,-173,-108,-38,14,44,90,152,163,206,220,229,206,192,196,164,114,88,51,1,-60,-133,-118,-114,-132,-122,-121,-130,-109,-116,-120,-117,-136,-142,-126,-146,-142,-142,-153,-153,-133,-166,-155,
839633195328734765:-169,-151,-153,-168,-176,-172,-182,-188,-172,-201,-187,-200,-213,-203,-222,-221,-223,-212,-226,-220,-229,-244,-235,-234,-245,-262,-246,-261,-245,-265,-273,-278,-269,-268,-283,-273,-286,-274,-277,-235,-160,-136,-131,-136,-172,-228,-284,-277,-283,-392,-413,-366,-273,506,980,960,516,-257,-951,-1459,-1661,-1464,-954,-235,-249,-232,-227,-235,-234,-208,-223,-216,-209,
839633195890273226:-217,-135,-72,-21,18,65,102,131,149,173,171,188,177,167,146,111,52,25,-26,-89,-148,-123,-123,-135,-113,-116,-137,-113,-127,-119,-130,-117,-107,-113,-130,-115,-109,-127,-113,-111,-119,-141,-141,-145,-135,-127,-148,-138,-155,-159,-137,-151,-146,-154,-151,-160,-158,-180,-181,-179,-170,-189,-203,-203,-213,-195,-220,-217,-212,-233,-232,-233,-228,
839633196451811687:-243,-250,-257,-256,-262,-250,-267,-271,-202,-159,-131,-120,-119,-154,-217,-271,-272,-284,-393,-420,-387,-279,496,971,959,483,-284,-965,-1488,-1680,-1482,-971,-276,-274,-279,-265,-254,-262,-245,-259,-252,-244,-238,-182,-128,-64,-13,19,63,82,115,137,136,156,138,125,82,75,8,-17,-80,-101,-159,-171,-175,-143,-168,-144,-154,-145,-153,-140,-131,
839633197013350148:-125,-141,-123,-140,-139,-111,-133,-120,-130,-123,-134,-107,-112,-132,-109,-110,-131,-114,-111,-133,-132,-118,-136,-146,-140,-126,-148,-138,-138,-134,-146,-165,-160,-171,-151,-154,-183,-179,-171,-170,-201,-195,-189,-195,-214,-214,-206,-205,-204,-218,-165,-114,-87,-87,-94,-128,-188,-235,-240,-253,-357,-414,-357,-279,496,974,955,502,-285,-980,-1489,-1676,-1490,
839633197574888609:-964,-281,-280,-275,-279,-270,-275,-290,-271,-285,-263,-265,-202,-145,-95,-49,-14,11,61,81,101,107,114,88,78,54,18,-25,-62,-103,-161,-205,-204,-214,-206,-191,-188,-197,-190,-190,-184,-154,-158,-149,-169,-148,-157,-159,-139,-128,-143,-137,-138,-118,-136,-134,-112,-133,-120,-110,-118,-120,-116,-130,-106,-127,-134,-108,-126,-135,-107,-127,-140,
839633198136427070:-125,-135,-132,-142,-122,-141,-132,-145,-150,-155,-152,-139,-153,-168,-167,-174,-187,-181,-180,-125,-65,-46,-32,-74,-89,-159,-199,-220,-222,-325,-388,-348,-241,532,1003,991,506,-252,-938,-1457,-1659,-1472,-979,-270,-279,-263,-284,-285,-266,-284,-280,-286,-276,-287,-229,-168,-126,-79,-43,-6,31,62,68,67,73,75,42,12,-12,-49,-111,-139,-208,
839633198697965531:-260,-257,-250,-247,-239,-218,-242,-217,-211,-225,-214,-221,-212,-185,-187,-186,-174,-178,-170,-190,-166,-182,-160,-159,-157,-142,-147,-146,-155,-153,-136,-125,-136,-118,-138,-132,-134,-117,-120,-122,-122,-117,-106,-126,-122,-126,-117,-120,-122,-126,-133,-136,-123,-114,-119,-118,-137,-135,-125,-129,-140,-73,-41,0,-14,-33,-40,-97,-177,-166,-181,-287,-342,
839633199259503992:-281,-196,556,1051,1033,568,-211,-922,-1426,-1620,-1429,-940,-227,-247,-236,-258,-262,-255,-266,-260,-248,-266,-269,-226,-160,-113,-76,-26,21,41,53,53,72,75,51,17,-9,-43,-66,-118,-152,-216,-276,-262,-265,-256,-277,-264,-257,-270,-270,-264,-239,-248,-229,-246,-236,-246,-236,-230,-224,-232,-219,-205,-195,-192,-213,-198,-186,-187,-185,-176,-182,
839633199821042453:-157,-170,-172,-169,-150,-158,-145,-147,-143,-136,-127,-150,-145,-124,-117,-138,-139,-133,-135,-114,-134,-110,-134,-123,-133,-126,-112,-128,-115,-131,-54,-13,2,14,11,-28,-61,-123,-153,-138,-259,-310,-260,-159,612,1071,1058,601,-162,-863,-1403,-1596,-1405,-901,-185,-187,-205,-220,-214,-217,-204,-216,-213,-243,-236,-189,-121,-97,-39,-10,42,45,87,
839633200382580914:82,100,86,66,38,7,-26,-62,-117,-163,-225,-275,-275,-268,-292,-274,-275,-271,-280,-273,-283,-261,-285,-284,-275,-270,-259,-263,-254,-255,-265,-244,-247,-234,-228,-226,-237,-234,-242,-237,-234,-209,-220,-210,-212,-211,-187,-198,-187,-186,-186,-173,-179,-164,-163,-175,-158,-168,-161,-136,-160,-128,-146,-129,-140,-130,-138,-141,-127,-124,-114,-132,-51,
839633200944119375:-1,14,34,15,-4,-74,-113,-110,-125,-233,-271,-233,-117,643,1110,1102,632,-142,-829,-1349,-1543,-1347,-865,-141,-172,-171,-151,-156,-180,-181,-188,-172,-192,-176,-142,-98,-48,-11,24,69,97,115,107,117,108,94,65,28,-11,-48,-99,-161,-200,-262,-274,-277,-261,-256,-269,-264,-289,-284,-263,-266,-266,-269,-268,-268,-288,-277,-271,-280,-290,
839633201505657836:-281,-264,-260,-264,-282,-254,-252,-266,-261,-268,-240,-262,-253,-249,-230,-247,-247,-226,-214,-209,-208,-225,-217,-209,-205,-199,-207,-195,-175,-197,-192,-178,-163,-174,-150,-151,-153,-150,-138,-149,-138,-79,-42,-9,18,7,-10,-74,-124,-111,-132,-218,-267,-221,-112,653,1107,1109,642,-119,-813,-1341,-1516,-1331,-820,-132,-125,-118,-148,-133,-140,-133,-144,
839633202067196297:-137,-156,-143,-99,-62,-13,28,64,107,124,143,147,165,148,124,99,66,53,-14,-62,-115,-170,-219,-225,-238,-252,-252,-237,-242,-249,-261,-262,-251,-255,-251,-261,-255,-260,-270,-274,-276,-265,-275,-289,-280,-276,-276,-289,-288,-267,-265,-273,-278,-287,-282,-285,-277,-275,-257,-252,-274,-261,-249,-260,-243,-253,-254,-237,-228,-238,-230,-213,-229,
839633202628734758:-216,-222,-206,-212,-206,-196,-187,-191,-201,-185,-109,-75,-40,-7,-33,-53,-99,-146,-162,-155,-261,-298,-257,-145,631,1111,1110,633,-117,-811,-1337,-1512,-1319,-818,-123,-114,-127,-105,-119,-114,-128,-126,-111,-133,-134,-86,-24,16,83,107,157,177,200,186,213,199,164,141,123,90,35,-25,-74,-114,-184,-184,-209,-211,-196,-195,-219,-222,-210,
839633203190273219:-210,-225,-217,-242,-221,-253,-237,-252,-254,-246,-258,-254,-258,-267,-262,-277,-276,-278,-271,-287,-287,-283,-293,-289,-281,-269,-284,-276,-284,-292,-281,-281,-284,-264,-272,-268,-264,-273,-280,-254,-271,-252,-241,-246,-250,-255,-229,-250,-241,-229,-240,-234,-170,-109,-88,-46,-74,-94,-143,-190,-196,-177,-297,-320,-273,-161,598,1088,1073,601,-156,-847,-1362,
839633203751811680:-1540,-1361,-843,-126,-146,-136,-137,-117,-139,-120,-126,-116,-123,-107,-61,-7,53,81,125,171,195,217,224,211,225,194,192,146,121,74,11,-28,-79,-142,-151,-143,-148,-150,-161,-163,-166,-161,-176,-173,-189,-199,-182,-190,-189,-213,-203,-228,-206,-219,-213,-227,-223,-238,-254,-257,-263,-237,-268,-260,-266,-260,-256,-262,-276,-277,-262,-278,-277,
839633204313350141:-285,-270,-266,-286,-269,-266,-276,-282,-272,-284,-267,-287,-288,-282,-278,-281,-267,-266,-270,-253,-258,-193,-135,-114,-97,-119,-140,-178,-231,-221,-227,-340,-367,-321,-223,571,1044,1045,560,-205,-883,-1405,-1585,-1391,-869,-172,-152,-176,-143,-139,-152,-137,-146,-145,-128,-130,-91,-36,40,85,135,166,187,201,214,232,214,198,180,159,130,95,23,
839633204874888602:-9,-66,-122,-113,-121,-114,-143,-133,-120,-129,-125,-150,-160,-136,-140,-157,-143,-169,-177,-164,-182,-165,-192,-194,-188,-179,-195,-205,-192,-218,-204,-228,-205,-216,-239,-220,-241,-224,-247,-258,-246,-253,-240,-267,-266,-273,-275,-270,-275,-283,-280,-267,-273,-286,-288,-276,-285,-280,-275,-264,-264,-279,-276,-219,-178,-142,-127,-125,-160,-219,-267,-264,-257,
839633205436427063:-355,-408,-355,-254,505,997,999,515,-225,-917,-1437,-1613,-1441,-910,-199,-193,-209,-185,-209,-192,-192,-169,-189,-189,-167,-101,-54,-16,44,103,136,172,196,198,214,211,195,176,156,117,91,47,-27,-70,-132,-118,-126,-134,-135,-123,-114,-125,-135,-113,-108,-121,-111,-122,-142,-143,-137,-135,-130,-128,-129,-157,-156,-142,-144,-145,-149,-163,-184,
839633205997965524:-175,-189,-172,-183,-181,-201,-198,-193,-214,-216,-217,-219,-208,-216,-241,-237,-237,-233,-252,-250,-257,-254,-265,-267,-272,-276,-278,-255,-270,-269,-276,-272,-231,-165,-138,-127,-129,-187,-222,-267,-264,-290,-385,-442,-395,-288,484,964,976,496,-275,-970,-1469,-1660,-1481,-956,-236,-243,-241,-231,-220,-234,-229,-234,-232,-216,-213,-162,-102,-37,22,44,84,
839633206559503985:119,162,158,181,181,175,151,135,80,62,19,-34,-102,-150,-144,-125,-131,-121,-115,-126,-111,-127,-118,-116,-114,-114,-119,-109,-118,-131,-113,-128,-121,-126,-122,-127,-140,-140,-116,-133,-122,-151,-153,-137,-139,-139,-141,-161,-170,-171,-175,-171,-179,-173,-169,-185,-183,-186,-183,-189,-191,-198,-222,-214,-232,-220,-232,-215,-220,-223,-227,-253,-237,
839633207121042446:-240,-188,-152,-106,-117,-114,-169,-216,-259,-270,-268,-372,-426,-378,-270,488,947,960,477,-271,-976,-1478,-1682,-1488,-966,-260,-257,-270,-273,-269,-278,-270,-263,-265,-257,-252,-195,-147,-81,-46,11,48,82,99,133,130,143,120,104,98,64,4,-13,-67,-129,-165,-180,-166,-153,-146,-150,-167,-158,-143,-140,-145,-146,-136,-141,-140,-119,-138,-119,
839633207682580907:-125,-128,-120,-127,-134,-113,-130,-125,-125,-105,-124,-120,-137,-119,-115,-115,-124,-122,-142,-140,-127,-140,-141,-151,-150,-155,-141,-165,-148,-170,-156,-181,-159,-179,-196,-174,-175,-198,-211,-214,-196,-201,-202,-166,-102,-80,-66,-87,-120,-192,-252,-233,-251,-352,-390,-359,-247,493,960,966,510,-261,-972,-1473,-1661,-1475,-977,-266,-282,-290,-270,-275,-273,
839633208244119368:-272,-280,-285,-272,-290,-204,-154,-121,-54,-33,25,61,59,88,106,87,81,63,46,20,-28,-61,-131,-169,-220,-223,-219,-194,-207,-195,-193,-190,-177,-183,-165,-181,-181,-167,-175,-157,-159,-158,-158,-145,-130,-137,-129,-133,-137,-141,-138,-116,-136,-133,-119,-129,-123,-105,-110,-109,-117,-112,-133,-110,-111,-119,-126,-121,-123,-112,-138,-117,-123,
839633208805657829:-142,-138,-132,-132,-141,-136,-157,-168,-152,-152,-161,-155,-116,-85,-50,-48,-60,-73,-151,-201,-195,-219,-321,-364,-313,-214,546,1013,996,517,-235,-958,-1466,-1660,-1460,-946,-254,-260,-269,-257,-261,-274,-273,-288,-275,-279,-263,-213,-180,-126,-84,-26,-2,19,57,73,79,81,56,54,28,-4,-56,-111,-136,-203,-251,-243,-256,-240,-255,-230,-235,
839633209367196290:-240,-237,-216,-225,-205,-217,-201,-200,-194,-203,-187,-200,-184,-192,-164,-176,-160,-177,-151,-150,-155,-166,-135,-132,-142,-134,-139,-144,-121,-142,-133,-131,-133,-120,-125,-129,-128,-121,-108,-121,-106,-135,-124,-136,-134,-122,-119,-126,-113,-137,-116,-118,-149,-122,-93,-28,0,16,-12,-54,-96,-156,-175,-167,-273,-336,-292,-181,592,1048,1048,580,-209,
839633209928734751:-902,-1423,-1626,-1438,-934,-213,-234,-235,-252,-242,-253,-251,-241,-262,-263,-254,-210,-157,-106,-72,-16,8,22,72,71,72,64,49,17,9,-19,-88,-115,-166,-228,-271,-281,-270,-282,-268,-263,-264,-272,-254,-267,-264,-239,-244,-245,-252,-237,-252,-232,-240,-223,-208,-207,-209,-200,-211,-210,-194,-208,-178,-190,-169,-193,-164,-161,-159,-168,-155,-172,
839633210490273212:-163,-153,-154,-135,-152,-126,-136,-148,-138,-135,-140,-134,-121,-108,-118,-114,-117,-112,-124,-128,-119,-135,-116,-76,-15,4,35,8,-25,-71,-118,-121,-147,-228,-287,-238,-146,623,1084,1074,590,-162,-863,-1389,-1565,-1388,-893,-177,-190,-186,-208,-189,-217,-215,-197,-206,-224,-209,-185,-133,-71,-36,-1,35,69,83,75,104,97,74,33,8,-36,
839633211051811673:-79,-107,-171,-211,-271,-274,-267,-266,-271,-284,-282,-266,-274,-271,-273,-285,-283,-278,-278,-265,-276,-252,-259,-260,-251,-271,-241,-238,-235,-257,-255,-226,-218,-230,-233,-209,-228,-220,-203,-216,-209,-183,-199,-196,-190,-181,-187,-175,-177,-163,-169,-158,-145,-162,-163,-152,-156,-156,-128,-149,-121,-126,-117,-117,-111,-57,-28,26,28,23,-4,-68,-116,
839633211613350134:-112,-128,-213,-263,-240,-131,648,1120,1101,639,-120,-843,-1334,-1545,-1368,-835,-146,-149,-162,-169,-173,-164,-160,-178,-175,-189,-178,-140,-85,-24,21,44,75,107,108,125,117,127,112,73,40,6,-47,-87,-146,-192,-269,-244,-260,-271,-279,-273,-279,-263,-283,-275,-282,-264,-264,-272,-272,-275,-269,-264,-276,-288,-281,-275,-290,-262,-285,-258,-267,
839633212174888595:-257,-277,-275,-275,-265,-241,-252,-253,-259,-245,-230,-220,-227,-232,-234,-228,-202,-203,-195,-218,-204,-194,-208,-181,-177,-170,-189,-167,-168,-168,-161,-154,-158,-138,-95,-41,5,8,12,-37,-62,-146,-133,-120,-242,-281,-214,-121,642,1118,1117,649,-115,-806,-1317,-1513,-1338,-829,-126,-128,-113,-135,-127,-117,-143,-125,-124,-143,-141,-88,-56,3,33,
839633212736427056:77,109,150,173,173,164,168,141,105,78,59,11,-45,-96,-173,-209,-220,-232,-245,-240,-246,-253,-246,-242,-241,-244,-264,-274,-264,-261,-267,-283,-263,-282,-276,-286,-278,-264,-284,-264,-288,-271,-275,-270,-278,-263,-279,-263,-274,-261,-287,-263,-284,-263,-277,-276,-264,-247,-259,-254,-247,-229,-226,-248,-249,-219,-214,-229,-208,-212,-209,-213,-194,
839633213297965517:-202,-210,-194,-138,-65,-54,-35,-48,-56,-119,-159,-168,-165,-258,-299,-262,-147,630,1105,1102,618,-136,-814,-1342,-1530,-1350,-821,-132,-115,-120,-123,-133,-125,-107,-133,-123,-120,-126,-60,-12,29,83,107,147,191,198,212,200,198,173,170,119,74,50,-17,-70,-110,-185,-187,-189,-191,-189,-208,-201,-189,-222,-206,-206,-233,-239,-222,-222,-224,
839633213859503978:-235,-251,-235,-249,-241,-264,-244,-247,-252,-266,-280,-268,-259,-261,-271,-267,-273,-274,-280,-270,-266,-271,-264,-266,-268,-288,-291,-269,-263,-286,-257,-285,-276,-274,-261,-263,-268,-249,-254,-257,-244,-234,-241,-224,-224,-166,-128,-94,-74,-67,-98,-148,-216,-205,-199,-309,-327,-300,-182,593,1057,1064,608,-156,-853,-1378,-1560,-1357,-846,-147,-144,-146,-145,
839633214421042439:-144,-121,-134,-136,-132,-111,-130,-72,-17,27,92,125,177,196,206,224,229,231,213,173,167,127,74,14,-12,-90,-130,-142,-160,-165,-156,-167,-171,-149,-182,-182,-182,-188,-193,-198,-196,-183,-199,-188,-216,-223,-215,-211,-227,-218,-221,-239,-250,-247,-235,-232,-242,-255,-251,-270,-274,-272,-260,-282,-284,-274,-284,-274,-262,-275,-279,-273,-269,
839633214982580900:-292,-288,-290,-265,-289,-273,-267,-265,-288,-271,-258,-260,-252,-253,-213,-151,-116,-98,-113,-139,-193,-256,-225,-232,-344,-370,-326,-229,554,1027,1020,555,-190,-885,-1397,-1580,-1390,-889,-192,-178,-177,-176,-158,-145,-151,-162,-164,-149,-140,-81,-13,15,73,101,146,178,218,236,222,229,199,183,167,133,84,29,2,-62,-110,-107,-116,-125,-138,
839633215544119361:-130,-132,-120,-131,-128,-139,-157,-157,-147,-164,-161,-165,-172,-170,-166,-159,-166,-188,-193,-181,-185,-193,-184,-195,-207,-200,-213,-210,-234,-220,-215,-220,-244,-246,-245,-252,-258,-256,-264,-244,-247,-252,-262,-284,-261,-265,-282,-285,-266,-292,-280,-280,-272,-279,-294,-276,-226,-182,-149,-113,-144,-174,-206,-279,-281,-270,-383,-415,-364,-269,497,982,993,
839633216105657822:506,-246,-941,-1448,-1631,-1430,-931,-218,-229,-204,-207,-213,-207,-205,-191,-193,-186,-164,-121,-55,-1,30,75,131,167,181,182,201,194,207,185,138,115,88,17,-4,-84,-135,-137,-117,-119,-118,-119,-131,-125,-120,-118,-136,-134,-127,-112,-123,-115,-141,-127,-124,-124,-137,-147,-130,-147,-164,-165,-150,-149,-147,-157,-169,-172,-169,-179,-191,-179,
839633216667196283:-202,-182,-196,-205,-198,-225,-217,-232,-238,-232,-224,-223,-242,-249,-240,-264,-242,-243,-260,-265,-262,-268,-280,-258,-276,-224,-177,-139,-141,-131,-183,-216,-271,-279,-285,-393,-428,-398,-288,499,965,957,489,-256,-971,-1470,-1663,-1487,-944,-262,-261,-254,-261,-244,-229,-235,-221,-217,-231,-231,-164,-107,-38,8,53,98,127,128,163,166,164,158,155,
839633217228734744:117,91,38,15,-51,-102,-158,-157,-148,-140,-123,-140,-145,-137,-137,-117,-110,-108,-132,-116,-134,-107,-131,-119,-131,-129,-134,-131,-110,-122,-118,-111,-127,-136,-141,-145,-138,-140,-128,-157,-132,-141,-140,-148,-151,-149,-174,-170,-178,-192,-195,-197,-180,-204,-190,-216,-205,-195,-203,-215,-208,-221,-218,-223,-246,-237,-238,-193,-141,-124,-97,-125,-158,
839633217790273205:-206,-264,-266,-262,-370,-426,-385,-285,480,950,954,493,-270,-984,-1479,-1669,-1485,-993,-273,-283,-270,-288,-280,-264,-272,-260,-255,-252,-269,-208,-140,-96,-46,1,38,62,111,102,132,139,114,92,69,52,-7,-48,-98,-124,-181,-168,-163,-183,-154,-152,-161,-155,-141,-165,-139,-157,-155,-143,-122,-125,-134,-132,-114,-136,-118,-117,-120,-127,-115,
839633218351811666:-134,-122,-105,-122,-110,-115,-111,-133,-111,-108,-117,-114,-121,-118,-122,-124,-149,-132,-156,-153,-137,-158,-140,-153,-154,-149,-154,-184,-174,-176,-188,-191,-194,-188,-186,-207,-155,-101,-61,-68,-93,-135,-170,-232,-247,-240,-352,-391,-354,-256,501,991,971,506,-259,-969,-1488,-1687,-1475,-964,-270,-284,-263,-280,-293,-271,-272,-286,-264,-266,-268,-226,-163,
839633218913350127:-128,-54,-14,27,35,60,83,106,97,68,54,32,-5,-49,-92,-113,-177,-219,-209,-227,-209,-226,-206,-191,-210,-204,-195,-194,-178,-178,-163,-168,-168,-167,-154,-154,-157,-164,-145,-133,-151,-148,-129,-120,-121,-130,-131,-119,-133,-111,-108,-117,-121,-106,-122,-128,-106,-112,-111,-117,-116,-135,-132,-124,-137,-144,-136,-119,-142,-143,-151,-157,-160,
839633219474888588:-139,-160,-159,-146,-164,-113,-56,-48,-38,-28,-68,-132,-208,-200,-214,-311,-353,-325,-213,546,1018,1020,532,-248,-941,-1439,-1657,-1475,-945,-256,-258,-261,-257,-268,-264,-259,-264,-283,-276,-271,-223,-173,-127,-81,-27,18,21,52,54,57,53,51,49,-1,-26,-63,-101,-159,-199,-254,-270,-257,-255,-239,-236,-242,-246,-228,-233,-233,-211,-212,-206,
839633220036427049:-218,-224,-214,-205,-205,-202,-203,-197,-180,-185,-166,-180,-172,-163,-162,-171,-150,-138,-149,-132,-155,-131,-126,-136,-136,-117,-142,-118,-133,-121,-112,-131,-117,-119,-115,-127,-118,-124,-130,-132,-114,-134,-123,-120,-135,-141,-128,-61,-27,-7,-1,-1,-41,-87,-154,-151,-152,-266,-303,-292,-164,576,1057,1063,582,-206,-904,-1399,-1591,-1414,-912,-215,-230,
839633220597965510:-210,-227,-233,-248,-227,-246,-254,-238,-244,-196,-159,-113,-73,-3,23,47,74,59,61,55,70,27,0,-32,-81,-106,-171,-212,-274,-281,-285,-265,-274,-275,-259,-263,-268,-276,-272,-247,-248,-264,-240,-241,-237,-241,-227,-229,-234,-216,-235,-235,-201,-205,-213,-207,-193,-203,-194,-182,-178,-166,-174,-170,-179,-179,-152,-150,-170,-149,-161,-131,-138,
839633221159503971:-135,-150,-150,-145,-137,-142,-138,-125,-134,-127,-134,-121,-125,-130,-109,-112,-69,-23,2,38,9,-5,-76,-125,-140,-119,-232,-276,-248,-140,629,1076,1097,624,-151,-855,-1360,-1554,-1369,-871,-162,-174,-170,-173,-198,-182,-185,-217,-201,-220,-217,-150,-105,-78,-38,27,42,80,81,86,103,100,73,38,31,-4,-69,-124,-156,-226,-268,-278,-268,
839633221721042432:-277,-281,-268,-270,-283,-268,-268,-268,-286,-284,-274,-289,-270,-262,-268,-280,-279,-250,-250,-262,-254,-261,-247,-248,-235,-238,-238,-232,-229,-237,-237,-228,-230,-208,-213,-210,-190,-199,-197,-200,-171,-170,-163,-174,-174,-161,-157,-170,-168,-166,-155,-134,-154,-125,-125,-132,-117,-134,-56,-27,18,12,25,-1,-53,-133,-128,-118,-237,-276,-222,-112,641,
839633222282580893:1104,1111,641,-135,-838,-1354,-1546,-1338,-853,-138,-132,-146,-152,-154,-143,-162,-156,-153,-157,-172,-126,-60,-29,31,49,93,119,129,142,131,143,117,73,48,25,-15,-95,-141,-192,-244,-243,-241,-251,-265,-269,-276,-258,-264,-281,-278,-271,-274,-265,-274,-282,-264,-273,-270,-277,-270,-287,-264,-280,-274,-262,-258,-284,-259,-262,-273,-275,-266,-264,
839633222844119354:-265,-255,-241,-240,-233,-231,-229,-248,-235,-211,-206,-206,-200,-224,-195,-197,-188,-189,-176,-201,-177,-163,-167,-165,-182,-159,-175,-106,-40,-5,9,9,-36,-88,-145,-136,-124,-231,-292,-230,-129,631,1123,1129,653,-114,-824,-1333,-1527,-1338,-816,-113,-110,-125,-113,-120,-135,-132,-139,-142,-141,-152,-73,-23,8,41,87,130,154,161,187,164,181,
839633223405657815:141,139,90,53,26,-33,-82,-146,-210,-215,-231,-210,-217,-236,-224,-239,-253,-230,-251,-239,-242,-265,-261,-250,-264,-255,-280,-276,-262,-273,-279,-276,-263,-291,-269,-280,-284,-272,-281,-284,-288,-285,-271,-268,-259,-288,-257,-256,-274,-266,-270,-267,-247,-262,-257,-258,-252,-251,-224,-240,-220,-241,-211,-224,-209,-197,-198,-204,-214,-143,-72,-37,-43,
839633223967196276:-37,-82,-126,-162,-170,-168,-274,-292,-252,-163,628,1107,1103,641,-142,-841,-1347,-1518,-1350,-810,-126,-132,-124,-109,-133,-131,-117,-108,-115,-120,-110,-78,-1,48,88,123,166,180,211,222,211,193,186,153,120,91,38,-1,-54,-106,-165,-175,-164,-181,-170,-198,-176,-210,-213,-198,-208,-198,-219,-220,-220,-237,-227,-243,-230,-237,-232,-240,-238,
839633224528734737:-246,-264,-246,-247,-270,-282,-270,-265,-268,-264,-269,-285,-285,-264,-276,-280,-273,-281,-291,-292,-280,-276,-278,-263,-281,-264,-270,-269,-253,-256,-253,-273,-245,-262,-261,-263,-233,-237,-181,-138,-84,-90,-77,-118,-168,-205,-199,-215,-311,-343,-289,-191,595,1046,1057,583,-175,-874,-1367,-1559,-1367,-841,-157,-145,-144,-144,-134,-139,-146,-143,-139,-121,-111,
839633225090273198:-83,-26,30,94,124,167,186,211,229,245,229,195,184,165,131,80,18,-29,-74,-136,-143,-137,-138,-134,-151,-165,-141,-151,-149,-156,-178,-182,-186,-190,-182,-193,-192,-201,-193,-200,-196,-212,-232,-232,-232,-239,-230,-220,-237,-235,-244,-261,-242,-262,-263,-257,-277,-250,-255,-283,-265,-268,-289,-272,-272,-265,-284,-288,-265,-283,-287,-270,-293,
839633225651811659:-266,-275,-280,-288,-264,-264,-273,-199,-170,-128,-124,-127,-158,-190,-242,-232,-236,-343,-398,-345,-241,535,1005,1018,542,-196,-901,-1402,-1592,-1407,-888,-174,-169,-174,-185,-155,-162,-162,-165,-162,-160,-163,-84,-29,12,77,103,151,174,193,219,210,227,219,189,172,129,96,53,0,-70,-116,-107,-135,-122,-116,-127,-138,-120,-118,-144,-121,-129,
839633226213350120:-125,-129,-138,-143,-137,-157,-168,-163,-166,-179,-171,-178,-164,-168,-195,-197,-208,-193,-204,-205,-200,-207,-205,-208,-229,-236,-221,-228,-235,-230,-257,-256,-247,-270,-250,-248,-262,-253,-266,-263,-270,-289,-283,-282,-282,-277,-275,-282,-293,-226,-161,-142,-131,-149,-171,-227,-284,-266,-256,-360,-408,-376,-253,515,977,969,512,-260,-954,-1456,-1654,-1450,-929,
839633226774888581:-236,-235,-228,-219,-210,-214,-212,-198,-188,-200,-188,-141,-72,-11,36,69,103,155,185,176,194,181,187,158,129,112,81,22,-30,-64,-134,-136,-115,-122,-129,-123,-107,-105,-125,-113,-122,-110,-120,-118,-129,-115,-132,-117,-143,-144,-129,-127,-139,-142,-152,-155,-158,-155,-161,-169,-159,-167,-160,-164,-170,-174,-173,-201,-186,-190,-203,-216,-212,
839633227336427042:-208,-218,-220,-229,-222,-219,-232,-252,-232,-251,-248,-239,-259,-263,-246,-274,-254,-253,-198,-168,-143,-117,-141,-169,-216,-276,-268,-266,-379,-415,-389,-288,487,964,951,479,-279,-986,-1483,-1656,-1475,-973,-249,-263,-272,-259,-242,-260,-251,-232,-246,-231,-236,-184,-126,-63,-15,23,69,103,138,140,147,155,146,140,115,85,37,-9,-50,-108,-152,
839633227897965503:-139,-157,-131,-150,-128,-130,-132,-123,-136,-135,-130,-123,-113,-124,-125,-124,-133,-126,-128,-121,-127,-112,-122,-116,-132,-136,-125,-124,-136,-116,-124,-140,-148,-130,-142,-159,-139,-145,-158,-171,-163,-174,-178,-187,-171,-169,-188,-199,-208,-209,-193,-205,-199,-224,-203,-219,-224,-215,-232,-247,-189,-128,-110,-89,-116,-157,-207,-249,-249,-268,-379,-421,-386,
839633228459503964:-261,477,960,965,472,-289,-969,-1503,-1690,-1494,-983,-267,-287,-284,-279,-275,-261,-285,-260,-262,-251,-248,-214,-153,-94,-47,4,32,74,103,115,120,118,115,84,59,47,2,-60,-90,-149,-201,-185,-182,-171,-165,-182,-173,-157,-154,-166,-167,-168,-146,-135,-159,-128,-147,-138,-131,-145,-134,-126,-134,-131,-109,-110,-126,-133,-129,-120,-119,-108,
839633229021042425:-134,-116,-118,-128,-116,-137,-122,-124,-126,-146,-120,-121,-130,-146,-140,-140,-142,-146,-162,-174,-171,-164,-185,-173,-190,-190,-197,-179,-195,-129,-88,-52,-74,-83,-111,-179,-214,-230,-243,-358,-376,-341,-260,513,973,980,507,-272,-965,-1477,-1665,-1468,-983,-263,-280,-277,-273,-266,-279,-292,-283,-281,-285,-271,-215,-166,-120,-70,-29,5,52,76,82,
839633229582580886:86,85,80,57,18,7,-30,-79,-138,-173,-222,-239,-242,-216,-227,-208,-224,-223,-207,-194,-203,-203,-195,-170,-188,-183,-179,-180,-172,-164,-162,-165,-140,-149,-137,-147,-144,-136,-134,-133,-122,-127,-136,-125,-125,-115,-112,-116,-119,-111,-114,-130,-105,-125,-106,-123,-125,-112,-127,-123,-125,-115,-142,-132,-130,-134,-142,-138,-141,-165,-168,-109,-48,
839633230144119347:-26,-5,-26,-61,-118,-192,-183,-193,-313,-349,-311,-219,550,1009,1028,541,-223,-929,-1435,-1640,-1460,-937,-241,-254,-243,-267,-269,-264,-267,-253,-255,-274,-262,-205,-163,-114,-69,-42,-7,38,66,78,78,69,54,42,16,-18,-60,-98,-150,-201,-260,-277,-250,-263,-256,-260,-245,-258,-256,-229,-234,-237,-226,-219,-224,-207,-203,-196,-206,-212,-199,
839633230705657808:-207,-199,-191,-198,-182,-184,-173,-165,-176,-170,-147,-146,-159,-156,-159,-133,-150,-130,-140,-126,-136,-135,-139,-115,-127,-127,-121,-110,-126,-127,-123,-123,-129,-107,-116,-118,-122,-109,-115,-137,-84,-24,10,13,4,-28,-97,-132,-134,-158,-266,-308,-265,-152,583,1056,1052,574,-186,-890,-1408,-1612,-1406,-905,-205,-224,-216,-216,-219,-218,-217,-232,-230,
839633231267196269:-242,-259,-207,-158,-88,-60,-12,31,59,57,83,79,70,59,21,-7,-34,-87,-107,-165,-209,-281,-269,-294,-285,-290,-271,-264,-270,-277,-285,-256,-268,-250,-254,-263,-258,-239,-238,-261,-250,-231,-241,-231,-236,-213,-209,-222,-212,-200,-208,-192,-211,-196,-202,-188,-169,-185,-186,-175,-169,-172,-173,-143,-138,-165,-136,-156,-127,-131,-140,-130,-119,
839633231828734730:-121,-135,-119,-139,-114,-118,-111,-108,-132,-64,-1,21,16,31,-5,-67,-110,-122,-115,-232,-272,-224,-148,614,1085,1093,628,-152,-847,-1369,-1541,-1366,-866,-163,-172,-184,-170,-183,-185,-175,-186,-193,-204,-199,-163,-112,-74,-7,13,43,67,110,110,92,100,78,44,13,-22,-61,-101,-164,-206,-272,-285,-271,-289,-288,-284,-289,-266,-268,-287,
839633232390273191:-281,-269,-275,-269,-272,-289,-279,-270,-267,-257,-274,-269,-258,-271,-259,-244,-258,-266,-255,-239,-249,-251,-228,-243,-226,-214,-217,-203,-200,-209,-197,-201,-207,-188,-175,-171,-172,-175,-177,-166,-169,-156,-150,-155,-139,-142,-143,-155,-146,-124,-141,-71,-16,20,14,6,-10,-58,-124,-122,-124,-218,-256,-225,-130,632,1127,1129,634,-115,-815,-1347,-1537,
839633232951811652:-1340,-820,-122,-143,-129,-145,-134,-162,-146,-159,-157,-176,-171,-98,-74,-11,23,71,111,131,126,136,149,149,108,102,68,9,-14,-73,-115,-194,-229,-259,-242,-242,-263,-261,-257,-268,-253,-261,-274,-270,-283,-279,-260,-262,-264,-286,-270,-284,-286,-286,-270,-272,-265,-263,-280,-290,-264,-269,-261,-273,-266,-265,-271,-249,-260,-266,-254,-247,-242,
839633233513350113:-253,-228,-223,-215,-238,-215,-213,-227,-226,-197,-191,-209,-190,-188,-180,-197,-190,-179,-158,-162,-96,-48,-32,-18,-16,-38,-95,-152,-143,-125,-251,-268,-245,-138,638,1116,1111,636,-127,-818,-1337,-1522,-1320,-835,-124,-113,-116,-123,-120,-122,-126,-134,-123,-134,-134,-74,-26,14,68,92,121,167,169,189,189,169,172,127,115,61,26,-35,-99,
839633234074888574:-154,-209,-201,-216,-198,-203,-217,-229,-237,-240,-243,-249,-241,-251,-255,-255,-259,-270,-273,-256,-270,-270,-275,-260,-277,-284,-284,-288,-276,-270,-279,-288,-285,-289,-291,-289,-292,-267,-291,-288,-263,-273,-257,-277,-263,-272,-269,-267,-269,-249,-241,-241,-249,-225,-239,-247,-219,-210,-210,-202,-212,-207,-155,-99,-45,-52,-47,-69,-109,-190,-187,-185,-282,
839633234636427035:-326,-250,-165,626,1097,1075,605,-154,-852,-1333,-1547,-1357,-837,-138,-126,-109,-125,-107,-132,-122,-107,-118,-133,-124,-68,-16,32,92,135,171,180,193,226,219,225,192,168,129,99,58,11,-41,-115,-170,-168,-156,-157,-170,-184,-189,-179,-197,-209,-191,-195,-201,-218,-207,-223,-230,-240,-222,-223,-233,-255,-247,-237,-258,-264,-271,-268,-274,-260,
839633235197965496:-280,-266,-283,-286,-280,-286,-278,-262,-277,-267,-285,-264,-286,-294,-282,-283,-267,-270,-291,-283,-258,-282,-277,-268,-256,-249,-273,-259,-242,-246,-233,-181,-139,-107,-97,-87,-112,-179,-213,-210,-201,-317,-361,-300,-196,557,1033,1054,569,-182,-871,-1389,-1552,-1384,-864,-149,-146,-157,-151,-150,-150,-133,-135,-129,-119,-136,-57,-28,49,90,131,149,201,
839633235759503957:201,212,218,239,219,196,174,139,92,35,-25,-83,-132,-135,-128,-123,-128,-157,-138,-138,-136,-140,-172,-174,-165,-165,-161,-162,-176,-186,-189,-205,-198,-194,-206,-210,-210,-213,-220,-220,-240,-242,-230,-241,-232,-256,-253,-265,-261,-254,-266,-256,-257,-263,-280,-286,-284,-269,-286,-267,-286,-268,-285,-285,-278,-277,-283,-271,-283,-262,-262,-268,-262,
839633236321042418:-199,-159,-126,-107,-137,-154,-186,-253,-239,-248,-348,-382,-350,-246,535,1003,1005,540,-228,-924,-1429,-1606,-1411,-902,-210,-188,-181,-185,-182,-165,-181,-169,-163,-150,-147,-90,-28,12,71,100,157,175,192,210,205,229,217,180,165,132,77,38,-6,-62,-119,-134,-107,-116,-117,-133,-115,-122,-117,-131,-141,-134,-147,-120,-144,-130,-152,-143,-164,
839633236882580879:-153,-144,-170,-153,-151,-178,-176,-178,-189,-182,-186,-179,-186,-188,-195,-216,-202,-214,-209,-238,-222,-232,-222,-225,-256,-258,-251,-262,-240,-251,-252,-251,-252,-269,-275,-267,-269,-273,-277,-267,-277,-292,-225,-176,-127,-124,-135,-172,-223,-279,-291,-281,-367,-413,-365,-275,510,964,979,507,-262,-955,-1474,-1637,-1465,-934,-227,-233,-226,-232,-207,-212,-213,
839633237444119340:-212,-207,-201,-212,-154,-69,-28,22,70,95,141,151,178,189,176,180,158,140,103,59,11,-13,-72,-121,-125,-140,-139,-131,-111,-112,-124,-120,-114,-105,-123,-125,-110,-105,-136,-121,-109,-121,-124,-131,-117,-128,-127,-147,-136,-143,-136,-138,-150,-152,-162,-155,-153,-152,-156,-160,-193,-174,-177,-183,-207,-209,-190,-221,-214,-203,-229,-234,-228,
839633238005657801:-216,-246,-250,-248,-255,-240,-254,-255,-259,-251,-262,-203,-169,-128,-135,-122,-178,-216,-282,-280,-280,-373,-444,-389,-271,492,969,958,482,-272,-976,-1478,-1668,-1489,-966,-269,-278,-250,-254,-250,-258,-245,-241,-242,-246,-225,-167,-107,-81,-11,27,67,110,132,140,150,141,144,108,85,72,30,-29,-66,-100,-168,-160,-148,-156,-158,-156,-148,-139,
839633238567196262:-142,-139,-142,-132,-128,-131,-136,-129,-117,-126,-110,-135,-119,-109,-119,-114,-116,-106,-118,-121,-132,-132,-125,-134,-138,-146,-132,-148,-146,-152,-152,-152,-147,-165,-148,-154,-172,-161,-170,-178,-176,-199,-197,-206,-188,-195,-200,-198,-200,-226,-214,-210,-236,-186,-123,-98,-88,-99,-139,-203,-267,-263,-254,-371,-409,-370,-261,499,962,960,491,-290,-980,
839633239128734723:-1499,-1676,-1497,-972,-277,-282,-272,-278,-283,-280,-279,-283,-258,-279,-276,-226,-160,-92,-54,-3,30,49,75,108,104,119,107,88,46,23,-2,-53,-94,-148,-213,-212,-203,-195,-188,-168,-169,-180,-185,-169,-154,-169,-147,-141,-144,-139,-145,-157,-129,-123,-144,-124,-115,-122,-111,-115,-125,-108,-128,-112,-117,-110,-117,-121,-126,-135,-127,-109,-119,
839633239690273184:-121,-113,-119,-119,-136,-146,-125,-152,-134,-153,-135,-142,-141,-140,-153,-153,-160,-173,-180,-175,-177,-199,-121,-93,-43,-63,-68,-100,-144,-208,-208,-215,-319,-381,-331,-231,523,977,989,501,-250,-958,-1467,-1660,-1481,-956,-279,-266,-274,-286,-287,-278,-264,-267,-294,-289,-287,-238,-164,-107,-77,-42,17,42,48,77,82,72,77,43,29,-10,-41,
839633240251811645:-104,-156,-195,-246,-236,-243,-225,-229,-219,-236,-202,-205,-214,-194,-206,-183,-208,-184,-193,-178,-171,-164,-183,-158,-159,-164,-169,-160,-147,-146,-145,-154,-137,-139,-119,-129,-122,-115,-140,-127,-125,-112,-128,-120,-107,-118,-116,-132,-121,-105,-114,-117,-138,-111,-125,-137,-141,-146,-121,-143,-142,-150,-137,-139,-105,-59,-31,-14,-20,-60,-117,-160,-181,
839633240813350106:-197,-300,-330,-301,-189,574,1029,1024,547,-208,-925,-1423,-1636,-1448,-931,-241,-231,-237,-248,-245,-256,-249,-262,-268,-266,-263,-216,-160,-103,-77,-36,-1,47,68,51,82,78,46,23,11,-40,-73,-123,-161,-221,-286,-260,-280,-277,-275,-252,-248,-253,-252,-259,-258,-250,-242,-233,-241,-213,-234,-225,-219,-204,-193,-214,-208,-199,-202,-194,-176,-166,
839633241374888567:-165,-188,-179,-162,-156,-160,-163,-156,-146,-142,-157,-148,-129,-142,-122,-130,-139,-135,-115,-127,-136,-132,-123,-121,-126,-124,-120,-132,-134,-120,-119,-116,-112,-54,-33,7,13,-2,-15,-84,-136,-146,-148,-243,-297,-245,-170,592,1061,1066,579,-180,-879,-1392,-1574,-1410,-909,-193,-210,-204,-224,-207,-211,-216,-240,-240,-228,-242,-183,-151,-80,-39,-9,
839633241936427028:36,38,75,93,84,89,57,29,22,-15,-68,-120,-167,-225,-280,-270,-278,-265,-272,-271,-262,-286,-274,-276,-264,-273,-274,-272,-262,-261,-265,-258,-255,-264,-261,-247,-242,-242,-239,-218,-241,-223,-204,-204,-223,-220,-209,-188,-183,-182,-174,-180,-170,-171,-177,-167,-167,-154,-161,-169,-144,-150,-138,-146,-153,-141,-145,-131,-133,-127,-117,-137,-117,
839633242497965489:-133,-126,-74,-16,22,21,19,-14,-50,-123,-137,-121,-229,-284,-228,-139,636,1096,1106,633,-132,-840,-1365,-1564,-1364,-856,-172,-149,-180,-161,-176,-170,-182,-184,-183,-190,-188,-153,-92,-59,-14,18,53,89,103,123,112,101,92,52,38,3,-44,-100,-156,-214,-278,-261,-262,-267,-284,-261,-289,-269,-274,-286,-293,-265,-287,-276,-273,-274,-266,
839633243059503950:-263,-262,-285,-283,-267,-282,-283,-254,-265,-258,-252,-267,-264,-248,-241,-252,-235,-221,-246,-227,-233,-234,-231,-205,-211,-212,-201,-205,-179,-201,-186,-182,-181,-186,-165,-181,-149,-153,-151,-162,-164,-144,-139,-154,-68,-30,16,28,18,-7,-57,-112,-124,-131,-228,-268,-213,-110,637,1110,1102,632,-129,-807,-1344,-1516,-1324,-828,-124,-135,-142,-121,-127,
839633243621042411:-143,-138,-157,-155,-151,-163,-102,-40,-12,35,87,102,127,145,141,150,143,143,107,60,42,-1,-77,-109,-179,-232,-250,-226,-250,-232,-249,-267,-255,-245,-266,-278,-256,-282,-272,-265,-280,-271,-277,-278,-280,-289,-294,-274,-270,-282,-277,-268,-276,-287,-286,-286,-271,-268,-263,-274,-255,-275,-251,-269,-259,-255,-238,-243,-239,-231,-248,-230,-220,
839633244182580872:-210,-218,-211,-203,-195,-189,-190,-193,-186,-190,-196,-173,-170,-127,-54,-21,-17,-24,-40,-99,-139,-134,-152,-255,-283,-247,-127,630,1111,1104,639,-116,-808,-1347,-1525,-1329,-817,-117,-120,-112,-107,-121,-134,-123,-138,-119,-132,-120,-78,-9,23,66,98,143,163,192,180,187,194,177,161,119,80,35,-35,-86,-140,-188,-182,-203,-201,-214,-215,
839633244744119333:-226,-207,-229,-213,-232,-246,-234,-243,-241,-245,-241,-247,-268,-265,-261,-271,-259,-259,-260,-283,-287,-275,-288,-272,-283,-287,-292,-291,-281,-272,-290,-292,-290,-285,-268,-273,-262,-282,-266,-281,-263,-269,-266,-256,-247,-257,-257,-242,-250,-223,-227,-233,-240,-211,-233,-167,-101,-59,-65,-65,-81,-145,-180,-191,-192,-271,-306,-273,-164,596,1068,1067,625,
839633245305657794:-138,-837,-1356,-1542,-1338,-839,-121,-122,-132,-139,-136,-112,-112,-124,-122,-121,-112,-65,-11,34,91,115,163,180,219,234,225,226,194,184,138,124,71,15,-47,-107,-165,-152,-148,-171,-181,-159,-159,-167,-173,-199,-193,-195,-204,-191,-204,-211,-210,-204,-235,-219,-228,-239,-245,-232,-253,-255,-238,-247,-256,-261,-267,-248,-277,-277,-255,-265,-276,
839633245867196255:-278,-285,-279,-283,-266,-266,-266,-288,-277,-267,-292,-275,-286,-288,-265,-268,-260,-259,-276,-267,-275,-270,-243,-241,-204,-145,-105,-108,-96,-118,-183,-237,-223,-207,-324,-374,-300,-198,576,1036,1054,590,-200,-871,-1382,-1581,-1388,-867,-148,-144,-167,-147,-149,-157,-153,-142,-144,-146,-123,-84,-23,34,74,113,169,195,216,234,227,210,202,192,176,
839633246428734716:135,97,26,-5,-60,-138,-126,-135,-134,-128,-126,-126,-151,-141,-144,-157,-160,-171,-159,-168,-155,-184,-181,-170,-196,-187,-185,-188,-209,-193,-209,-211,-212,-222,-208,-225,-230,-232,-240,-237,-241,-250,-241,-255,-255,-270,-267,-268,-258,-269,-276,-259,-266,-277,-281,-289,-277,-288,-278,-294,-265,-279,-277,-282,-291,-287,-229,-163,-144,-113,-122,-159,-214,
839633246990273177:-258,-255,-256,-355,-386,-340,-257,512,996,992,521,-232,-929,-1421,-1605,-1425,-918,-197,-191,-201,-197,-195,-198,-183,-163,-185,-174,-152,-112,-36,16,55,98,139,182,197,217,208,203,213,191,142,134,74,20,-4,-56,-128,-106,-134,-134,-109,-107,-115,-122,-111,-117,-114,-135,-121,-136,-141,-140,-126,-130,-148,-143,-157,-142,-140,-152,-149,-157,
839633247551811638:-159,-168,-173,-166,-198,-178,-180,-211,-188,-189,-216,-218,-215,-204,-211,-239,-218,-228,-241,-248,-256,-244,-236,-256,-255,-252,-259,-276,-268,-283,-283,-270,-260,-273,-284,-230,-167,-125,-121,-149,-163,-217,-267,-273,-271,-382,-417,-366,-262,490,958,983,513,-250,-944,-1469,-1654,-1467,-950,-233,-242,-227,-240,-243,-232,-225,-234,-225,-198,-215,-136,-78,-38,
839633248113350099:17,67,110,134,146,180,176,188,168,161,141,110,60,0,-23,-76,-134,-139,-127,-129,-142,-139,-137,-110,-115,-131,-121,-122,-120,-132,-130,-112,-128,-109,-137,-127,-134,-115,-140,-137,-137,-130,-148,-151,-135,-156,-161,-164,-160,-153,-147,-155,-176,-183,-181,-177,-172,-177,-177,-193,-186,-208,-199,-207,-228,-230,-209,-237,-215,-234,-231,-250,-258,
839633248674888560:-253,-237,-257,-244,-208,-161,-114,-108,-130,-170,-202,-280,-290,-271,-393,-424,-377,-275,482,965,959,496,-271,-987,-1482,-1680,-1486,-986,-274,-259,-254,-254,-249,-259,-273,-261,-247,-251,-251,-176,-134,-69,-11,28,52,90,108,123,152,132,142,117,94,44,34,-15,-57,-114,-171,-175,-161,-171,-147,-159,-137,-131,-151,-126,-143,-142,-139,-116,-141,
839633249236427021:-127,-140,-136,-116,-134,-113,-131,-131,-108,-109,-112,-123,-126,-116,-121,-131,-118,-135,-119,-121,-127,-136,-148,-145,-139,-139,-142,-139,-156,-153,-166,-172,-181,-169,-170,-176,-182,-196,-186,-197,-186,-217,-220,-218,-220,-220,-160,-114,-99,-73,-104,-142,-200,-256,-242,-256,-366,-394,-372,-264,491,959,973,502,-260,-971,-1480,-1677,-1490,-974,-277,-285,-288,
839633249797965482:-269,-294,-275,-281,-268,-286,-278,-268,-202,-171,-115,-73,-10,12,46,71,79,94,111,105,81,53,28,-36,-56,-103,-148,-198,-195,-198,-205,-192,-195,-203,-190,-171,-176,-182,-173,-155,-163,-154,-143,-158,-140,-150,-154,-140,-147,-136,-126,-132,-133,-118,-125,-123,-126,-116,-106,-120,-106,-106,-120,-132,-112,-108,-121,-128,-130,-111,-125,-137,-140,
839633250359503943:-146,-141,-150,-152,-145,-156,-137,-150,-167,-158,-173,-169,-154,-168,-187,-130,-65,-57,-41,-46,-96,-150,-193,-215,-218,-313,-360,-336,-239,525,993,983,520,-240,-952,-1481,-1644,-1472,-966,-265,-254,-264,-274,-267,-260,-263,-279,-289,-279,-270,-214,-173,-110,-75,-37,-2,40,56,55,86,82,66,52,3,-11,-51,-86,-132,-203,-242,-244,-236,-245,
839633250921042404:-235,-236,-220,-218,-220,-219,-230,-211,-212,-196,-185,-202,-199,-180,-197,-178,-183,-176,-167,-167,-166,-154,-157,-138,-144,-136,-127,-135,-151,-124,-146,-144,-136,-112,-114,-112,-113,-124,-130,-119,-113,-114,-132,-132,-109,-115,-136,-123,-128,-127,-120,-122,-118,-132,-133,-123,-149,-82,-47,-6,11,-25,-63,-109,-173,-171,-162,-278,-327,-297,-200,568,1027,
839633251482580865:1025,547,-198,-918,-1420,-1615,-1437,-918,-242,-238,-238,-256,-249,-235,-248,-242,-267,-250,-277,-225,-164,-113,-51,-15,22,28,63,75,73,51,55,34,-1,-35,-65,-133,-179,-216,-277,-276,-287,-267,-255,-276,-266,-261,-266,-270,-261,-258,-243,-235,-245,-249,-222,-217,-225,-216,-206,-216,-201,-193,-207,-187,-182,-180,-177,-197,-192,-179,-169,-154,-148,
839633252044119326:-151,-149,-164,-155,-142,-152,-152,-145,-148,-128,-118,-139,-129,-136,-111,-127,-134,-135,-128,-129,-118,-118,-109,-121,-131,-125,-54,-17,8,38,12,-36,-74,-138,-124,-145,-245,-291,-256,-148,618,1083,1080,610,-166,-857,-1374,-1576,-1388,-881,-198,-203,-187,-207,-220,-220,-205,-215,-225,-222,-226,-173,-115,-71,-50,1,48,52,72,77,85,71,77,
839633252605657787:28,-1,-38,-58,-105,-152,-224,-290,-283,-288,-289,-266,-266,-278,-269,-275,-273,-272,-276,-271,-272,-282,-256,-277,-264,-271,-257,-255,-236,-242,-242,-228,-244,-250,-222,-218,-236,-234,-208,-200,-207,-219,-206,-193,-191,-186,-188,-189,-164,-158,-175,-180,-156,-162,-157,-165,-154,-153,-148,-144,-122,-138,-121,-145,-132,-141,-137,-138,-66,-29,32,19,25,
839633253167196248:-12,-75,-119,-127,-129,-236,-278,-216,-112,641,1099,1112,622,-123,-828,-1336,-1551,-1356,-846,-164,-140,-164,-173,-173,-165,-186,-182,-165,-171,-189,-138,-80,-35,0,24,71,85,118,130,126,104,96,83,42,1,-53,-97,-160,-195,-266,-247,-252,-267,-255,-263,-266,-282,-279,-279,-278,-267,-274,-271,-289,-290,-291,-294,-268,-276,-286,-267,-272,-267,
839633253728734709:-260,-265,-271,-258,-268,-267,-245,-238,-239,-237,-256,-227,-237,-229,-226,-226,-228,-217,-225,-203,-207,-200,-208,-185,-183,-177,-173,-177,-168,-183,-161,-152,-166,-151,-162,-136,-146,-100,-48,-8,12,7,-26,-72,-132,-127,-111,-233,-266,-222,-126,630,1122,1126,651,-112,-827,-1348,-1510,-1343,-830,-110,-124,-115,-145,-127,-145,-147,-137,-142,-146,-146,-105,
839633254290273170:-49,-7,39,68,107,152,142,167,166,162,134,121,87,50,-1,-68,-99,-179,-212,-238,-228,-223,-228,-257,-245,-251,-264,-249,-246,-261,-271,-261,-280,-282,-282,-282,-273,-286,-286,-291,-279,-294,-270,-289,-286,-275,-279,-287,-277,-276,-263,-279,-279,-264,-261,-276,-263,-247,-244,-257,-249,-253,-260,-239,-225,-237,-220,-220,-230,-215,-225,-202,-203,
839633254851811631:-206,-198,-209,-193,-174,-173,-116,-68,-35,-16,-33,-61,-110,-151,-139,-134,-260,-305,-256,-147,617,1098,1113,642,-123,-830,-1325,-1521,-1345,-833,-117,-134,-108,-113,-135,-124,-110,-107,-108,-111,-122,-70,-24,42,59,126,152,160,186,198,199,189,173,168,114,77,43,-12,-64,-115,-196,-179,-178,-182,-203,-209,-200,-198,-214,-226,-208,-223,-222,
839633255413350092:-226,-236,-249,-246,-238,-241,-251,-259,-245,-275,-267,-269,-282,-265,-284,-277,-287,-278,-267,-263,-270,-273,-268,-292,-269,-268,-292,-268,-278,-267,-280,-265,-278,-265,-264,-276,-262,-264,-266,-244,-244,-240,-259,-253,-248,-233,-237,-237,-173,-110,-74,-50,-65,-109,-139,-203,-203,-180,-300,-326,-297,-167,580,1075,1089,594,-157,-855,-1354,-1556,-1354,-844,-147,
839633255974888553:-148,-136,-123,-135,-126,-131,-116,-110,-117,-120,-65,-4,38,91,121,178,191,198,220,231,213,209,168,148,113,64,35,-41,-98,-145,-144,-144,-160,-153,-152,-161,-176,-176,-184,-187,-177,-174,-203,-198,-200,-194,-212,-220,-207,-212,-221,-229,-226,-246,-244,-242,-252,-243,-252,-250,-252,-257,-271,-256,-258,-276,-282,-265,-261,-268,-264,-267,-272,
839633256536427014:-270,-294,-284,-292,-288,-294,-270,-273,-285,-265,-274,-273,-267,-263,-271,-274,-270,-213,-153,-110,-94,-120,-123,-178,-240,-234,-238,-322,-382,-331,-201,567,1031,1041,567,-202,-880,-1410,-1578,-1387,-875,-156,-180,-151,-149,-155,-145,-146,-152,-149,-156,-128,-71,-14,30,88,108,162,198,210,235,224,231,226,192,148,141,89,31,-12,-71,-112,-121,
839633257097965475:-139,-121,-140,-124,-145,-133,-139,-143,-152,-148,-139,-163,-151,-154,-177,-159,-160,-179,-162,-193,-191,-177,-183,-186,-216,-192,-216,-212,-206,-225,-236,-223,-244,-248,-252,-247,-251,-261,-247,-244,-250,-262,-266,-273,-254,-266,-273,-265,-284,-264,-272,-278,-293,-285,-293,-286,-287,-276,-286,-235,-173,-132,-125,-138,-150,-221,-254,-251,-272,-369,-405,-367,-262,
839633257659503936:510,990,1001,536,-228,-925,-1440,-1630,-1421,-907,-216,-202,-194,-189,-211,-182,-174,-195,-188,-169,-186,-128,-59,0,60,101,122,165,173,216,224,194,199,192,158,104,77,28,-10,-59,-109,-132,-119,-126,-111,-127,-120,-108,-107,-132,-121,-134,-135,-115,-126,-119,-130,-135,-122,-149,-135,-151,-158,-150,-157,-152,-157,-177,-170,-173,-170,-180,-198,
839633258221042397:-196,-202,-207,-193,-209,-200,-207,-212,-223,-216,-224,-245,-232,-227,-250,-233,-249,-245,-246,-245,-253,-266,-253,-273,-254,-278,-275,-265,-220,-182,-134,-113,-147,-186,-206,-270,-286,-267,-399,-435,-385,-280,488,978,963,485,-271,-962,-1462,-1669,-1464,-966,-247,-237,-249,-228,-245,-220,-221,-237,-234,-211,-201,-157,-88,-39,14,39,95,135,143,171,160,
839633258782580858:162,174,145,122,76,36,9,-53,-92,-156,-133,-143,-147,-121,-121,-131,-115,-118,-115,-125,-118,-118,-115,-112,-111,-113,-123,-127,-125,-115,-127,-117,-132,-129,-122,-118,-125,-146,-127,-130,-144,-158,-147,-159,-141,-149,-148,-173,-181,-173,-163,-183,-191,-190,-179,-205,-188,-195,-215,-207,-215,-233,-212,-215,-234,-220,-251,-253,-242,-259,-183,-144,-106,
839633259344119319:-99,-117,-163,-213,-280,-283,-286,-374,-415,-380,-273,471,954,947,474,-277,-990,-1488,-1675,-1486,-972,-271,-278,-272,-260,-266,-262,-266,-267,-259,-245,-245,-190,-125,-75,-40,21,60,84,111,111,120,141,132,93,76,58,13,-20,-75,-143,-193,-188,-156,-174,-151,-153,-166,-160,-158,-147,-145,-140,-144,-144,-123,-122,-142,-143,-125,-130,-134,-132,
839633259905657780:-130,-119,-114,-107,-126,-125,-118,-114,-126,-129,-130,-117,-130,-122,-120,-141,-148,-128,-138,-129,-149,-145,-137,-143,-143,-150,-153,-165,-172,-172,-174,-190,-196,-191,-193,-201,-204,-200,-224,-163,-115,-93,-64,-102,-117,-171,-225,-237,-256,-355,-410,-347,-262,488,982,971,507,-274,-966,-1487,-1667,-1492,-988,-288,-272,-294,-287,-275,-274,-273,-273,-289,-286,
839633260467196241:-268,-212,-165,-105,-51,-15,28,33,79,77,95,89,89,69,46,-2,-34,-79,-110,-166,-224,-227,-203,-218,-209,-197,-199,-188,-188,-170,-185,-176,-175,-177,-177,-162,-156,-163,-151,-151,-156,-151,-151,-135,-141,-148,-139,-142,-136,-140,-121,-138,-131,-123,-133,-107,-131,-125,-112,-135,-118,-128,-135,-133,-140,-131,-114,-129,-135,-119,-121,-130,-150,
839633261028734702:-138,-152,-165,-152,-170,-145,-165,-152,-127,-71,-41,-24,-44,-83,-150,-197,-194,-203,-307,-375,-333,-211,542,1010,996,537,-228,-951,-1445,-1657,-1453,-944,-270,-256,-254,-273,-258,-284,-268,-269,-285,-275,-267,-231,-172,-117,-72,-46,6,40,59,72,59,62,46,44,17,-29,-74,-121,-157,-198,-243,-261,-237,-252,-251,-242,-243,-236,-217,-221,-236,
839633261590273163:-217,-201,-227,-205,-209,-214,-210,-188,-180,-178,-179,-168,-166,-157,-171,-158,-168,-170,-164,-138,-144,-148,-154,-125,-137,-138,-129,-140,-116,-136,-120,-112,-109,-127,-126,-109,-119,-107,-134,-123,-111,-135,-107,-129,-125,-140,-126,-119,-142,-144,-90,-39,10,1,-7,-36,-99,-145,-168,-178,-261,-320,-277,-176,588,1054,1045,581,-192,-898,-1431,-1600,-1431,
839633262151811624:-921,-215,-230,-242,-236,-226,-233,-240,-259,-242,-247,-250,-207,-155,-99,-75,-25,23,34,70,64,84,78,54,23,1,-33,-65,-125,-166,-231,-285,-261,-264,-282,-260,-285,-262,-268,-275,-270,-269,-251,-243,-250,-234,-257,-241,-233,-222,-245,-214,-213,-226,-217,-202,-215,-192,-188,-200,-193,-180,-181,-175,-164,-182,-165,-162,-166,-162,-142,-143,-162,
839633262713350085:-158,-146,-139,-143,-138,-117,-143,-138,-119,-111,-119,-116,-114,-128,-125,-114,-113,-119,-133,-57,-14,10,13,21,-20,-67,-125,-138,-133,-230,-290,-234,-141,631,1079,1070,598,-145,-860,-1363,-1557,-1383,-864,-169,-188,-178,-183,-197,-205,-209,-196,-210,-205,-211,-156,-121,-88,-40,-3,40,66,81,103,82,90,79,41,8,-31,-75,-115,-159,-232,
839633263274888546:-285,-271,-274,-277,-271,-282,-277,-294,-286,-276,-278,-279,-281,-269,-267,-282,-278,-260,-266,-263,-259,-271,-241,-261,-251,-235,-238,-241,-247,-235,-223,-219,-230,-206,-224,-208,-220,-200,-198,-193,-188,-178,-178,-177,-171,-163,-180,-148,-162,-164,-163,-150,-159,-136,-134,-153,-134,-134,-118,-140,-140,-56,-3,29,15,26,-6,-49,-113,-132,-106,-223,-284,
839633263836427007:-228,-111,634,1120,1123,650,-126,-844,-1332,-1526,-1348,-851,-152,-140,-144,-148,-161,-150,-164,-182,-168,-175,-177,-116,-71,-18,22,35,93,99,113,125,117,124,110,73,56,9,-23,-97,-153,-190,-257,-251,-253,-254,-276,-279,-264,-260,-277,-262,-287,-269,-272,-280,-290,-264,-267,-279,-287,-279,-280,-289,-271,-262,-266,-287,-272,-262,-280,-270,-272,
839633264397965468:-253,-271,-240,-249,-242,-231,-240,-245,-230,-243,-228,-238,-228,-230,-216,-194,-190,-186,-197,-183,-176,-182,-179,-185,-172,-180,-170,-146,-164,-153,-104,-55,-4,-2,9,-16,-64,-137,-132,-139,-227,-282,-225,-133,641,1123,1129,641,-134,-817,-1344,-1510,-1343,-813,-137,-112,-114,-113,-129,-123,-118,-140,-135,-150,-149,-78,-28,3,60,76,121,157,166,
839633264959503929:164,165,180,137,122,79,60,14,-30,-113,-144,-218,-231,-232,-212,-232,-222,-251,-247,-259,-247,-266,-267,-253,-271,-251,-272,-275,-277,-264,-271,-283,-271,-268,-265,-274,-279,-280,-284,-277,-285,-277,-285,-285,-270,-290,-273,-280,-258,-282,-253,-252,-271,-246,-257,-255,-251,-253,-259,-234,-245,-241,-238,-240,-215,-210,-202,-215,-221,-189,-199,-181,-134,
839633265521042390:-88,-59,-42,-32,-61,-104,-152,-164,-151,-261,-286,-253,-135,611,1111,1087,619,-144,-842,-1350,-1514,-1339,-826,-130,-121,-106,-112,-135,-124,-121,-114,-123,-132,-121,-59,0,44,72,117,153,169,192,213,198,189,190,160,136,90,45,-5,-70,-126,-169,-166,-170,-173,-192,-190,-205,-212,-214,-204,-204,-221,-221,-229,-223,-245,-239,-243,-243,-258,
839633266082580851:-249,-261,-270,-272,-250,-274,-255,-266,-278,-270,-288,-276,-276,-285,-269,-291,-283,-291,-273,-265,-272,-284,-292,-276,-284,-282,-274,-258,-261,-261,-271,-264,-258,-251,-242,-240,-238,-253,-247,-240,-223,-163,-117,-76,-56,-82,-108,-145,-193,-214,-206,-307,-329,-302,-189,602,1048,1062,599,-161,-852,-1353,-1549,-1355,-851,-149,-153,-146,-143,-124,-118,-141,-142,
839633266644119312:-118,-136,-130,-67,-4,41,86,122,151,200,197,213,229,227,209,196,169,116,83,34,-39,-73,-143,-156,-147,-149,-151,-147,-158,-171,-150,-168,-176,-168,-179,-172,-178,-180,-188,-197,-198,-205,-200,-221,-232,-234,-235,-227,-234,-224,-233,-246,-258,-257,-249,-261,-252,-259,-274,-274,-263,-285,-286,-289,-261,-269,-289,-291,-294,-285,-269,-284,-275,
839633267205657773:-265,-287,-272,-287,-276,-287,-273,-267,-268,-265,-203,-149,-118,-94,-105,-144,-196,-245,-238,-251,-343,-389,-331,-226,551,1020,1024,560,-191,-893,-1413,-1601,-1413,-886,-174,-172,-172,-173,-161,-160,-166,-153,-161,-148,-159,-99,-40,31,81,120,141,176,195,232,227,222,219,199,154,116,94,23,-20,-67,-125,-119,-111,-121,-121,-127,-123,-132,-141,
839633267767196234:-136,-137,-150,-149,-139,-142,-163,-149,-167,-160,-156,-157,-171,-183,-183,-199,-181,-179,-188,-191,-193,-220,-210,-211,-233,-216,-240,-233,-243,-235,-240,-256,-244,-237,-244,-253,-273,-276,-259,-276,-261,-285,-261,-269,-285,-286,-271,-281,-278,-275,-272,-272,-217,-172,-137,-134,-128,-164,-213,-284,-258,-279,-377,-418,-361,-253,510,991,980,507,-239,-950,-1461,
839633268328734695:-1626,-1431,-926,-226,-231,-226,-224,-194,-215,-204,-195,-201,-177,-190,-132,-60,-9,37,83,123,160,178,199,206,204,196,170,153,107,85,13,-8,-83,-116,-122,-131,-123,-118,-127,-129,-130,-121,-110,-110,-125,-123,-111,-110,-119,-124,-143,-135,-143,-124,-131,-129,-139,-141,-148,-140,-144,-172,-161,-164,-163,-164,-192,-174,-176,-178,-184,-188,-191,
839633268890273156:-211,-215,-202,-219,-211,-216,-213,-232,-239,-242,-230,-237,-254,-265,-267,-266,-249,-248,-264,-266,-256,-228,-158,-145,-123,-143,-168,-208,-281,-278,-266,-377,-438,-391,-282,482,957,974,482,-287,-965,-1487,-1672,-1481,-961,-250,-253,-262,-260,-258,-247,-236,-241,-226,-232,-211,-164,-94,-40,0,56,88,120,134,158,178,157,159,147,126,75,45,6,
839633269451811617:-55,-110,-142,-150,-149,-140,-153,-149,-123,-130,-131,-130,-111,-118,-132,-113,-106,-123,-121,-127,-107,-109,-135,-124,-130,-128,-135,-140,-112,-120,-138,-141,-144,-126,-142,-136,-146,-149,-162,-164,-161,-160,-164,-153,-181,-168,-176,-171,-177,-178,-199,-187,-205,-203,-212,-204,-227,-214,-216,-241,-232,-235,-252,-190,-149,-120,-106,-102,-167,-210,-254,-273,-282,
839633270013350078:-390,-437,-389,-289,493,956,969,476,-288,-971,-1488,-1683,-1500,-966,-274,-288,-289,-280,-268,-279,-260,-265,-250,-259,-246,-199,-137,-97,-35,3,53,58,101,119,128,118,108,92,86,33,-8,-38,-98,-142,-195,-189,-185,-181,-178,-164,-156,-153,-150,-144,-139,-133,-136,-140,-137,-123,-125,-146,-142,-142,-114,-121,-119,-114,-114,-118,-125,-111,-118,
839633270574888539:-128,-113,-130,-109,-113,-137,-121,-115,-131,-128,-137,-141,-120,-143,-147,-154,-150,-138,-164,-169,-169,-171,-157,-175,-173,-178,-191,-180,-180,-180,-182,-208,-149,-109,-62,-52,-71,-125,-166,-232,-220,-245,-352,-407,-368,-257,495,987,961,502,-264,-966,-1475,-1668,-1470,-969,-272,-290,-268,-291,-274,-284,-272,-274,-281,-280,-282,-228,-164,-105,-76,-9,24,
839633271136427000:56,55,80,79,84,63,53,19,-6,-46,-88,-116,-182,-227,-216,-215,-219,-212,-218,-194,-200,-188,-189,-187,-190,-175,-182,-178,-168,-171,-150,-162,-158,-151,-158,-160,-137,-136,-145,-126,-140,-130,-116,-136,-120,-128,-131,-113,-130,-123,-131,-116,-126,-111,-107,-107,-126,-128,-118,-117,-138,-138,-115,-145,-126,-124,-151,-127,-140,-156,-149,-155,-146,
839633271697965461:-154,-105,-70,-30,-33,-28,-89,-128,-203,-178,-210,-311,-363,-322,-208,542,1013,1016,521,-244,-921,-1445,-1645,-1472,-946,-248,-249,-270,-255,-278,-265,-275,-267,-261,-260,-285,-226,-180,-127,-78,-29,-2,36,57,71,75,76,69,47,-4,-36,-81,-112,-152,-196,-248,-247,-261,-247,-257,-252,-255,-237,-228,-237,-222,-213,-227,-230,-226,-211,-209,-211,
839633272259503922:-202,-188,-199,-196,-199,-183,-180,-181,-174,-162,-153,-161,-166,-155,-146,-152,-145,-128,-152,-127,-147,-143,-142,-141,-136,-138,-119,-125,-135,-115,-105,-129,-129,-125,-114,-108,-133,-137,-119,-112,-117,-120,-126,-75,-18,9,10,1,-46,-79,-140,-141,-170,-255,-324,-266,-160,591,1062,1040,579,-180,-905,-1418,-1599,-1429,-918,-222,-213,-225,-211,-217,-228,
839633272821042383:-227,-251,-250,-233,-258,-208,-156,-95,-43,-5,25,32,71,67,72,68,44,23,7,-34,-61,-126,-172,-212,-276,-270,-293,-272,-267,-276,-281,-261,-260,-281,-261,-271,-272,-259,-259,-247,-247,-259,-250,-247,-241,-236,-214,-237,-221,-210,-211,-196,-216,-201,-182,-182,-197,-193,-183,-166,-169,-174,-152,-151,-153,-140,-153,-134,-146,-150,-134,-126,-145,
839633273382580844:-125,-142,-118,-139,-138,-125,-121,-113,-125,-131,-118,-107,-65,-3,31,28,16,-11,-72,-113,-117,-137,-221,-279,-253,-123,613,1107,1101,626,-139,-865,-1373,-1573,-1372,-881,-187,-161,-181,-173,-176,-184,-203,-201,-207,-203,-201,-164,-98,-55,-24,22,37,58,80,108,88,92,73,55,24,-15,-50,-119,-175,-214,-278,-263,-276,-272,-283,-270,-281,
839633273944119305:-294,-266,-286,-273,-281,-267,-273,-278,-282,-268,-281,-257,-261,-280,-277,-263,-263,-247,-264,-261,-244,-244,-234,-235,-235,-234,-231,-225,-233,-215,-198,-217,-211,-208,-204,-186,-196,-177,-178,-188,-179,-156,-157,-167,-161,-158,-160,-151,-156,-152,-134,-128,-147,-142,-85,-9,24,37,22,0,-72,-126,-128,-124,-237,-269,-234,-106,633,1123,1117,635,-129,
839633274505657766:-837,-1356,-1526,-1334,-848,-136,-147,-142,-132,-147,-157,-171,-159,-166,-166,-175,-130,-79,-13,10,57,85,117,130,134,128,144,115,102,50,24,-29,-70,-125,-173,-242,-248,-258,-253,-262,-249,-254,-281,-256,-274,-264,-269,-272,-279,-281,-275,-284,-282,-275,-267,-284,-273,-292,-286,-286,-265,-281,-258,-258,-285,-278,-266,-249,-267,-264,-262,-251,-236,
839633275067196227:-253,-244,-237,-250,-235,-238,-237,-221,-209,-200,-203,-199,-206,-190,-207,-182,-181,-171,-167,-179,-170,-171,-176,-100,-43,-2,-7,-12,-44,-75,-126,-135,-142,-245,-294,-247,-127,640,1110,1100,646,-131,-814,-1327,-1535,-1337,-834,-113,-119,-116,-131,-112,-137,-118,-137,-126,-148,-137,-98,-19,1,43,83,144,162,163,168,181,172,153,135,95,48,
839633275628734688:7,-23,-99,-137,-196,-217,-229,-211,-218,-239,-217,-237,-233,-249,-241,-233,-254,-243,-241,-247,-254,-258,-266,-253,-280,-267,-273,-273,-277,-272,-290,-276,-265,-274,-264,-291,-267,-270,-272,-265,-274,-271,-276,-277,-254,-254,-251,-270,-261,-263,-240,-254,-248,-230,-238,-223,-245,-222,-212,-226,-217,-205,-214,-207,-212,-151,-78,-67,-38,-52,-67,-123,-158,
839633276190273149:-182,-150,-255,-300,-270,-143,618,1096,1096,616,-142,-846,-1349,-1529,-1335,-820,-118,-120,-130,-113,-135,-123,-120,-120,-116,-114,-118,-61,0,26,73,123,163,189,202,208,212,208,177,175,124,86,55,-3,-53,-94,-176,-183,-168,-163,-194,-195,-174,-180,-211,-185,-191,-216,-222,-210,-206,-236,-227,-221,-249,-236,-239,-241,-259,-250,-263,-261,-256,
839633276751811610:-277,-268,-253,-276,-261,-270,-271,-281,-270,-291,-287,-282,-283,-287,-289,-289,-264,-271,-288,-276,-282,-270,-264,-268,-272,-273,-260,-259,-257,-259,-268,-239,-236,-236,-180,-141,-89,-92,-87,-100,-164,-204,-220,-220,-319,-333,-302,-203,589,1065,1051,574,-168,-862,-1381,-1559,-1381,-847,-142,-132,-155,-141,-144,-125,-126,-125,-135,-114,-140,-58,-18,41,72,
839633277313350071:132,167,183,203,214,245,227,208,193,164,131,86,45,-15,-77,-140,-122,-151,-140,-157,-134,-142,-139,-153,-148,-155,-161,-155,-184,-188,-180,-176,-194,-187,-193,-194,-194,-206,-221,-226,-225,-235,-241,-236,-232,-240,-233,-248,-250,-263,-257,-266,-257,-257,-263,-261,-278,-286,-262,-286,-269,-269,-265,-281,-292,-287,-294,-268,-276,-287,-272,-268,-284,
839633277874888532:-263,-275,-271,-210,-157,-125,-110,-136,-143,-186,-263,-253,-235,-356,-387,-329,-222,550,1013,1030,553,-219,-903,-1405,-1610,-1403,-878,-185,-189,-167,-189,-179,-175,-169,-158,-147,-153,-162,-89,-35,0,66,122,134,167,207,214,224,213,210,182,170,114,84,31,-20,-50,-131,-112,-114,-118,-109,-117,-112,-126,-127,-121,-129,-136,-124,-125,-148,-140,
839633278436426993:-132,-147,-146,-165,-168,-164,-177,-156,-169,-170,-174,-182,-186,-203,-211,-210,-220,-217,-205,-215,-229,-235,-237,-220,-233,-253,-258,-262,-242,-267,-249,-257,-249,-279,-255,-279,-275,-286,-285,-262,-264,-275,-268,-293,-288,-226,-183,-125,-117,-135,-157,-227,-262,-269,-282,-372,-413,-369,-269,496,967,983,513,-265,-941,-1458,-1634,-1451,-926,-238,-227,-226,-214,
839633278997965454:-231,-225,-222,-192,-199,-188,-185,-127,-68,-22,44,85,107,147,171,199,191,200,199,166,132,104,81,36,-34,-86,-134,-113,-128,-117,-121,-116,-132,-115,-133,-135,-109,-122,-110,-128,-128,-130,-123,-136,-124,-118,-143,-130,-135,-129,-140,-133,-133,-148,-160,-156,-150,-148,-172,-159,-170,-172,-175,-175,-178,-206,-208,-197,-200,-208,-203,-227,-212,
839633279559503915:-212,-227,-232,-232,-231,-251,-235,-254,-256,-258,-254,-274,-251,-258,-204,-170,-117,-118,-122,-178,-224,-293,-293,-268,-387,-427,-385,-292,477,965,950,479,-268,-962,-1485,-1678,-1474,-978,-259,-262,-273,-270,-250,-256,-247,-254,-248,-246,-220,-187,-125,-48,2,31,83,118,139,145,169,170,153,121,95,86,48,5,-52,-94,-143,-158,-150,-137,-144,
839633280121042376:-153,-132,-138,-148,-130,-121,-140,-134,-120,-127,-135,-112,-120,-107,-107,-121,-128,-134,-126,-116,-114,-134,-111,-120,-119,-123,-118,-148,-140,-136,-134,-130,-160,-162,-141,-158,-146,-158,-179,-162,-176,-184,-168,-176,-183,-186,-200,-199,-216,-217,-206,-220,-225,-227,-244,-221,-175,-140,-104,-85,-98,-144,-206,-264,-248,-274,-371,-427,-372,-286,491,959,952,
839633280682580837:475,-274,-991,-1490,-1671,-1488,-994,-274,-282,-267,-288,-263,-262,-269,-261,-263,-256,-280,-203,-140,-109,-39,-18,29,63,78,108,126,102,94,75,54,30,-13,-54,-83,-133,-202,-203,-192,-189,-168,-162,-160,-172,-156,-148,-169,-151,-157,-161,-133,-158,-154,-144,-125,-141,-118,-141,-117,-129,-126,-114,-121,-112,-115,-113,-125,-106,-108,-113,-115,-108,
839633281244119298:-131,-112,-134,-121,-135,-118,-118,-149,-137,-141,-142,-150,-140,-143,-151,-163,-153,-156,-165,-165,-182,-170,-181,-200,-190,-143,-102,-67,-50,-75,-96,-154,-216,-222,-235,-325,-390,-357,-257,512,990,992,510,-266,-962,-1490,-1671,-1488,-963,-283,-267,-268,-283,-292,-272,-287,-293,-291,-292,-284,-218,-166,-116,-77,-15,11,47,61,70,73,80,74,58,
839633281805657759:12,0,-47,-104,-138,-183,-236,-237,-242,-213,-215,-224,-206,-220,-218,-204,-206,-185,-186,-202,-185,-173,-176,-177,-183,-167,-157,-161,-149,-144,-144,-154,-131,-127,-144,-123,-137,-135,-129,-136,-111,-121,-126,-127,-131,-116,-115,-135,-124,-124,-117,-132,-121,-127,-111,-124,-126,-143,-130,-122,-148,-126,-138,-149,-132,-155,-159,-110,-49,-27,-6,-23,-52,
839633282367196220:-130,-171,-196,-187,-298,-333,-314,-213,553,1029,1033,549,-224,-935,-1450,-1648,-1460,-938,-260,-240,-244,-259,-245,-257,-249,-270,-270,-271,-269,-231,-170,-107,-71,-18,-8,26,41,60,82,58,44,18,-7,-18,-70,-118,-154,-228,-265,-275,-277,-258,-265,-243,-246,-243,-244,-258,-231,-236,-226,-230,-215,-217,-217,-200,-200,-202,-210,-200,-209,-198,-184,
839633282928734681:-177,-168,-182,-185,-162,-149,-170,-165,-142,-163,-145,-132,-150,-127,-131,-120,-122,-122,-126,-141,-127,-125,-112,-130,-112,-110,-130,-129,-110,-122,-122,-111,-109,-133,-128,-122,-64,-34,3,10,10,-17,-85,-145,-155,-146,-250,-298,-250,-153,610,1071,1047,579,-181,-880,-1409,-1584,-1422,-893,-214,-194,-209,-205,-231,-236,-220,-244,-225,-250,-228,-203,-150,
839633283490273142:-97,-43,-13,18,54,59,81,92,59,64,41,2,-40,-82,-119,-171,-220,-292,-291,-269,-294,-279,-272,-289,-285,-271,-282,-256,-254,-268,-248,-260,-268,-258,-247,-264,-250,-242,-252,-233,-228,-229,-220,-231,-217,-206,-197,-219,-187,-204,-194,-203,-190,-195,-174,-168,-177,-152,-147,-150,-164,-163,-154,-133,-151,-128,-151,-148,-118,-122,-118,-120,-137,
839633284051811603:-112,-120,-112,-107,-126,-54,-16,6,15,28,-7,-73,-123,-130,-140,-227,-267,-248,-137,624,1086,1083,635,-152,-838,-1364,-1564,-1381,-860,-152,-157,-178,-185,-193,-172,-199,-195,-180,-191,-208,-166,-89,-43,-2,33,64,71,90,103,111,93,70,55,37,-9,-63,-105,-147,-203,-272,-274,-279,-279,-267,-276,-290,-274,-273,-277,-278,-273,-276,-267,
839633284613350064:-289,-265,-289,-289,-275,-279,-265,-281,-255,-278,-251,-261,-256,-247,-256,-246,-249,-253,-238,-246,-243,-213,-230,-216,-213,-223,-197,-207,-203,-206,-188,-174,-175,-185,-172,-169,-177,-150,-175,-154,-159,-140,-161,-147,-147,-140,-151,-74,-35,1,24,23,-22,-75,-120,-112,-136,-221,-274,-237,-133,639,1124,1113,628,-121,-812,-1337,-1526,-1351,-820,-129,-139,
839633285174888525:-149,-154,-134,-134,-143,-154,-161,-168,-151,-121,-71,-13,25,81,86,115,145,162,159,145,131,95,67,35,-28,-56,-114,-189,-251,-245,-239,-240,-248,-266,-260,-246,-252,-261,-255,-266,-266,-269,-282,-282,-287,-272,-293,-278,-270,-274,-293,-274,-277,-276,-284,-284,-279,-264,-270,-267,-262,-271,-276,-276,-256,-256,-266,-261,-250,-229,-245,-230,-246,
839633285736426986:-233,-237,-208,-223,-217,-216,-206,-188,-188,-207,-205,-194,-169,-191,-180,-175,-97,-46,-13,-18,-17,-53,-77,-156,-143,-139,-239,-297,-241,-129,625,1125,1104,648,-122,-828,-1319,-1529,-1343,-817,-124,-113,-111,-131,-121,-109,-129,-116,-127,-143,-117,-89,-28,17,60,91,128,166,175,201,193,168,167,132,102,77,17,-29,-77,-146,-200,-191,-214,
839633286297965447:-216,-198,-225,-226,-234,-218,-227,-248,-237,-233,-250,-244,-255,-266,-271,-260,-250,-258,-275,-276,-276,-278,-275,-280,-266,-269,-267,-266,-267,-270,-287,-264,-293,-285,-274,-262,-288,-269,-260,-260,-256,-257,-252,-250,-270,-248,-264,-243,-258,-253,-243,-236,-236,-225,-216,-219,-204,-220,-155,-97,-58,-60,-59,-89,-122,-167,-172,-186,-261,-324,-270,-150,607,
839633286859503908:1086,1101,607,-158,-845,-1338,-1524,-1338,-837,-128,-127,-134,-137,-127,-135,-113,-111,-127,-132,-129,-72,3,31,92,137,173,176,195,204,208,217,185,184,159,115,56,2,-42,-114,-165,-147,-177,-155,-163,-164,-172,-185,-179,-194,-203,-188,-211,-213,-220,-221,-233,-207,-232,-227,-244,-240,-255,-259,-255,-238,-238,-270,-257,-272,-268,-270,-267,-269,
839633287421042369:-285,-269,-271,-285,-289,-283,-290,-274,-269,-291,-270,-276,-291,-272,-285,-272,-259,-279,-273,-284,-273,-277,-273,-261,-258,-248,-243,-178,-142,-116,-102,-106,-130,-180,-231,-234,-229,-325,-362,-301,-212,562,1034,1039,591,-167,-874,-1384,-1578,-1374,-876,-145,-144,-137,-155,-160,-140,-151,-122,-141,-142,-136,-68,-16,26,78,125,174,184,217,229,230,231,
839633287982580830:220,194,151,134,68,34,-25,-87,-132,-131,-134,-130,-149,-144,-145,-142,-150,-140,-143,-170,-151,-153,-156,-174,-191,-189,-195,-191,-191,-197,-203,-193,-195,-216,-225,-223,-237,-219,-222,-242,-242,-239,-232,-246,-261,-268,-243,-259,-252,-258,-281,-263,-278,-259,-275,-283,-280,-289,-268,-293,-281,-294,-286,-292,-283,-269,-281,-275,-260,-216,-171,-116,-117,
839633288544119291:-121,-169,-200,-257,-260,-261,-356,-401,-343,-238,542,1004,995,544,-224,-912,-1426,-1614,-1407,-917,-212,-193,-190,-191,-175,-182,-186,-185,-178,-166,-149,-100,-41,23,69,102,141,180,184,205,216,203,200,193,160,136,82,46,-13,-56,-105,-115,-111,-128,-107,-132,-108,-113,-117,-115,-142,-129,-125,-148,-129,-126,-132,-158,-131,-155,-162,-168,-162,
839633289105657752:-150,-153,-169,-170,-187,-189,-185,-185,-191,-188,-190,-216,-198,-211,-219,-206,-217,-223,-225,-228,-225,-228,-257,-260,-266,-249,-273,-265,-255,-265,-274,-267,-278,-278,-289,-287,-290,-273,-219,-168,-125,-136,-146,-181,-220,-292,-267,-291,-370,-424,-364,-259,503,984,978,488,-253,-964,-1473,-1634,-1468,-953,-240,-248,-237,-219,-218,-220,-228,-212,-222,-197,-194,
839633289667196213:-157,-84,-36,7,67,115,148,171,173,193,190,166,162,121,103,57,13,-22,-91,-138,-116,-132,-130,-114,-138,-125,-120,-125,-134,-130,-130,-119,-107,-120,-120,-131,-137,-112,-110,-113,-119,-140,-122,-128,-138,-149,-153,-157,-154,-142,-143,-164,-150,-162,-165,-156,-163,-167,-176,-193,-179,-195,-199,-209,-195,-200,-205,-213,-217,-229,-221,-221,-244,
839633290228734674:-232,-255,-239,-239,-242,-265,-254,-214,-151,-141,-105,-116,-166,-213,-260,-270,-274,-382,-427,-387,-273,492,970,942,472,-282,-966,-1479,-1684,-1489,-976,-270,-277,-268,-267,-251,-260,-261,-261,-260,-250,-238,-172,-120,-81,-26,32,58,98,131,141,145,142,138,120,103,49,24,-23,-71,-111,-167,-149,-150,-162,-150,-152,-138,-151,-152,-136,-134,-129,
839633290790273135:-136,-125,-123,-124,-124,-118,-125,-130,-129,-107,-128,-117,-117,-126,-123,-123,-118,-124,-135,-112,-121,-131,-136,-132,-126,-154,-145,-156,-148,-154,-145,-166,-177,-177,-182,-175,-183,-165,-190,-202,-179,-205,-214,-201,-215,-219,-224,-207,-227,-183,-125,-93,-77,-106,-146,-198,-254,-263,-246,-362,-420,-369,-268,487,965,957,481,-287,-983,-1500,-1690,-1478,-964,
839633291351811596:-287,-267,-283,-280,-287,-267,-278,-280,-276,-281,-280,-223,-143,-114,-59,-12,12,71,97,95,91,109,88,73,46,7,-3,-62,-91,-145,-204,-208,-197,-187,-184,-198,-181,-175,-160,-159,-166,-157,-145,-151,-141,-154,-144,-150,-140,-143,-148,-125,-136,-122,-138,-113,-134,-129,-112,-132,-110,-117,-118,-128,-109,-126,-134,-111,-112,-129,-134,-138,-123,
839633291913350057:-119,-121,-146,-148,-142,-148,-137,-148,-139,-165,-161,-146,-156,-176,-162,-187,-172,-176,-117,-97,-61,-51,-63,-85,-139,-218,-212,-219,-333,-370,-340,-226,509,1008,976,528,-239,-950,-1484,-1665,-1465,-965,-278,-269,-260,-276,-271,-261,-268,-273,-292,-279,-286,-238,-182,-129,-77,-32,14,26,56,60,75,61,64,41,12,-17,-57,-94,-138,-196,-246,
839633292474888518:-238,-252,-235,-228,-219,-212,-233,-204,-228,-222,-191,-212,-182,-181,-194,-195,-189,-182,-172,-178,-171,-152,-165,-143,-157,-146,-158,-128,-152,-142,-121,-124,-134,-130,-130,-110,-129,-109,-109,-111,-116,-128,-131,-115,-120,-118,-130,-107,-126,-124,-131,-122,-122,-131,-142,-146,-142,-146,-156,-145,-80,-48,-9,4,-32,-64,-124,-160,-177,-172,-280,-332,-302,
839633293036426979:-207,580,1047,1021,550,-210,-913,-1430,-1618,-1452,-940,-246,-246,-254,-232,-265,-259,-255,-265,-256,-270,-265,-216,-152,-123,-63,-18,-7,48,63,68,79,76,63,28,17,-45,-80,-116,-153,-222,-272,-281,-263,-265,-266,-273,-249,-263,-242,-263,-249,-255,-247,-232,-241,-222,-233,-233,-225,-225,-202,-222,-192,-198,-187,-180,-174,-194,-182,-169,-182,-168,
839633293597965440:-155,-152,-160,-154,-165,-146,-150,-144,-130,-131,-143,-134,-120,-125,-139,-119,-115,-108,-107,-117,-114,-130,-119,-109,-115,-112,-126,-121,-117,-74,-17,19,31,2,-38,-90,-141,-139,-152,-255,-296,-265,-142,600,1066,1072,602,-180,-876,-1388,-1597,-1396,-894,-192,-205,-209,-217,-210,-224,-214,-214,-215,-239,-244,-180,-120,-101,-54,-16,29,60,75,92,
839633294159503901:90,66,52,41,1,-13,-75,-103,-163,-213,-278,-291,-288,-264,-272,-274,-283,-278,-281,-263,-260,-278,-267,-279,-268,-251,-264,-268,-241,-245,-248,-241,-230,-247,-231,-236,-241,-233,-207,-207,-213,-201,-217,-211,-203,-207,-186,-183,-169,-175,-185,-178,-176,-154,-166,-152,-165,-142,-143,-133,-151,-149,-136,-136,-119,-120,-125,-115,-115,-137,-136,-67,-28,
839633294721042362:8,17,17,-28,-67,-133,-122,-113,-224,-283,-232,-118,645,1100,1110,630,-148,-828,-1355,-1549,-1365,-853,-152,-174,-152,-180,-165,-173,-191,-180,-173,-180,-183,-135,-92,-52,-9,28,52,88,94,125,104,118,92,72,43,-12,-34,-97,-152,-219,-259,-268,-277,-278,-282,-269,-283,-290,-290,-279,-283,-268,-266,-273,-289,-278,-292,-280,-272,-277,-286,
839633295282580823:-260,-271,-268,-257,-270,-252,-261,-253,-265,-238,-254,-233,-232,-248,-225,-238,-237,-234,-235,-214,-216,-197,-214,-210,-187,-195,-196,-179,-184,-167,-182,-172,-173,-159,-172,-156,-155,-138,-142,-149,-79,-27,18,13,15,-14,-56,-116,-114,-115,-216,-265,-214,-109,632,1113,1105,639,-109,-808,-1337,-1530,-1346,-822,-121,-129,-136,-133,-142,-145,-156,-143,-134,
839633295844119284:-157,-164,-87,-49,-8,31,67,117,127,137,152,154,143,145,109,89,34,-3,-75,-116,-182,-242,-232,-234,-228,-248,-248,-262,-239,-249,-258,-263,-279,-276,-265,-266,-284,-262,-276,-277,-274,-276,-265,-279,-270,-285,-281,-290,-281,-267,-273,-288,-283,-259,-284,-284,-257,-250,-261,-250,-261,-257,-262,-249,-242,-244,-241,-224,-229,-221,-233,-227,-224,
839633296405657745:-220,-203,-208,-210,-207,-207,-179,-192,-173,-117,-51,-35,-24,-8,-43,-96,-137,-133,-144,-239,-276,-254,-139,640,1109,1105,646,-120,-823,-1325,-1526,-1341,-834,-128,-112,-115,-129,-127,-111,-127,-134,-122,-123,-137,-63,-33,14,61,111,152,174,185,206,213,202,169,142,103,78,31,-11,-83,-129,-190,-189,-184,-215,-219,-201,-223,-205,-224,-226,
839633296967196206:-234,-218,-244,-251,-253,-233,-236,-259,-245,-265,-258,-271,-278,-278,-281,-258,-274,-277,-264,-280,-275,-269,-269,-284,-294,-267,-287,-278,-285,-264,-283,-279,-264,-276,-274,-262,-257,-266,-248,-255,-246,-244,-254,-250,-232,-227,-241,-245,-214,-238,-227,-153,-112,-58,-41,-55,-101,-127,-185,-189,-170,-295,-339,-269,-168,593,1089,1080,617,-159,-835,-1346,-1545,
839633297528734667:-1343,-838,-135,-131,-135,-141,-137,-109,-126,-123,-125,-108,-115,-78,-18,38,96,139,163,176,198,218,220,229,200,178,153,108,58,14,-50,-91,-152,-163,-170,-152,-169,-176,-172,-173,-176,-182,-196,-195,-193,-185,-212,-211,-209,-205,-210,-216,-237,-231,-227,-247,-234,-255,-259,-246,-240,-268,-248,-257,-264,-260,-282,-264,-267,-274,-271,-275,-284,
839633298090273128:-265,-283,-273,-268,-274,-279,-281,-270,-265,-279,-286,-270,-288,-281,-277,-282,-272,-272,-275,-254,-202,-144,-113,-91,-102,-140,-189,-240,-218,-211,-340,-359,-315,-202,554,1035,1049,571,-191,-895,-1389,-1590,-1383,-867,-167,-149,-146,-168,-144,-138,-148,-147,-146,-147,-123,-71,-12,27,67,128,155,202,209,232,225,210,213,186,174,129,88,29,-4,
839633298651811589:-70,-122,-139,-138,-118,-144,-120,-138,-153,-151,-152,-152,-151,-163,-147,-166,-168,-172,-161,-187,-185,-173,-175,-178,-203,-197,-217,-207,-222,-215,-223,-224,-229,-216,-236,-238,-250,-258,-250,-237,-266,-270,-266,-254,-258,-267,-273,-279,-270,-270,-281,-273,-278,-281,-278,-283,-269,-286,-284,-277,-268,-282,-231,-160,-141,-110,-128,-159,-207,-262,-266,-263,-356,
839633299213350050:-397,-366,-240,523,994,993,528,-242,-913,-1435,-1620,-1414,-907,-217,-205,-187,-203,-179,-193,-176,-177,-173,-171,-160,-118,-64,-6,58,110,141,151,192,217,224,225,191,178,151,130,68,24,-20,-73,-119,-133,-116,-109,-112,-106,-123,-106,-133,-134,-137,-115,-137,-131,-139,-122,-149,-152,-145,-152,-139,-162,-158,-148,-152,-177,-160,-162,-168,-184,
839633299774888511:-180,-191,-174,-193,-198,-212,-202,-208,-218,-212,-206,-235,-213,-234,-242,-234,-239,-245,-249,-245,-251,-266,-256,-270,-277,-261,-257,-260,-263,-265,-268,-216,-180,-149,-121,-135,-177,-214,-268,-287,-274,-371,-435,-377,-281,504,971,981,510,-249,-957,-1457,-1662,-1472,-945,-243,-239,-250,-251,-224,-224,-229,-210,-229,-223,-206,-145,-95,-45,0,53,86,132,
839633300336426972:167,184,164,192,182,152,127,98,57,2,-26,-91,-124,-135,-126,-146,-124,-135,-120,-111,-126,-133,-132,-128,-125,-125,-109,-133,-116,-115,-132,-123,-128,-136,-138,-142,-116,-137,-147,-143,-131,-146,-133,-161,-159,-161,-145,-157,-155,-175,-176,-173,-185,-188,-194,-185,-201,-202,-197,-197,-195,-214,-221,-219,-215,-242,-223,-249,-249,-242,-256,-260,-267,
839633300897965433:-199,-152,-112,-125,-129,-153,-218,-285,-260,-271,-381,-427,-386,-274,498,962,957,492,-284,-989,-1495,-1692,-1483,-978,-279,-286,-257,-273,-264,-273,-270,-248,-261,-250,-236,-176,-140,-73,-16,19,65,101,122,127,137,128,132,110,92,43,16,-39,-76,-132,-162,-155,-160,-166,-162,-149,-138,-147,-153,-149,-148,-139,-136,-121,-146,-137,-113,-116,-114,
839633301459503894:-128,-134,-126,-126,-119,-108,-118,-107,-107,-122,-113,-123,-124,-117,-120,-130,-145,-125,-144,-141,-144,-157,-151,-160,-156,-157,-164,-168,-175,-159,-181,-176,-177,-177,-200,-204,-181,-185,-210,-197,-213,-200,-151,-128,-77,-67,-99,-121,-187,-244,-232,-243,-365,-401,-354,-266,489,984,971,479,-264,-974,-1495,-1669,-1480,-971,-293,-268,-293,-284,-283,-268,-283,
839633302021042355:-277,-282,-269,-283,-220,-149,-105,-72,-13,35,55,73,93,92,106,77,73,57,3,-40,-59,-123,-168,-220,-219,-217,-199,-214,-210,-192,-183,-195,-179,-167,-163,-181,-156,-168,-145,-165,-156,-139,-148,-141,-124,-142,-145,-121,-116,-126,-117,-116,-126,-124,-119,-130,-132,-116,-125,-126,-110,-117,-125,-107,-120,-139,-140,-141,-131,-127,-130,-138,-144,
839633302582580816:-134,-131,-145,-145,-152,-164,-173,-176,-156,-159,-187,-105,-87,-42,-47,-65,-91,-152,-210,-207,-220,-322,-383,-315,-232,529,989,999,530,-257,-963,-1471,-1659,-1468,-975,-253,-252,-265,-257,-263,-275,-279,-261,-271,-274,-263,-215,-179,-110,-60,-17,14,23,41,65,79,56,64,28,5,-33,-73,-98,-147,-195,-245,-246,-262,-232,-247,-227,-223,-237,
839633303144119277:-232,-210,-210,-217,-209,-196,-217,-206,-207,-199,-189,-181,-192,-174,-163,-158,-172,-163,-151,-163,-137,-160,-129,-144,-145,-140,-137,-129,-118,-122,-120,-112,-119,-137,-130,-110,-132,-130,-130,-126,-129,-131,-106,-136,-132,-110,-119,-131,-120,-129,-146,-122,-125,-95,-24,-9,11,-17,-52,-96,-157,-168,-163,-275,-334,-287,-175,580,1038,1052,577,-196,-894,
839633303705657738:-1423,-1619,-1438,-924,-223,-226,-239,-233,-256,-240,-237,-257,-255,-245,-255,-199,-154,-99,-58,-39,18,35,54,76,79,60,59,36,15,-27,-58,-123,-175,-210,-263,-280,-278,-259,-274,-253,-277,-263,-275,-273,-244,-258,-260,-251,-254,-252,-232,-231,-241,-235,-207,-208,-201,-197,-213,-200,-182,-203,-176,-188,-187,-181,-162,-169,-160,-150,-170,-147,-164,
839633304267196199:-158,-139,-152,-143,-127,-147,-137,-130,-142,-137,-110,-123,-112,-124,-106,-109,-112,-132,-110,-116,-110,-111,-74,-24,2,23,5,-9,-64,-124,-140,-128,-230,-284,-255,-136,606,1087,1077,598,-168,-854,-1396,-1583,-1381,-895,-181,-185,-208,-191,-214,-201,-212,-201,-214,-231,-227,-164,-112,-92,-46,15,27,67,70,87,92,77,80,41,28,-10,-79,
839633304828734660:-108,-179,-212,-277,-263,-286,-267,-268,-278,-270,-288,-268,-290,-272,-287,-270,-263,-258,-259,-268,-257,-257,-269,-264,-257,-242,-241,-241,-248,-251,-248,-228,-240,-228,-221,-212,-224,-193,-189,-207,-189,-202,-194,-185,-191,-173,-168,-157,-155,-173,-171,-160,-146,-161,-137,-139,-130,-123,-148,-122,-117,-125,-138,-137,-65,-16,18,29,12,-4,-63,-117,-130,
839633305390273121:-121,-215,-269,-229,-132,643,1116,1111,641,-147,-839,-1350,-1540,-1362,-861,-155,-155,-160,-168,-165,-172,-170,-161,-181,-181,-199,-129,-73,-43,17,49,71,112,108,124,126,120,91,73,31,0,-36,-92,-152,-196,-251,-259,-258,-266,-267,-275,-281,-263,-264,-284,-265,-287,-292,-283,-272,-283,-281,-273,-290,-271,-263,-288,-271,-276,-286,-259,-262,-262,
839633305951811582:-251,-248,-268,-255,-266,-237,-239,-230,-230,-237,-233,-232,-218,-220,-205,-213,-223,-192,-201,-193,-207,-179,-181,-173,-168,-188,-182,-165,-149,-164,-160,-163,-147,-92,-48,0,19,8,-26,-86,-114,-132,-141,-220,-275,-237,-107,632,1129,1108,652,-134,-816,-1328,-1516,-1344,-831,-109,-111,-115,-122,-126,-140,-136,-128,-152,-134,-140,-91,-49,14,48,92,
839633306513350043:129,138,145,175,161,160,148,102,78,50,12,-52,-118,-169,-215,-212,-218,-234,-225,-227,-247,-249,-259,-240,-265,-249,-264,-268,-258,-257,-263,-276,-265,-278,-281,-281,-266,-281,-283,-285,-274,-286,-289,-276,-291,-266,-261,-268,-267,-274,-268,-265,-263,-261,-260,-266,-249,-250,-254,-247,-247,-235,-226,-219,-227,-212,-217,-203,-219,-217,-195,-208,-190,
839633307074888504:-188,-199,-117,-59,-31,-34,-29,-46,-115,-159,-144,-141,-258,-302,-253,-138,621,1104,1101,635,-129,-839,-1325,-1520,-1340,-810,-113,-130,-128,-109,-122,-120,-115,-127,-129,-121,-131,-68,-31,27,89,101,149,159,181,193,191,207,195,164,128,74,38,-17,-67,-121,-184,-185,-188,-206,-200,-204,-207,-208,-224,-215,-218,-231,-215,-243,-237,-228,-251,
839633307636426965:-251,-254,-253,-266,-251,-248,-253,-279,-274,-270,-272,-259,-286,-271,-287,-283,-281,-283,-280,-287,-264,-281,-289,-288,-282,-283,-290,-261,-286,-280,-259,-259,-255,-260,-254,-247,-257,-244,-236,-231,-230,-228,-245,-238,-178,-101,-88,-79,-83,-86,-143,-185,-206,-184,-306,-329,-291,-170,585,1078,1058,612,-157,-864,-1348,-1552,-1365,-850,-135,-146,-141,-143,-118,
839633308197965426:-121,-129,-137,-132,-122,-114,-51,-11,26,98,116,157,187,204,214,219,214,214,183,166,124,64,17,-13,-99,-128,-155,-163,-144,-156,-153,-167,-180,-184,-176,-190,-180,-181,-203,-184,-181,-212,-194,-198,-199,-209,-223,-215,-232,-237,-244,-252,-229,-252,-264,-263,-249,-251,-250,-252,-250,-253,-254,-278,-274,-284,-272,-269,-269,-292,-268,-292,-280,
839633308759503887:-268,-267,-286,-266,-279,-274,-269,-272,-265,-266,-265,-254,-261,-205,-142,-110,-109,-99,-134,-184,-231,-224,-231,-345,-371,-343,-215,565,1030,1025,547,-193,-891,-1395,-1596,-1382,-870,-168,-167,-167,-172,-154,-160,-139,-151,-145,-141,-156,-81,-19,19,65,130,158,180,223,209,238,225,203,196,159,136,79,30,-16,-68,-108,-114,-112,-119,-112,-123,
839633309321042348:-135,-143,-121,-147,-132,-129,-151,-163,-143,-144,-151,-166,-174,-174,-172,-183,-170,-198,-201,-187,-199,-204,-214,-210,-211,-205,-224,-230,-224,-223,-239,-235,-246,-239,-257,-246,-250,-244,-258,-272,-268,-262,-277,-261,-283,-264,-264,-278,-291,-280,-284,-266,-275,-290,-266,-220,-185,-129,-127,-150,-179,-208,-259,-282,-271,-371,-405,-366,-246,504,974,996,511,
839633309882580809:-249,-922,-1450,-1625,-1441,-906,-209,-213,-209,-206,-199,-190,-181,-204,-183,-196,-168,-129,-46,-14,41,81,118,156,179,203,199,202,206,184,165,102,81,23,-15,-81,-116,-134,-125,-131,-115,-109,-129,-129,-128,-125,-135,-116,-125,-132,-131,-118,-129,-136,-135,-146,-130,-132,-132,-142,-159,-149,-154,-152,-163,-156,-184,-178,-183,-170,-176,-179,-198,
839633310444119270:-194,-217,-200,-216,-201,-224,-219,-225,-228,-241,-239,-238,-243,-250,-238,-255,-247,-265,-268,-257,-252,-261,-262,-271,-230,-163,-143,-114,-141,-175,-228,-274,-276,-289,-386,-436,-390,-290,492,971,974,499,-273,-968,-1470,-1665,-1462,-943,-265,-256,-242,-256,-249,-248,-235,-235,-222,-214,-204,-165,-112,-36,6,34,101,111,140,170,172,175,173,138,124,
839633311005657731:78,46,-5,-52,-96,-156,-132,-126,-141,-136,-134,-131,-121,-118,-125,-139,-114,-121,-115,-134,-108,-125,-132,-132,-134,-117,-112,-135,-131,-138,-121,-125,-143,-126,-123,-151,-128,-136,-160,-142,-166,-167,-172,-160,-179,-158,-178,-179,-173,-193,-202,-177,-183,-197,-212,-220,-224,-225,-206,-212,-243,-238,-236,-244,-238,-254,-205,-143,-104,-110,-133,-148,-212,
839633311567196192:-266,-283,-269,-368,-418,-393,-275,500,969,969,480,-269,-976,-1501,-1673,-1501,-980,-268,-260,-276,-257,-275,-277,-274,-254,-254,-264,-257,-208,-148,-96,-38,-7,42,64,116,133,143,119,123,109,89,43,-5,-42,-74,-118,-168,-170,-169,-156,-166,-149,-154,-147,-143,-147,-162,-157,-127,-149,-127,-148,-142,-138,-114,-121,-125,-128,-133,-118,-114,-116,
839633312128734653:-133,-125,-116,-129,-116,-106,-117,-128,-132,-132,-113,-128,-124,-132,-143,-138,-144,-130,-142,-137,-160,-169,-152,-165,-172,-155,-189,-164,-176,-199,-196,-195,-208,-188,-211,-156,-116,-81,-85,-82,-113,-165,-224,-247,-249,-347,-389,-365,-271,498,979,970,499,-269,-978,-1472,-1666,-1499,-962,-266,-265,-282,-277,-280,-275,-290,-264,-268,-266,-276,-220,-155,-112,
839633312690273114:-54,-36,1,47,56,77,82,101,69,62,36,17,-33,-89,-115,-176,-212,-233,-230,-218,-195,-203,-210,-205,-191,-202,-191,-179,-186,-172,-179,-154,-170,-166,-153,-137,-153,-159,-154,-146,-125,-145,-137,-133,-120,-121,-124,-130,-130,-135,-110,-124,-130,-110,-126,-128,-108,-127,-113,-123,-112,-135,-133,-138,-115,-141,-144,-137,-141,-156,-139,-139,-161,
839633313251811575:-169,-163,-168,-173,-103,-78,-26,-25,-48,-91,-123,-186,-187,-198,-328,-368,-333,-229,552,1016,1008,526,-242,-930,-1456,-1662,-1449,-940,-248,-247,-248,-275,-252,-276,-280,-274,-277,-288,-265,-233,-163,-108,-70,-20,4,36,42,73,80,59,69,27,5,-34,-70,-105,-149,-209,-264,-268,-267,-261,-248,-237,-237,-238,-240,-220,-215,-238,-217,-220,-203,
839633313813350036:-201,-206,-192,-189,-179,-174,-196,-194,-184,-172,-158,-177,-174,-171,-167,-165,-143,-147,-155,-150,-137,-136,-117,-140,-121,-134,-120,-109,-116,-134,-106,-132,-126,-107,-110,-110,-124,-108,-107,-126,-123,-129,-135,-143,-131,-133,-87,-42,-14,8,6,-29,-90,-142,-158,-167,-283,-328,-272,-189,577,1046,1043,557,-189,-902,-1430,-1623,-1431,-904,-205,-236,-239,
839633314374888497:-246,-232,-238,-238,-251,-262,-267,-243,-197,-153,-112,-62,-26,3,49,49,71,74,75,50,37,-5,-37,-75,-114,-161,-227,-285,-266,-278,-262,-282,-270,-272,-267,-259,-251,-255,-271,-257,-257,-236,-261,-250,-245,-225,-221,-238,-228,-222,-215,-206,-222,-213,-215,-184,-190,-189,-179,-181,-177,-181,-171,-152,-171,-163,-161,-145,-142,-136,-156,-141,-123,
839633314936426958:-131,-119,-131,-137,-129,-112,-110,-134,-123,-113,-112,-119,-120,-115,-135,-48,1,22,40,12,-12,-72,-127,-121,-146,-232,-289,-259,-128,607,1090,1073,607,-164,-863,-1381,-1576,-1371,-882,-190,-181,-194,-196,-192,-190,-192,-201,-209,-201,-230,-161,-122,-79,-29,-3,34,57,100,105,110,98,65,48,22,-33,-54,-100,-148,-216,-281,-286,-279,-291,
839633315497965419:-288,-274,-264,-285,-275,-273,-272,-268,-271,-291,-288,-264,-282,-266,-282,-274,-269,-266,-243,-254,-255,-254,-249,-240,-253,-220,-226,-222,-212,-214,-229,-223,-204,-205,-186,-207,-203,-193,-200,-169,-166,-180,-156,-174,-169,-167,-154,-153,-153,-161,-154,-152,-124,-135,-124,-138,-133,-76,-19,29,28,3,-1,-68,-115,-124,-125,-237,-273,-213,-120,657,1116,
839633316059503880:1115,635,-129,-843,-1341,-1549,-1362,-838,-145,-137,-155,-138,-167,-161,-163,-156,-177,-173,-177,-119,-61,-28,5,50,99,115,131,149,135,130,100,69,58,9,-20,-89,-132,-192,-241,-244,-253,-264,-267,-260,-267,-272,-278,-260,-271,-290,-285,-275,-282,-269,-271,-279,-281,-275,-268,-279,-288,-288,-265,-268,-257,-266,-277,-256,-253,-271,-273,-256,-267,
839633316621042341:-265,-238,-252,-254,-247,-225,-245,-218,-228,-216,-210,-199,-196,-200,-186,-191,-189,-201,-180,-182,-171,-163,-155,-179,-149,-156,-81,-38,-22,4,5,-40,-91,-131,-118,-131,-220,-283,-242,-133,654,1126,1129,651,-123,-805,-1328,-1509,-1327,-826,-116,-117,-123,-116,-137,-120,-121,-128,-125,-132,-126,-86,-24,23,39,105,114,153,165,183,186,175,158,
839633317182580802:130,96,46,23,-53,-98,-148,-201,-226,-233,-209,-226,-235,-234,-254,-243,-236,-254,-266,-257,-261,-246,-265,-271,-254,-274,-258,-268,-263,-271,-287,-269,-272,-289,-267,-284,-270,-281,-286,-269,-284,-284,-269,-280,-260,-266,-255,-280,-253,-263,-253,-255,-254,-257,-261,-248,-236,-227,-218,-227,-221,-228,-204,-200,-196,-197,-216,-206,-125,-79,-59,-38,-44,
839633317744119263:-75,-123,-166,-151,-174,-277,-290,-260,-156,620,1095,1098,633,-141,-828,-1354,-1523,-1345,-812,-136,-128,-109,-110,-120,-107,-127,-125,-123,-116,-127,-79,-7,24,82,134,140,183,194,217,214,206,175,176,128,108,56,4,-67,-104,-181,-179,-181,-191,-197,-183,-195,-212,-208,-216,-199,-228,-210,-212,-230,-238,-227,-223,-255,-229,-261,-255,-239,-255,
839633318305657724:-247,-270,-253,-259,-260,-283,-259,-261,-280,-276,-290,-274,-273,-272,-283,-268,-269,-265,-272,-275,-267,-285,-259,-282,-269,-276,-263,-263,-253,-249,-244,-265,-261,-247,-250,-234,-248,-174,-130,-88,-69,-77,-100,-150,-198,-212,-189,-315,-335,-293,-178,579,1058,1054,602,-159,-859,-1367,-1548,-1355,-862,-143,-153,-147,-129,-130,-144,-124,-132,-131,-119,-131,-74,
839633318867196185:-17,51,77,137,163,199,197,222,216,230,215,192,149,110,81,24,-11,-71,-147,-131,-139,-139,-163,-143,-169,-145,-160,-176,-169,-158,-187,-173,-173,-192,-180,-190,-190,-209,-211,-211,-216,-221,-232,-216,-238,-237,-227,-230,-241,-258,-255,-254,-250,-253,-247,-262,-258,-259,-281,-260,-277,-277,-269,-280,-277,-289,-279,-290,-269,-266,-271,-264,-290,
839633319428734646:-282,-262,-267,-281,-283,-278,-207,-164,-120,-103,-103,-133,-198,-243,-251,-242,-330,-383,-339,-226,529,1023,1011,538,-194,-891,-1423,-1582,-1388,-889,-184,-170,-167,-180,-159,-152,-166,-144,-152,-157,-144,-90,-35,30,69,104,155,171,218,234,217,232,213,200,154,136,93,23,-19,-71,-111,-130,-125,-117,-132,-116,-139,-124,-126,-127,-134,-141,-141,
839633319990273107:-146,-132,-157,-152,-151,-152,-176,-170,-172,-174,-167,-169,-198,-189,-201,-209,-185,-195,-216,-198,-224,-205,-233,-234,-233,-234,-231,-248,-252,-258,-259,-269,-251,-262,-253,-263,-268,-283,-279,-265,-269,-267,-289,-273,-277,-281,-275,-270,-208,-161,-135,-140,-151,-170,-221,-260,-287,-255,-375,-416,-357,-249,514,966,986,521,-253,-940,-1467,-1632,-1441,-942,-227,
839633320551811568:-237,-211,-209,-222,-199,-187,-201,-199,-196,-181,-128,-84,-27,31,82,122,147,172,197,185,211,175,157,130,106,72,24,-22,-75,-128,-109,-110,-119,-120,-132,-118,-126,-134,-125,-105,-122,-119,-107,-136,-114,-119,-122,-127,-132,-120,-147,-141,-149,-148,-140,-136,-157,-142,-156,-175,-175,-183,-160,-166,-182,-196,-202,-198,-191,-200,-203,-207,-219,
839633321113350029:-224,-224,-225,-238,-218,-242,-225,-255,-232,-248,-263,-250,-271,-269,-257,-251,-271,-202,-170,-139,-129,-144,-175,-235,-281,-264,-267,-380,-435,-400,-287,488,951,947,488,-275,-979,-1496,-1682,-1467,-977,-270,-250,-245,-237,-239,-255,-238,-224,-222,-225,-231,-177,-102,-70,-8,43,79,102,145,158,165,146,141,149,121,71,41,6,-60,-88,-160,-139,
839633321674888490:-146,-128,-155,-151,-135,-118,-124,-123,-138,-140,-118,-115,-133,-124,-130,-123,-110,-123,-122,-123,-116,-107,-133,-109,-133,-118,-140,-126,-139,-147,-148,-148,-157,-135,-157,-145,-164,-161,-147,-159,-159,-157,-171,-177,-198,-195,-187,-203,-197,-218,-214,-218,-203,-228,-230,-225,-242,-228,-251,-193,-148,-106,-86,-116,-150,-213,-256,-268,-274,-382,-417,-375,-274,
839633322236426951:500,974,945,499,-275,-973,-1497,-1686,-1497,-985,-292,-282,-269,-288,-284,-283,-285,-265,-280,-272,-251,-201,-144,-107,-49,-8,40,58,90,109,131,120,94,82,63,50,7,-36,-92,-147,-189,-182,-186,-173,-184,-174,-165,-175,-171,-159,-151,-138,-137,-142,-147,-126,-147,-129,-119,-145,-137,-139,-130,-116,-116,-114,-118,-116,-119,-131,-114,-126,-106,
839633322797965412:-111,-125,-132,-133,-111,-138,-121,-124,-137,-143,-147,-145,-147,-137,-150,-150,-146,-154,-148,-157,-184,-163,-175,-183,-179,-178,-203,-189,-158,-90,-64,-69,-87,-128,-169,-215,-245,-248,-353,-378,-364,-238,503,990,973,513,-260,-952,-1478,-1656,-1495,-977,-273,-273,-265,-286,-292,-292,-277,-271,-278,-282,-272,-233,-153,-130,-76,-36,10,28,56,93,76,
839633323359503873:82,66,67,16,8,-31,-70,-121,-188,-243,-237,-230,-225,-232,-202,-218,-200,-197,-200,-198,-193,-194,-177,-182,-162,-181,-175,-178,-173,-150,-141,-164,-150,-156,-148,-144,-137,-132,-116,-130,-137,-116,-134,-111,-134,-114,-121,-129,-113,-134,-109,-120,-133,-130,-134,-116,-128,-117,-132,-123,-125,-127,-133,-144,-136,-150,-157,-164,-148,-144,-97,-66,-16,
839633323921042334:-34,-41,-68,-127,-199,-175,-192,-311,-366,-301,-208,543,1028,1028,554,-231,-923,-1440,-1638,-1440,-961,-241,-249,-260,-245,-254,-262,-270,-273,-274,-266,-261,-217,-155,-110,-59,-21,-3,25,63,55,70,54,61,43,14,-23,-61,-111,-170,-206,-252,-255,-269,-269,-268,-245,-263,-259,-252,-242,-229,-226,-218,-223,-233,-206,-204,-217,-211,-195,-182,-192,
839633324482580795:-184,-181,-183,-167,-185,-158,-172,-170,-160,-161,-143,-142,-135,-150,-154,-139,-124,-123,-119,-122,-129,-119,-113,-131,-112,-134,-132,-124,-112,-113,-110,-111,-129,-123,-117,-130,-136,-141,-137,-72,-18,-5,1,4,-46,-75,-139,-146,-140,-268,-316,-275,-172,584,1066,1066,566,-181,-900,-1409,-1600,-1408,-908,-202,-230,-230,-228,-236,-224,-241,-229,-246,-244,
839633325044119256:-257,-195,-151,-94,-59,-21,10,41,61,83,70,62,62,37,13,-30,-73,-134,-181,-215,-267,-266,-267,-286,-283,-260,-274,-275,-263,-269,-260,-254,-256,-253,-252,-268,-254,-245,-250,-233,-252,-221,-231,-237,-234,-225,-226,-212,-193,-203,-189,-183,-186,-195,-194,-184,-186,-172,-182,-159,-168,-156,-146,-157,-135,-150,-141,-153,-131,-120,-125,-141,-137,
839633325605657717:-120,-137,-126,-120,-117,-108,-108,-126,-65,-22,31,22,7,-20,-60,-113,-114,-112,-245,-273,-236,-126,637,1086,1106,608,-134,-858,-1357,-1546,-1371,-868,-157,-163,-178,-166,-189,-184,-182,-185,-188,-193,-199,-152,-99,-64,-32,22,59,71,79,98,107,107,84,58,38,-16,-43,-93,-167,-223,-266,-265,-271,-289,-286,-283,-278,-291,-289,-277,-280,
839633326167196178:-286,-290,-277,-271,-268,-265,-284,-277,-281,-283,-256,-279,-250,-250,-266,-247,-246,-247,-243,-245,-240,-240,-233,-240,-235,-206,-199,-218,-192,-217,-196,-186,-201,-200,-177,-188,-170,-174,-156,-173,-151,-142,-146,-157,-147,-156,-129,-142,-123,-140,-69,-14,2,27,27,-2,-77,-132,-115,-120,-234,-255,-216,-118,651,1130,1120,628,-110,-829,-1347,-1523,-1345,
839633326728734639:-828,-145,-124,-135,-138,-145,-162,-163,-144,-163,-158,-164,-122,-66,-34,15,46,81,122,120,139,142,134,123,103,68,10,-36,-80,-121,-172,-255,-240,-254,-243,-255,-265,-259,-270,-251,-280,-257,-281,-276,-271,-279,-263,-267,-278,-283,-270,-291,-273,-281,-286,-286,-265,-267,-286,-287,-280,-266,-275,-260,-277,-268,-260,-248,-258,-238,-231,-242,-225,
839633327290273100:-247,-243,-218,-210,-231,-215,-224,-215,-193,-188,-206,-179,-201,-187,-183,-166,-167,-172,-171,-113,-38,-29,-13,4,-48,-85,-149,-129,-150,-250,-279,-243,-113,624,1108,1098,628,-118,-812,-1342,-1514,-1333,-821,-129,-123,-129,-135,-130,-124,-117,-125,-119,-144,-136,-97,-39,21,45,97,132,170,189,183,176,167,150,124,113,60,32,-19,-73,-143,
839633327851811561:-197,-216,-203,-217,-216,-230,-236,-215,-220,-241,-232,-243,-263,-244,-242,-252,-260,-255,-261,-281,-273,-262,-265,-289,-284,-263,-281,-270,-277,-271,-289,-273,-272,-288,-273,-262,-276,-278,-282,-272,-276,-254,-268,-276,-260,-247,-255,-244,-239,-242,-230,-232,-230,-248,-230,-220,-235,-206,-207,-206,-198,-152,-79,-66,-31,-34,-68,-134,-184,-172,-175,-279,-306,
839633328413350022:-257,-169,599,1085,1106,628,-146,-840,-1331,-1535,-1333,-813,-131,-123,-111,-121,-108,-123,-117,-109,-114,-115,-133,-56,-25,27,82,118,153,184,204,215,213,201,180,180,155,98,41,-5,-39,-90,-169,-178,-167,-175,-171,-195,-197,-174,-198,-203,-201,-213,-210,-212,-231,-211,-214,-240,-246,-245,-234,-256,-252,-252,-237,-249,-269,-254,-270,-254,-280,
839633328974888483:-266,-258,-262,-266,-291,-292,-285,-293,-280,-286,-284,-289,-273,-282,-279,-291,-263,-286,-261,-263,-264,-266,-263,-259,-271,-256,-245,-244,-263,-249,-197,-148,-104,-95,-99,-107,-177,-217,-223,-221,-304,-342,-312,-199,572,1048,1039,584,-188,-884,-1365,-1562,-1377,-856,-168,-144,-134,-144,-145,-129,-121,-147,-127,-120,-113,-71,-20,47,96,136,152,205,214,
839633329536426944:220,243,233,199,185,171,118,91,36,-24,-67,-134,-132,-140,-131,-141,-139,-140,-161,-164,-142,-145,-157,-178,-185,-181,-188,-188,-176,-178,-197,-194,-201,-207,-212,-209,-233,-232,-232,-220,-227,-247,-253,-250,-251,-246,-253,-244,-264,-272,-252,-280,-279,-256,-258,-265,-288,-288,-288,-283,-286,-266,-276,-289,-283,-267,-286,-278,-280,-269,-273,-285,-213,
839633330097965405:-162,-136,-116,-119,-158,-192,-248,-243,-253,-337,-393,-343,-248,529,993,999,537,-213,-914,-1434,-1607,-1409,-893,-179,-201,-177,-192,-173,-167,-171,-170,-168,-172,-155,-106,-51,11,53,93,132,170,196,213,221,229,203,199,167,127,77,31,-13,-75,-135,-109,-121,-125,-136,-130,-137,-123,-118,-113,-119,-140,-123,-127,-142,-136,-155,-162,-138,-145,
839633330659503866:-148,-161,-162,-167,-163,-179,-182,-178,-195,-180,-204,-200,-195,-207,-210,-208,-206,-228,-222,-216,-219,-239,-235,-248,-240,-265,-267,-261,-270,-274,-277,-262,-263,-279,-278,-287,-260,-279,-281,-284,-277,-215,-160,-131,-133,-134,-180,-226,-270,-284,-270,-383,-427,-377,-253,512,972,971,503,-257,-949,-1467,-1642,-1459,-952,-221,-220,-230,-210,-223,-227,-206,-198,
839633331221042327:-208,-190,-210,-135,-67,-22,31,86,113,153,173,172,189,190,189,167,139,96,77,32,-38,-78,-116,-127,-120,-121,-113,-116,-118,-130,-129,-123,-112,-108,-121,-110,-121,-107,-133,-115,-130,-117,-115,-130,-130,-135,-125,-150,-142,-133,-134,-160,-164,-171,-148,-169,-182,-158,-186,-169,-189,-186,-179,-208,-210,-212,-208,-206,-210,-212,-232,-229,-237,
839633331782580788:-241,-225,-244,-261,-263,-240,-246,-260,-265,-258,-220,-155,-138,-119,-142,-160,-226,-269,-287,-291,-384,-438,-389,-278,486,956,961,494,-277,-978,-1487,-1679,-1487,-956,-253,-255,-272,-250,-249,-238,-260,-250,-231,-243,-238,-185,-117,-79,-15,18,58,87,140,132,137,148,138,127,96,71,16,-12,-65,-98,-167,-161,-142,-158,-161,-136,-137,-146,-133,
839633332344119249:-145,-118,-121,-140,-131,-133,-126,-137,-136,-118,-131,-128,-121,-111,-125,-122,-115,-120,-117,-125,-120,-125,-138,-119,-140,-126,-125,-153,-147,-155,-159,-141,-146,-158,-171,-165,-181,-176,-183,-196,-185,-198,-201,-186,-192,-218,-219,-213,-219,-219,-217,-226,-180,-128,-108,-100,-95,-152,-191,-268,-252,-256,-363,-402,-375,-279,490,960,948,483,-278,-964,-1480,
839633332905657710:-1679,-1488,-975,-279,-293,-276,-273,-267,-289,-279,-275,-283,-255,-274,-221,-140,-90,-66,-21,38,63,78,114,108,101,113,87,44,28,-14,-64,-110,-153,-191,-197,-189,-183,-181,-172,-183,-167,-155,-156,-150,-153,-158,-137,-149,-147,-140,-149,-152,-123,-128,-124,-116,-131,-137,-136,-118,-122,-125,-125,-134,-135,-109,-121,-126,-132,-109,-117,-127,-113,
839633333467196171:-135,-133,-128,-125,-130,-133,-135,-150,-150,-151,-151,-167,-171,-153,-150,-161,-164,-164,-172,-198,-186,-128,-88,-75,-63,-60,-89,-151,-213,-223,-232,-324,-370,-333,-239,511,995,980,501,-264,-948,-1466,-1669,-1482,-982,-275,-264,-289,-282,-278,-266,-278,-270,-294,-272,-275,-210,-183,-134,-84,-19,13,22,63,76,78,83,63,35,13,-19,-36,-94,
839633334028734632:-129,-184,-239,-238,-223,-215,-224,-225,-216,-218,-216,-221,-207,-203,-206,-190,-176,-174,-182,-174,-186,-155,-162,-160,-143,-155,-147,-134,-146,-156,-131,-145,-131,-125,-129,-138,-111,-115,-124,-117,-135,-120,-113,-134,-114,-130,-128,-116,-111,-117,-121,-137,-110,-121,-116,-141,-118,-137,-137,-135,-150,-154,-140,-83,-45,-33,-23,-38,-56,-106,-168,-171,-187,
839633334590273093:-305,-337,-291,-200,549,1041,1037,533,-206,-916,-1447,-1624,-1446,-939,-248,-250,-260,-255,-261,-260,-256,-268,-264,-263,-284,-229,-169,-103,-68,-43,-5,46,55,76,72,76,41,24,16,-41,-55,-102,-171,-219,-258,-255,-257,-277,-259,-273,-250,-258,-255,-258,-250,-240,-227,-229,-219,-229,-210,-214,-227,-225,-197,-205,-194,-198,-202,-182,-195,-165,-176,
839633335151811554:-182,-153,-159,-157,-162,-157,-138,-143,-139,-135,-127,-147,-131,-117,-138,-135,-134,-127,-122,-130,-125,-132,-112,-124,-124,-126,-117,-122,-109,-118,-128,-135,-65,-18,24,17,6,-17,-90,-156,-129,-161,-241,-306,-275,-173,605,1067,1057,605,-163,-870,-1402,-1592,-1392,-886,-208,-198,-221,-229,-217,-209,-235,-219,-220,-228,-233,-203,-132,-87,-43,-16,10,
839633335713350015:65,59,66,88,62,48,32,8,-25,-65,-125,-176,-227,-264,-265,-285,-277,-288,-279,-276,-264,-262,-285,-280,-266,-266,-263,-251,-271,-243,-267,-261,-252,-235,-243,-237,-246,-222,-222,-238,-209,-218,-227,-206,-211,-194,-206,-206,-178,-194,-194,-191,-163,-172,-170,-163,-157,-140,-158,-161,-138,-140,-127,-145,-131,-137,-124,-120,-123,-124,-132,-123,-132,
839633336274888476:-123,-59,-8,10,33,24,-28,-66,-133,-125,-116,-225,-289,-243,-134,645,1090,1104,625,-157,-835,-1348,-1564,-1359,-871,-176,-159,-180,-171,-179,-174,-175,-194,-205,-201,-184,-161,-107,-52,0,39,70,70,107,97,116,118,94,72,35,-19,-38,-96,-155,-205,-260,-266,-285,-262,-283,-281,-263,-277,-264,-275,-276,-273,-282,-265,-285,-289,-282,-279,
839633336836426937:-283,-270,-266,-261,-263,-269,-260,-265,-266,-246,-241,-249,-234,-247,-227,-226,-246,-225,-240,-221,-207,-206,-204,-199,-189,-212,-193,-192,-195,-192,-193,-182,-157,-178,-169,-175,-172,-165,-153,-162,-137,-157,-154,-88,-18,-5,13,2,-27,-77,-132,-107,-136,-240,-275,-225,-106,647,1122,1110,638,-109,-807,-1340,-1533,-1343,-843,-121,-139,-145,-137,-143,-146,
839633337397965398:-150,-145,-148,-154,-163,-115,-50,1,18,73,117,134,155,144,165,151,114,103,55,27,-6,-64,-134,-189,-245,-241,-240,-238,-242,-266,-263,-265,-250,-265,-266,-274,-283,-283,-262,-268,-283,-291,-264,-283,-276,-268,-271,-265,-274,-277,-269,-274,-277,-288,-278,-259,-260,-271,-269,-276,-246,-265,-241,-259,-244,-261,-249,-229,-229,-234,-229,-238,-216,
839633337959503859:-225,-199,-217,-201,-190,-202,-188,-188,-171,-173,-166,-172,-106,-65,-37,-8,-7,-33,-81,-159,-136,-130,-256,-281,-228,-141,640,1103,1095,636,-133,-833,-1334,-1516,-1338,-811,-129,-107,-123,-115,-130,-135,-125,-132,-123,-113,-124,-76,-38,15,54,114,130,168,181,183,182,193,162,156,122,79,42,-21,-84,-146,-205,-205,-196,-221,-195,-218,-232,
839633338521042320:-230,-211,-236,-246,-251,-235,-239,-238,-261,-240,-265,-260,-249,-264,-264,-257,-284,-275,-261,-290,-274,-290,-281,-286,-267,-285,-292,-294,-271,-282,-274,-276,-280,-278,-287,-260,-275,-261,-279,-260,-248,-253,-262,-260,-263,-247,-255,-224,-226,-237,-226,-238,-210,-201,-154,-96,-75,-59,-49,-89,-131,-171,-177,-192,-291,-307,-263,-156,606,1092,1079,626,-136,
839633339082580781:-849,-1359,-1546,-1350,-832,-145,-142,-135,-121,-133,-128,-116,-126,-131,-133,-129,-73,-6,30,78,119,166,199,193,231,216,225,199,167,146,122,72,6,-36,-84,-149,-154,-161,-164,-154,-164,-173,-169,-170,-199,-196,-182,-207,-192,-199,-216,-209,-231,-235,-212,-231,-231,-248,-235,-241,-253,-252,-260,-250,-274,-271,-274,-265,-256,-284,-268,-263,-271,
839633339644119242:-287,-284,-289,-272,-285,-278,-278,-282,-290,-291,-267,-272,-272,-261,-257,-258,-275,-266,-257,-273,-253,-272,-264,-185,-144,-93,-102,-98,-125,-185,-237,-223,-205,-335,-357,-309,-212,567,1029,1035,572,-181,-871,-1386,-1583,-1365,-866,-147,-167,-154,-136,-136,-140,-127,-130,-124,-122,-119,-75,-22,23,86,138,176,178,206,218,231,212,217,188,153,136,
839633340205657703:83,35,-1,-73,-122,-120,-123,-148,-146,-138,-136,-131,-147,-146,-151,-169,-152,-160,-164,-165,-177,-176,-196,-189,-201,-180,-192,-206,-201,-206,-216,-229,-212,-226,-227,-240,-223,-251,-233,-244,-255,-251,-270,-253,-247,-261,-260,-269,-273,-286,-287,-285,-286,-272,-277,-294,-272,-285,-271,-290,-274,-269,-289,-263,-273,-228,-162,-119,-132,-120,-150,-193,-272,
839633340767196164:-273,-261,-357,-396,-344,-253,514,1015,1014,543,-236,-934,-1422,-1606,-1419,-898,-210,-183,-187,-186,-193,-170,-188,-169,-179,-156,-170,-99,-59,14,54,90,146,183,187,211,210,214,191,175,169,110,86,23,-13,-78,-126,-125,-110,-113,-132,-112,-112,-124,-130,-115,-126,-131,-114,-136,-133,-134,-129,-147,-129,-139,-149,-163,-156,-145,-151,-163,-170,
839633341328734625:-178,-172,-173,-176,-199,-191,-204,-210,-199,-218,-204,-221,-208,-229,-235,-243,-248,-243,-235,-252,-259,-241,-266,-252,-256,-268,-267,-255,-275,-265,-285,-276,-275,-279,-224,-161,-144,-134,-145,-186,-226,-280,-290,-270,-394,-413,-364,-283,486,963,972,508,-255,-948,-1465,-1647,-1465,-959,-252,-245,-224,-238,-226,-212,-222,-201,-214,-197,-191,-132,-82,-24,18,
839633341890273086:59,96,146,162,165,174,190,174,145,116,110,70,30,-26,-73,-121,-142,-117,-137,-136,-111,-122,-117,-125,-119,-124,-112,-111,-127,-107,-125,-112,-119,-122,-130,-119,-132,-121,-132,-136,-119,-123,-144,-129,-154,-162,-147,-145,-152,-152,-150,-159,-182,-167,-167,-173,-188,-178,-201,-192,-204,-194,-225,-229,-211,-218,-230,-239,-247,-235,-231,-230,-242,
839633342451811547:-252,-261,-263,-206,-170,-130,-120,-131,-167,-223,-281,-272,-290,-398,-443,-398,-282,489,962,952,494,-271,-987,-1485,-1677,-1500,-967,-274,-281,-270,-262,-272,-269,-248,-269,-265,-259,-258,-175,-134,-83,-31,24,53,93,115,138,131,142,124,121,88,51,33,-11,-63,-102,-169,-159,-170,-172,-150,-139,-138,-138,-150,-137,-149,-126,-119,-115,-115,-131,
839633343013350008:-121,-129,-127,-124,-120,-107,-126,-106,-116,-121,-126,-119,-137,-119,-114,-122,-121,-118,-125,-137,-143,-127,-137,-154,-157,-146,-150,-140,-165,-173,-160,-179,-184,-183,-176,-184,-189,-179,-194,-194,-207,-216,-222,-219,-211,-173,-125,-80,-89,-115,-130,-189,-243,-253,-255,-364,-425,-380,-269,505,966,972,494,-265,-980,-1485,-1683,-1498,-982,-269,-281,-287,-290,
839633343574888469:-288,-278,-287,-275,-287,-273,-259,-224,-146,-97,-53,-23,10,41,70,103,109,98,94,64,43,6,-29,-54,-107,-163,-202,-198,-203,-196,-206,-178,-178,-183,-169,-184,-184,-179,-163,-147,-161,-138,-152,-138,-132,-128,-128,-145,-138,-142,-123,-142,-124,-113,-137,-117,-117,-130,-117,-125,-132,-120,-112,-131,-106,-124,-130,-113,-134,-113,-118,-120,-136,
839633344136426930:-148,-133,-137,-138,-151,-141,-160,-154,-173,-174,-157,-174,-180,-174,-114,-91,-61,-51,-48,-108,-161,-223,-224,-205,-323,-389,-330,-223,523,986,999,506,-241,-948,-1455,-1668,-1464,-964,-264,-255,-276,-287,-260,-266,-261,-274,-291,-286,-282,-233,-155,-117,-78,-28,0,41,62,74,89,59,76,35,29,-13,-46,-110,-151,-202,-243,-240,-239,-225,-234,
839633344697965391:-225,-236,-227,-231,-204,-211,-222,-190,-205,-181,-206,-201,-188,-187,-190,-162,-181,-177,-175,-170,-146,-139,-163,-151,-158,-136,-137,-143,-134,-143,-130,-126,-129,-111,-120,-119,-129,-122,-127,-115,-107,-133,-131,-123,-112,-107,-119,-125,-113,-118,-140,-145,-136,-141,-134,-127,-91,-49,-7,-14,-23,-46,-109,-181,-159,-167,-294,-348,-285,-189,574,1052,1037,
839633345259503852:570,-212,-915,-1424,-1610,-1440,-918,-242,-230,-245,-236,-260,-239,-244,-270,-248,-273,-274,-216,-160,-117,-79,-11,-5,34,62,67,72,69,41,46,-10,-34,-63,-109,-167,-226,-261,-262,-276,-278,-258,-269,-260,-250,-241,-251,-239,-249,-230,-235,-252,-244,-223,-216,-218,-215,-206,-206,-209,-201,-200,-195,-178,-200,-186,-188,-169,-185,-166,-161,-154,-158,
839633345821042313:-155,-163,-151,-151,-148,-140,-131,-125,-133,-129,-120,-126,-133,-125,-116,-133,-134,-124,-109,-113,-130,-135,-135,-110,-112,-52,-27,26,19,24,-26,-62,-131,-140,-134,-261,-292,-248,-155,614,1084,1083,589,-164,-878,-1389,-1590,-1409,-889,-208,-202,-208,-204,-203,-199,-217,-216,-221,-237,-240,-194,-133,-78,-32,10,32,49,60,88,74,85,72,49,
839633346382580774:23,-28,-60,-108,-178,-208,-276,-264,-281,-270,-269,-291,-287,-263,-265,-281,-288,-265,-273,-269,-275,-256,-258,-250,-265,-266,-268,-263,-261,-245,-242,-242,-220,-231,-218,-231,-227,-198,-215,-216,-200,-210,-209,-192,-195,-181,-168,-161,-179,-152,-178,-148,-151,-162,-160,-154,-144,-127,-123,-138,-142,-129,-142,-127,-133,-116,-108,-59,0,21,45,9,-24,
839633346944119235:-62,-108,-108,-130,-238,-280,-239,-115,635,1120,1092,622,-145,-830,-1348,-1541,-1369,-864,-166,-142,-153,-165,-177,-186,-188,-178,-195,-173,-187,-134,-90,-54,0,46,65,82,105,134,125,105,103,72,51,-4,-30,-109,-132,-199,-258,-276,-281,-266,-263,-267,-288,-281,-291,-285,-268,-270,-280,-271,-285,-276,-288,-275,-287,-285,-270,-289,-271,-273,-264,
839633347505657696:-282,-261,-250,-263,-269,-253,-264,-238,-248,-236,-231,-250,-222,-232,-231,-235,-218,-197,-221,-191,-192,-211,-192,-189,-189,-173,-164,-172,-172,-152,-160,-158,-168,-149,-146,-149,-93,-44,3,11,-3,-32,-58,-115,-137,-109,-221,-266,-238,-121,638,1102,1114,653,-128,-824,-1346,-1521,-1322,-824,-112,-133,-123,-124,-149,-145,-140,-140,-152,-158,-153,-95,-62,
839633348067196157:-7,31,86,110,136,165,175,169,150,126,118,90,31,-12,-53,-112,-183,-232,-240,-237,-235,-246,-250,-243,-263,-254,-245,-248,-272,-266,-254,-280,-272,-260,-285,-270,-279,-288,-293,-276,-272,-271,-266,-264,-271,-274,-272,-269,-264,-283,-277,-281,-263,-271,-268,-262,-274,-271,-243,-243,-236,-230,-227,-223,-221,-231,-227,-237,-230,-228,-209,-201,-199,
839633348628734618:-201,-203,-178,-201,-169,-113,-66,-28,-10,-23,-43,-101,-152,-153,-143,-238,-303,-247,-140,626,1105,1099,639,-141,-822,-1349,-1509,-1332,-823,-120,-122,-129,-113,-110,-129,-112,-119,-128,-132,-123,-65,-28,19,66,106,160,167,191,203,205,201,186,167,133,79,27,-5,-74,-117,-198,-186,-194,-185,-216,-213,-199,-225,-212,-227,-236,-238,-234,-239,
839633349190273079:-237,-239,-261,-250,-247,-264,-256,-264,-255,-262,-269,-269,-279,-258,-267,-274,-275,-290,-276,-292,-264,-267,-293,-272,-293,-278,-284,-263,-280,-261,-282,-255,-269,-280,-263,-264,-248,-247,-259,-241,-235,-247,-225,-229,-217,-235,-218,-173,-121,-65,-63,-62,-90,-149,-202,-181,-183,-292,-314,-282,-159,591,1084,1064,603,-142,-841,-1364,-1553,-1338,-830,-147,-130,
839633349751811540:-125,-135,-134,-134,-139,-122,-113,-113,-111,-53,-21,25,98,113,152,181,199,218,213,206,209,183,137,106,71,11,-18,-75,-142,-136,-142,-168,-149,-151,-171,-185,-167,-173,-184,-197,-201,-183,-187,-213,-206,-215,-205,-220,-226,-213,-230,-226,-232,-249,-249,-239,-254,-247,-266,-245,-250,-259,-272,-253,-267,-287,-276,-284,-276,-283,-288,-282,-289,
839633350313350001:-275,-273,-270,-292,-278,-287,-268,-285,-267,-275,-261,-255,-277,-256,-253,-259,-205,-163,-106,-97,-93,-137,-186,-247,-233,-217,-317,-364,-315,-208,546,1022,1033,583,-205,-882,-1384,-1573,-1374,-867,-180,-174,-160,-150,-151,-156,-149,-132,-133,-140,-134,-82,-14,42,68,129,144,198,208,232,221,222,210,183,155,142,96,38,-18,-65,-110,-124,-123,
839633350874888462:-136,-128,-128,-123,-146,-134,-145,-151,-152,-151,-164,-171,-156,-173,-169,-157,-173,-173,-183,-189,-193,-204,-186,-210,-193,-222,-206,-217,-225,-236,-224,-219,-238,-238,-245,-242,-266,-265,-246,-262,-267,-261,-271,-260,-285,-272,-284,-266,-290,-283,-271,-274,-264,-274,-266,-292,-271,-292,-210,-181,-142,-128,-129,-152,-224,-252,-256,-256,-352,-421,-369,-264,526,
839633351436426923:999,1008,521,-243,-926,-1426,-1637,-1432,-900,-222,-199,-201,-213,-209,-186,-183,-175,-178,-190,-159,-121,-46,9,50,84,147,171,191,204,199,222,210,175,150,121,90,33,-21,-75,-135,-111,-107,-133,-111,-133,-121,-111,-117,-111,-133,-115,-137,-134,-139,-123,-142,-144,-148,-133,-130,-156,-136,-154,-157,-162,-149,-178,-173,-164,-168,-189,-197,-204,
839633351997965384:-185,-212,-205,-198,-207,-210,-207,-223,-210,-241,-221,-221,-245,-233,-257,-238,-259,-243,-271,-248,-263,-273,-268,-273,-265,-280,-263,-228,-155,-149,-123,-144,-187,-230,-278,-269,-283,-374,-414,-371,-279,506,958,971,486,-253,-974,-1459,-1657,-1468,-939,-244,-253,-244,-254,-241,-246,-228,-239,-218,-230,-207,-151,-99,-42,4,69,104,116,159,164,163,165,
839633352559503845:152,145,113,93,66,23,-23,-78,-140,-147,-130,-131,-145,-119,-135,-134,-127,-113,-114,-134,-130,-110,-109,-106,-123,-128,-122,-128,-116,-120,-113,-123,-135,-143,-126,-138,-127,-132,-134,-157,-151,-153,-158,-156,-175,-174,-159,-164,-186,-191,-170,-172,-178,-205,-212,-202,-197,-217,-217,-233,-209,-213,-244,-224,-238,-242,-233,-254,-237,-188,-134,-105,-99,
839633353121042306:-116,-171,-210,-268,-278,-273,-390,-430,-385,-292,487,957,970,497,-283,-969,-1489,-1664,-1476,-965,-259,-261,-263,-272,-258,-277,-262,-245,-259,-269,-251,-197,-128,-97,-31,5,43,92,109,122,138,127,134,117,98,55,-1,-18,-68,-136,-166,-161,-157,-165,-155,-160,-166,-150,-152,-139,-141,-151,-142,-149,-122,-145,-117,-116,-121,-111,-116,-119,-135,
839633353682580767:-109,-109,-131,-118,-128,-131,-132,-135,-127,-133,-112,-136,-135,-129,-135,-138,-122,-140,-129,-147,-151,-139,-160,-166,-160,-155,-172,-174,-161,-165,-184,-181,-206,-206,-204,-200,-217,-227,-165,-102,-83,-81,-86,-134,-190,-252,-249,-258,-372,-390,-350,-255,493,981,971,493,-264,-977,-1474,-1686,-1490,-985,-269,-283,-284,-280,-288,-271,-276,-267,-266,-291,-289,
839633354244119228:-232,-152,-122,-51,-7,7,41,74,97,103,80,75,73,47,17,-39,-86,-132,-166,-222,-225,-221,-208,-210,-187,-187,-199,-189,-172,-165,-181,-163,-174,-150,-155,-151,-155,-139,-132,-134,-153,-136,-124,-142,-128,-141,-120,-119,-113,-136,-107,-116,-118,-108,-133,-109,-131,-125,-126,-106,-125,-129,-136,-113,-134,-137,-140,-143,-143,-127,-127,-141,-158,
839633354805657689:-141,-167,-154,-155,-158,-172,-157,-102,-75,-47,-40,-45,-97,-141,-189,-197,-209,-312,-352,-321,-232,527,996,1000,539,-228,-951,-1472,-1648,-1469,-971,-258,-264,-279,-265,-259,-272,-274,-281,-274,-270,-289,-214,-173,-108,-75,-22,-4,42,63,53,59,60,53,44,6,-20,-49,-99,-167,-198,-257,-242,-263,-237,-252,-237,-248,-236,-230,-219,-233,-220,
839633355367196150:-205,-205,-207,-205,-188,-190,-191,-180,-169,-174,-171,-160,-159,-162,-165,-169,-155,-151,-135,-135,-142,-126,-137,-141,-126,-133,-133,-129,-124,-125,-117,-126,-117,-115,-119,-126,-114,-125,-126,-116,-114,-114,-120,-122,-133,-144,-119,-138,-144,-75,-30,-20,-1,-1,-44,-94,-158,-151,-154,-285,-329,-285,-175,586,1047,1044,553,-209,-892,-1416,-1612,-1441,-921,
839633355928734611:-224,-240,-237,-234,-245,-258,-232,-263,-244,-250,-271,-195,-156,-108,-60,-31,26,40,61,55,86,65,49,35,8,-20,-80,-133,-172,-233,-292,-269,-272,-287,-273,-258,-256,-273,-256,-256,-262,-255,-265,-246,-241,-229,-243,-223,-230,-238,-227,-230,-228,-198,-217,-189,-185,-208,-206,-190,-197,-171,-175,-187,-178,-169,-174,-173,-149,-146,-162,-160,-153,
839633356490273072:-144,-146,-147,-126,-123,-135,-129,-113,-120,-108,-124,-111,-120,-120,-112,-107,-114,-124,-48,-24,31,31,3,-13,-73,-122,-138,-138,-245,-292,-259,-142,627,1071,1096,606,-165,-856,-1385,-1584,-1385,-892,-179,-203,-189,-192,-215,-189,-193,-225,-203,-217,-226,-164,-119,-77,-45,-5,35,58,94,82,81,81,68,39,8,-24,-70,-99,-159,-230,-263,
839633357051811533:-284,-267,-280,-278,-266,-272,-273,-289,-273,-281,-272,-262,-271,-265,-282,-257,-269,-252,-257,-266,-260,-251,-256,-261,-233,-229,-238,-230,-243,-220,-227,-216,-224,-210,-212,-201,-204,-191,-195,-181,-174,-177,-161,-168,-182,-170,-165,-161,-150,-157,-132,-131,-131,-147,-138,-148,-121,-138,-132,-119,-70,-28,31,21,9,-15,-47,-122,-115,-106,-220,-269,-236,
839633357613349994:-122,635,1101,1105,648,-124,-825,-1337,-1549,-1366,-833,-141,-139,-146,-162,-168,-162,-154,-179,-170,-187,-194,-136,-92,-47,20,37,90,92,123,139,136,130,93,69,57,0,-35,-73,-135,-189,-253,-248,-262,-269,-262,-259,-272,-262,-278,-276,-287,-280,-266,-288,-264,-293,-292,-268,-273,-275,-264,-275,-282,-282,-264,-281,-269,-260,-273,-254,-250,-272,
839633358174888455:-257,-247,-248,-236,-249,-242,-236,-243,-233,-229,-223,-229,-222,-213,-193,-194,-186,-186,-200,-176,-174,-179,-181,-161,-173,-156,-164,-159,-142,-90,-26,-17,18,-1,-25,-68,-132,-135,-132,-247,-272,-238,-110,633,1116,1127,643,-119,-811,-1334,-1522,-1333,-808,-121,-137,-117,-131,-142,-139,-121,-148,-137,-144,-143,-78,-37,1,41,80,108,132,161,173,
839633358736426916:184,162,161,130,84,61,-7,-42,-90,-147,-207,-232,-238,-241,-233,-241,-230,-235,-255,-244,-238,-242,-247,-248,-275,-276,-281,-277,-269,-268,-263,-274,-276,-276,-277,-284,-273,-270,-265,-281,-279,-283,-279,-266,-288,-276,-277,-276,-254,-277,-277,-263,-245,-258,-242,-245,-249,-251,-240,-237,-226,-230,-216,-223,-226,-224,-208,-215,-198,-195,-192,-144,-74,
839633359297965377:-37,-35,-43,-76,-103,-154,-168,-155,-252,-293,-242,-152,618,1106,1105,644,-129,-819,-1342,-1522,-1333,-819,-127,-126,-105,-120,-129,-108,-133,-134,-108,-130,-120,-59,-8,24,81,111,147,170,194,218,194,214,187,146,119,89,37,1,-64,-104,-188,-176,-189,-183,-202,-191,-193,-208,-221,-212,-218,-213,-228,-241,-229,-234,-242,-246,-230,-233,-240,
839633359859503838:-239,-265,-261,-257,-278,-256,-271,-281,-277,-264,-285,-288,-278,-285,-265,-268,-264,-279,-284,-267,-264,-283,-271,-285,-274,-273,-265,-281,-261,-249,-275,-266,-244,-252,-243,-233,-258,-229,-250,-239,-162,-105,-86,-77,-62,-93,-145,-210,-204,-196,-307,-331,-284,-182,586,1076,1078,604,-158,-854,-1368,-1552,-1348,-843,-134,-127,-123,-131,-138,-124,-140,-116,-128,
839633360421042299:-123,-117,-68,-27,41,88,115,174,191,208,212,239,224,204,194,168,114,72,10,-27,-80,-134,-138,-137,-150,-137,-156,-151,-152,-179,-168,-163,-181,-187,-173,-183,-190,-198,-209,-214,-218,-204,-215,-229,-229,-241,-217,-239,-236,-249,-261,-242,-254,-263,-250,-271,-252,-267,-262,-263,-266,-276,-278,-266,-282,-288,-273,-267,-264,-287,-279,-283,-267,
839633360982580760:-287,-287,-278,-280,-260,-284,-271,-267,-267,-202,-167,-133,-119,-101,-136,-190,-239,-245,-226,-340,-365,-341,-232,533,1025,1024,570,-199,-907,-1412,-1574,-1383,-894,-176,-184,-171,-155,-171,-169,-163,-153,-134,-131,-148,-80,-24,37,66,109,165,173,218,217,216,232,207,201,152,128,78,32,-25,-79,-131,-110,-111,-116,-116,-122,-122,-129,-144,-121,
839633361544119221:-133,-151,-139,-143,-152,-152,-161,-160,-167,-175,-163,-170,-180,-194,-191,-198,-205,-201,-216,-216,-218,-224,-215,-215,-218,-234,-245,-223,-239,-256,-253,-240,-259,-251,-270,-260,-265,-272,-274,-255,-268,-289,-288,-270,-282,-268,-283,-283,-272,-280,-270,-229,-166,-153,-119,-143,-181,-209,-260,-268,-281,-364,-410,-375,-249,505,979,996,511,-237,-925,-1449,-1630,
839633362105657682:-1432,-924,-230,-211,-208,-201,-192,-213,-199,-193,-194,-175,-195,-122,-54,-15,53,80,137,153,179,185,198,188,196,164,158,118,76,37,-11,-61,-138,-126,-111,-119,-129,-119,-134,-133,-105,-110,-121,-136,-137,-115,-128,-115,-113,-133,-130,-123,-141,-152,-142,-159,-157,-164,-139,-170,-166,-169,-164,-169,-173,-192,-199,-199,-178,-193,-193,-198,-194,
839633362667196143:-222,-231,-230,-226,-242,-238,-234,-227,-251,-230,-262,-261,-255,-253,-265,-257,-273,-281,-281,-282,-228,-169,-136,-121,-153,-181,-206,-290,-284,-292,-394,-427,-389,-269,478,970,971,478,-269,-953,-1484,-1674,-1461,-960,-252,-259,-259,-247,-232,-235,-224,-247,-235,-223,-221,-174,-114,-45,6,57,74,115,142,154,157,154,158,133,102,96,32,9,-40,
839633363228734604:-82,-134,-156,-129,-141,-128,-135,-131,-133,-130,-114,-130,-115,-119,-111,-136,-131,-105,-106,-114,-109,-110,-108,-107,-126,-109,-112,-123,-118,-125,-144,-124,-139,-154,-130,-136,-152,-162,-150,-160,-155,-175,-171,-181,-181,-172,-199,-190,-189,-199,-207,-213,-211,-227,-221,-230,-220,-225,-238,-221,-248,-248,-195,-155,-103,-115,-115,-157,-207,-266,-277,-283,-387,
839633363790273065:-413,-389,-279,490,969,957,475,-287,-963,-1485,-1676,-1487,-988,-276,-279,-272,-287,-287,-283,-257,-253,-253,-264,-245,-191,-140,-95,-37,6,31,87,115,130,129,127,120,104,87,47,-7,-40,-74,-125,-198,-177,-168,-180,-159,-168,-165,-149,-164,-147,-149,-152,-152,-138,-123,-129,-121,-143,-139,-121,-112,-111,-123,-113,-110,-132,-115,-113,-125,-124,
839633364351811526:-116,-134,-124,-127,-129,-135,-113,-116,-141,-140,-138,-141,-129,-141,-152,-146,-164,-155,-150,-149,-170,-159,-184,-186,-172,-180,-182,-181,-186,-213,-207,-152,-93,-90,-73,-77,-111,-182,-240,-248,-249,-337,-396,-350,-248,503,992,967,500,-272,-961,-1479,-1683,-1483,-964,-287,-280,-292,-271,-280,-294,-288,-284,-271,-276,-276,-233,-164,-126,-52,-20,29,50,
839633364913349987:52,76,82,93,77,65,30,7,-28,-92,-122,-164,-240,-231,-233,-222,-208,-216,-214,-213,-203,-199,-192,-194,-185,-182,-172,-169,-156,-168,-162,-142,-149,-137,-149,-145,-155,-131,-149,-139,-128,-141,-136,-130,-131,-115,-112,-127,-122,-111,-131,-119,-118,-125,-130,-108,-127,-111,-128,-125,-127,-141,-143,-126,-136,-154,-148,-158,-152,-137,-160,-163,-163,
839633365474888448:-120,-49,-21,-22,-43,-85,-138,-186,-189,-209,-310,-362,-313,-209,547,1003,1022,520,-244,-947,-1459,-1636,-1459,-957,-259,-254,-267,-264,-263,-263,-256,-256,-285,-285,-273,-230,-162,-134,-72,-42,18,17,51,70,65,64,61,39,3,-25,-63,-112,-142,-198,-249,-255,-262,-242,-239,-248,-253,-242,-239,-232,-218,-215,-226,-230,-214,-223,-199,-214,-210,
839633366036426909:-197,-198,-180,-180,-167,-163,-160,-182,-175,-169,-172,-160,-150,-151,-159,-155,-142,-131,-119,-132,-128,-141,-124,-138,-135,-107,-117,-114,-124,-132,-129,-105,-128,-109,-121,-137,-123,-132,-136,-142,-123,-139,-88,-35,-4,23,-5,-33,-87,-151,-170,-161,-272,-312,-291,-185,579,1040,1062,581,-199,-892,-1420,-1602,-1408,-915,-218,-209,-235,-220,-244,-235,-254,
839633366597965370:-235,-241,-243,-247,-202,-152,-100,-63,-26,8,43,66,57,73,72,64,28,16,-41,-80,-106,-176,-220,-284,-289,-284,-280,-278,-276,-283,-265,-283,-272,-263,-248,-259,-255,-266,-263,-238,-237,-236,-235,-226,-236,-230,-231,-207,-221,-218,-213,-201,-198,-201,-202,-174,-189,-169,-159,-169,-164,-153,-160,-168,-158,-136,-151,-152,-138,-138,-138,-126,-131,
839633367159503831:-131,-120,-127,-131,-115,-115,-121,-120,-115,-109,-130,-57,-7,12,34,22,-27,-60,-134,-137,-122,-246,-275,-246,-150,637,1107,1096,602,-147,-854,-1377,-1571,-1391,-863,-172,-179,-179,-173,-189,-190,-204,-215,-195,-220,-222,-169,-108,-78,-17,23,54,82,97,95,95,82,78,64,19,-12,-55,-94,-146,-222,-259,-279,-273,-287,-286,-278,-274,-280,
839633367721042292:-273,-269,-294,-264,-281,-268,-284,-289,-260,-264,-267,-259,-267,-248,-248,-270,-257,-252,-261,-247,-250,-231,-231,-227,-225,-209,-233,-214,-216,-213,-204,-204,-186,-191,-190,-193,-192,-169,-169,-165,-175,-161,-151,-144,-154,-140,-135,-149,-154,-144,-124,-136,-137,-56,-19,4,13,11,-25,-68,-121,-116,-115,-222,-259,-225,-120,652,1117,1121,636,-131,-817,
839633368282580753:-1353,-1529,-1350,-836,-130,-131,-147,-162,-142,-163,-172,-151,-166,-162,-165,-123,-78,-20,13,60,93,103,117,133,150,122,122,74,42,25,-37,-72,-148,-187,-256,-258,-266,-245,-247,-247,-269,-269,-262,-262,-265,-281,-267,-282,-273,-274,-293,-271,-291,-284,-290,-272,-265,-268,-274,-276,-278,-263,-279,-253,-252,-265,-262,-266,-247,-247,-249,-234,-249,
839633368844119214:-235,-234,-242,-242,-236,-237,-210,-221,-211,-205,-209,-204,-181,-202,-172,-188,-179,-175,-165,-178,-171,-154,-99,-45,0,-12,-2,-43,-70,-126,-149,-122,-227,-288,-228,-112,647,1113,1108,642,-119,-805,-1330,-1506,-1333,-818,-133,-126,-108,-134,-115,-122,-127,-116,-145,-124,-143,-95,-40,18,59,84,131,163,158,183,175,177,161,124,113,67,10,
839633369405657675:-53,-106,-136,-207,-207,-207,-236,-231,-234,-233,-231,-246,-235,-245,-249,-252,-244,-261,-269,-275,-272,-256,-279,-256,-277,-285,-281,-287,-267,-273,-281,-266,-268,-294,-276,-292,-268,-267,-272,-265,-279,-282,-259,-278,-274,-252,-271,-259,-270,-256,-255,-247,-256,-226,-233,-242,-228,-235,-223,-227,-217,-195,-220,-204,-145,-75,-36,-21,-41,-81,-128,-167,-162,
839633369967196136:-161,-280,-301,-273,-150,615,1094,1097,611,-142,-818,-1355,-1532,-1334,-829,-118,-136,-107,-121,-124,-119,-131,-134,-108,-106,-109,-75,-15,31,85,118,146,179,188,207,210,219,192,161,130,88,67,15,-43,-115,-163,-182,-168,-168,-174,-176,-193,-206,-212,-203,-202,-195,-204,-207,-221,-237,-234,-242,-243,-241,-236,-242,-245,-247,-257,-255,-252,-251,
839633370528734597:-276,-275,-263,-286,-262,-290,-286,-272,-263,-292,-289,-282,-280,-282,-289,-274,-280,-278,-264,-265,-273,-263,-261,-266,-271,-270,-258,-255,-260,-252,-247,-248,-256,-176,-130,-85,-85,-88,-119,-171,-213,-223,-213,-296,-350,-288,-197,569,1070,1071,577,-155,-866,-1379,-1558,-1362,-854,-153,-151,-151,-139,-146,-131,-141,-138,-136,-140,-133,-62,-21,47,90,142,
839633371090273058:166,186,201,235,226,232,216,174,163,132,93,41,-24,-91,-122,-142,-143,-146,-134,-150,-156,-170,-161,-149,-163,-155,-160,-190,-195,-181,-195,-188,-208,-207,-189,-198,-216,-226,-232,-222,-222,-218,-222,-237,-253,-250,-240,-261,-242,-262,-252,-264,-255,-267,-273,-280,-288,-287,-278,-277,-293,-285,-271,-276,-267,-268,-276,-292,-272,-271,-272,-287,-265,
839633371651811519:-260,-279,-208,-157,-132,-97,-129,-142,-203,-262,-245,-239,-350,-384,-326,-237,532,1020,1018,541,-213,-899,-1425,-1584,-1402,-884,-176,-195,-182,-184,-174,-152,-168,-175,-158,-152,-137,-107,-45,18,79,98,163,172,198,226,230,233,212,203,157,130,88,40,3,-79,-123,-111,-107,-123,-128,-131,-137,-139,-120,-145,-145,-121,-137,-154,-136,-139,-141,
839633372213349980:-149,-160,-148,-153,-153,-185,-184,-172,-178,-191,-183,-199,-187,-193,-201,-223,-217,-210,-228,-218,-215,-246,-245,-242,-244,-248,-245,-248,-262,-261,-268,-256,-278,-282,-255,-276,-258,-283,-265,-290,-293,-286,-280,-290,-219,-169,-133,-120,-154,-181,-229,-272,-258,-257,-363,-432,-366,-274,495,979,995,503,-256,-930,-1461,-1635,-1449,-939,-238,-214,-232,-231,-227,
839633372774888441:-218,-208,-198,-194,-194,-195,-124,-69,-15,46,79,114,139,188,185,211,193,183,165,128,102,66,38,-11,-86,-116,-119,-138,-116,-113,-110,-122,-119,-115,-132,-109,-126,-130,-113,-108,-109,-114,-116,-117,-136,-132,-129,-138,-150,-135,-147,-153,-165,-152,-168,-167,-166,-176,-164,-161,-189,-183,-194,-198,-186,-206,-212,-211,-201,-224,-205,-220,-225,
839633373336426902:-235,-237,-237,-241,-232,-235,-259,-261,-256,-274,-271,-252,-270,-210,-149,-148,-129,-132,-182,-213,-283,-268,-264,-382,-424,-381,-279,494,965,957,500,-287,-957,-1474,-1657,-1481,-964,-270,-260,-249,-257,-253,-248,-242,-245,-244,-230,-220,-186,-110,-48,-3,45,77,96,125,135,152,161,138,140,106,73,35,7,-43,-99,-146,-153,-150,-140,-141,-140,
839633373897965363:-135,-128,-143,-141,-123,-133,-123,-135,-111,-124,-120,-112,-117,-126,-119,-132,-126,-109,-125,-131,-136,-127,-113,-140,-143,-136,-146,-137,-152,-145,-142,-144,-150,-140,-158,-165,-160,-159,-160,-190,-169,-187,-179,-180,-200,-207,-207,-209,-200,-225,-213,-220,-225,-222,-227,-180,-122,-115,-105,-113,-132,-188,-270,-277,-278,-367,-406,-374,-278,494,967,963,488,
839633374459503824:-281,-964,-1496,-1670,-1490,-990,-271,-284,-266,-291,-261,-262,-277,-260,-264,-276,-256,-205,-163,-104,-40,-13,51,68,100,103,122,115,98,91,78,48,0,-40,-105,-139,-208,-197,-192,-197,-184,-170,-186,-175,-176,-158,-167,-164,-149,-136,-146,-133,-130,-131,-134,-126,-117,-139,-135,-133,-119,-121,-120,-118,-124,-106,-117,-120,-118,-118,-115,-109,-113,
839633375021042285:-127,-121,-126,-122,-129,-141,-124,-127,-149,-131,-159,-164,-140,-159,-152,-150,-177,-166,-169,-170,-169,-196,-202,-188,-130,-88,-60,-68,-60,-119,-159,-211,-239,-223,-336,-382,-338,-240,512,988,995,496,-262,-947,-1471,-1672,-1478,-980,-267,-260,-271,-265,-267,-272,-291,-286,-275,-276,-264,-218,-167,-122,-69,-34,23,47,53,65,73,75,68,46,34,
839633375582580746:-11,-33,-84,-139,-181,-242,-243,-217,-223,-216,-220,-225,-224,-202,-202,-211,-185,-197,-173,-193,-182,-187,-157,-165,-167,-170,-156,-145,-159,-153,-132,-136,-131,-125,-141,-141,-126,-112,-123,-118,-136,-116,-136,-130,-108,-108,-116,-122,-127,-122,-117,-118,-118,-125,-135,-126,-144,-119,-120,-132,-138,-152,-144,-158,-163,-155,-90,-59,-27,-2,-38,-68,-123,
839633376144119207:-176,-184,-184,-305,-352,-321,-191,539,1025,1032,532,-217,-932,-1458,-1638,-1456,-941,-255,-247,-268,-263,-270,-268,-276,-257,-253,-259,-279,-211,-154,-104,-70,-36,5,44,49,78,71,68,55,39,6,-26,-53,-112,-154,-228,-280,-269,-267,-256,-263,-258,-261,-250,-246,-229,-230,-220,-246,-236,-233,-232,-212,-220,-221,-211,-185,-194,-202,-198,-184,-190,
839633376705657668:-161,-175,-176,-163,-147,-143,-161,-146,-147,-160,-150,-141,-125,-147,-117,-138,-134,-135,-131,-129,-117,-134,-121,-115,-130,-132,-132,-109,-124,-109,-120,-129,-127,-114,-124,-70,-23,3,22,-7,-24,-80,-157,-150,-142,-251,-309,-271,-153,607,1053,1060,594,-181,-902,-1397,-1586,-1398,-917,-208,-221,-213,-222,-212,-217,-237,-231,-251,-230,-243,-207,-149,-104,
839633377267196129:-52,0,13,37,56,66,66,69,72,35,1,-42,-73,-118,-175,-216,-265,-278,-264,-267,-272,-267,-281,-274,-276,-266,-254,-273,-261,-250,-257,-255,-268,-262,-258,-255,-234,-226,-222,-238,-225,-214,-229,-220,-199,-197,-192,-185,-188,-178,-177,-189,-164,-172,-172,-179,-164,-147,-158,-161,-150,-151,-152,-139,-128,-128,-130,-129,-122,-130,-125,-124,-125,
839633377828734590:-133,-132,-126,-123,-56,-10,12,43,32,-12,-73,-114,-124,-138,-248,-285,-252,-121
[RR]
906,869,891,901,900,871,879,861,890,881,877,865,864,881,889,899,884,895,899,875,870,866,896,861,898,906,882,894,907,906,901,879,874,907,907,871,887,866,898,871,897,864,891,891,872,897,860,906,900,868,880,870,876,865,881,876,869,865,893,887,893,898,875,870,908,867,863,878,888,864,909,901,902,876,905,875,901,904,879,871,864,893,869,884,887,908,883,870,870,873,866,864,864,892,903,866,875,883,864,866,905,883,876,883,894,879,888,885,862,872,863,882,897,869,910,895,872,869,895,868,901,886,861,893,876,900,877,873,910,864,891,860,872,909,879,870,866,865,862,874,875,888,910,908,869,908,903,902,905,868,909,871,899,864,889,867,866,877,877,899,860,870,866,900,874,903,907,879,884,866,872,907,901,879,890,873,909,872,866,866,889,893,887,873,899,870,862,905,867,865,888,861,888,876,864,883,909,864,882,893,878,888,895,869,893,888,910,867,910,881,868,900,906,860,901,898,900,875,889,905,896,898,860,910,885,867,871,904,893,868,863,904,900,887,908,873,887,873,897,880,893,884,891,900,901,904,897,900,872,895,860,908,878,870,901,866,864,865,893,908,884,861,905,903,903,871,909,877,901,872,896,872,889,871,887,899,888,878,865,868,893,881,895,865,883,883,899,900,881,865,880,909,868,900,870,891,876,907,879,900,871,868,910,893,870,864,899,899,900,899,886,860,866,892,861,879,866,904,876,878,889,892,892,860,894,897,876,895,906,887,884,862,890,909,908,897,894,891,910,865
[ACC]
31282,31687,31362,31634,31583,31498,31763,31735,31411,31485,31289,31773,31519,31689,31535,31494,31328,31375,31467,31313,31250,31351,31705,31638,31526,31492,31228,31462,31542,31515,31499,31684,31712,31214,31440,31430,31215,31373,31526,31353,31231,31442,31605,31366,31545,31617,31378,31221,31713,31517,31554,31403,31510,31459,31266,31470,31616,31288,31266,31262,31387,31524,31431,31597,31332,31294,31601,31432,31672,31459,31761,31725,31449,31444,31327,31214,31562,31359,31634,31315,31449,31273,31582,31762,31783,31598,31388,31625,31461,31597,31494,31654,31375,31338,31494,31274,31658,31334,31418,31395,31228,31355,31514,31212,31312,31512,31528,31531,31365,31396,31706,31767,31509,31729,31425,31332,31667,31358,31650,31387,31592,31342,31674,31656,31240,31524,31272,31309,31227,31476,31420,31779,31722,31457,31478,31699,31382,31393,31431,31700,31537,31507,31720,31565,31390,31329,31563,31611,31563,31369,31361,31291,31761,31391,31491,31683,31346,31226,31210,31417,31407,31468,31564,31766,31711,31498,31648,31218,31358,31452,31554,31439,31585,31382,31308,31492,31696,31786,31730,31357,31282,31466,31403,31319,31320,31264,31633,31624,31254,31278,31539,31204,31299,31337,31399,31358,31301,31507,31759,31548,31550,31331,31546,31438,31320,31457,31382,31428,31286,31338,31265,31655,31328,31620,31627,31391,31672,31367,31389,31778,31782,31334,31705,31302,31781,31208,31419,31423,31583,31559,31514,31361,31480,31673,31253,31742,31775,31556,31504,31521,31548,31415,31294,31603,31240,31489,31783,31526,31225,31459,31792,31222,31794,31497,31795,31771,31552,31433,31293,31727,31285,31282,31752,31508,31747,31731,31228,31242,31240,31276,31712,31212,31591,31245,31257,31538,31713,31277,31709,31390,31316,31734,31345,31737,31681,31372,31285,31325,31260,31687,31490,31402,31726,31329,31407,31629,31234,31618,31435,31429,31450,31667,31551,31469,31665,31476,31491,31367,31789,31487,31532,31241,31589,31766,31763,31364,31434,31743,31488,31629,31765,31438,31409,31565,31266,31421,31704,31740,31411,31248,31697,31348,31489,31477,31693,31403,31213,31305,31703,31415,31720,31462,31403,31268,31430,31218,31793,31373,31269,31523,31454,31280,31698,31468,31410,31593,31574,31776,31762,31535,31430,31714,31342,31569,31293,31301,31392,31640,31458,31523,31203,31734,31755,31680,31685,31267,31710,31203,31773,31564,31698,31384,31735,31204,31346,31421,31372,31238,31794,31233,31788,31789,31677,31718,31558,31636,31551,31721,31518,31449,31527,31699,31334,31593,31624,31622,31201,31452,31440,31380,31523,31356,31522,31728,31359,31461,31449,31442,31246,31706,31222,31732,31336,31269,31253,31482,31655,31774,31343,31669,31402,31548,31623,31262,31200,31760,31534,31627,31580,31534,31455,31442,31673,31232,31693,31463,31749,31645,31260,31522,31658,31795,31521,31510,31731,31524,31471,31604,31389,31620,31332,31475,31788,31387,31369,31675,31329,31748,31617,31211,31657,31232,31713,31625,31488,31383,31257,31206,31790,31452,31644,31650,31320,31773,31581,31536,31313,31534,31212,31584,31761,31457,31694,31520,31790,31634,31626,31582,31542,31681,31483,31631,31574,31567,31383,31319,31614,31379,31780,31263,31776,31651,31590,31215,31713,31522,31325,31789,31528,31638,31706,31563,31278,31544,31361,31673,31793,31768,31600,31706,31514,31592,31666,31546,31477,31252,31453,31733,31486,31344,31559,31749,31770,31566,31372,31522,31734,31525,31715,31462,31789,31722,31736,31355,31517,31333,31647,31547,31382,31522,31602,31325,31709,31599,31713,31445,31213,31561,31239,31346,31471,31569,31539,31729,31352,31789,31322,31743,31304,31243,31505,31592,31208,31335,31270,31570,31247,31419,31213,31429,31546,31438,31276,31620,31550,31343,31388,31486,31680,31464,31699,31676,31574,31445,31233,31549,31333,31564,31707,31278,31419,31522,31677,31473,31470,31303,31374,31559,31414,31446,31548,31676,31505,31303,31306,31365,31281,31730,31783,31522,31268,31332,31222,31669,31321,31544,31376,31575,31465,31702,31478,31364,31526,31438,31404,31694,31716,31671,31405,31555,31575,31565,31476,31256,31401,31787,31367,31527,31305,31529,31747,31581,31366,31505,31740,31285,31300,31785,31609,31279,31441,31328,31444,31722,31345,31751,31266,31665,31655,31389,31425,31583,31252,31359,31649,31436,31727,31612,31662,31233,31440,31624,31310,31751,31329,31300,31716,31333,31302,31650,31718,31237,31324,31611,31504,31457,31513,31367,31556,31312,31541,31639,31246,31439,31582,31433,31224,31691,31407,31241,31580,31603,31585,31296,31257,31224,31447,31491,31491,31462,31768,31299,31335,31766,31488,31337,31726,31539,31456,31613,31785,31776,31728,31240,31269,31306,31402,31435,31208,31560,31786,31557,31601,31391,31659,31256,31773,31508,31755,31753,31530,31566,31486,31704,31556,31472,31779,31577,31240,31231,31403,31579,31581,31293,31339,31254,31570,31571,31457,31229,31727,31247,31728,31431,31494,31365,31683,31707,31774,31588,31242,31450,31372,31249,31404,31467,31496,31306,31680,31458,31479,31297,31254,31204,31452,31629,31538,31428,31259,31353,31419,31403,31255,31478,31601,31671,31425,31413,31598,31283,31689,31659,31730,31245,31337,31214,31522,31581,31460,31553,31599,31740,31416,31641,31295,31659,31416,31540,31665,31566,31496,31623,31225,31772,31256,31200,31641,31625,31623,31269,31592,31285,31525,31610,31611,31587,31262,31669,31543,31229,31656,31563,31436,31712,31201,31403,31239,31489,31200,31583,31504,31778,31765,31341,31770,31605,31383,31391,31719,31264,31430,31701,31513,31712,31460,31708,31454,31334,31276,31663,31299,31606,31720,31345,31380,31279,31650,31688,31542,31778,31626,31431,31629,31233,31446,31785,31752,31711,31574,31527,31438,31436,31585,31670,31408,31368,31200,31648,31738,31243,31333,31629,31371,31278,31783,31707,31331,31293,31453,31628,31434,31403,31551,31405,31763,31462,31220,31390,31437,31397,31675,31234,31250,31436,31604,31745,31412,31417,31779,31470,31279,31526,31301,31440,31579,31309,31638,31445,31226,31366,31570,31386,31706,31259,31255,31382,31507,31660,31232,31400,31742,31584,31365,31335,31657,31583,31309,31631,31571,31247,31479,31347,31552,31630,31428,31304,31605,31304,31267,31472,31766,31744,31660,31667,31643,31536,31429,31633,31563,31754,31237,31693,31397,31557,31664,31593,31203,31200,31728,31456,31616,31759,31688,31415,31204,31737,31515,31445,31222,31307,31206,31247,31434,31241,31434,31597,31745,31522,31365,31250,31560,31773,31478,31628,31218,31661,31371,31639,31346,31552,31519,31537,31367,31641,31486,31753,31372,31309,31332,31589,31773,31606,31583,31611,31433,31689,31287,31800,31563,31290,31269,31451,31588,31646,31554,31383,31307,31523,31602,31294,31433,31668,31479,31698,31800,31758,31388,31302,31742,31551,31318,31502,31587,31236,31633,31389,31725,31300,31217,31718,31738,31582,31781,31234,31312,31233,31221,31438,31222,31379,31757,31641,31224,31444,31469,31532,31744,31531,31635,31749,31610,31227,31548,31764,31495,31214,31376,31533,31733,31332,31551,31201,31748,31680,31550,31783,31216,31516,31521,31641,31763,31297,31392,31783,31425,31376,31326,31617,31244,31759,31237,31284,31285,31300,31558,31541,31779,31521,31212,31772,31789,31379,31304,31303,31309,31742,31628,31314,31545,31582,31563,31284,31265,31278,31715,31343,31490,31536,31779,31669,31650,31479,31769,31563,31739,31218,31238,31346,31750,31632,31690,31694,31241,31226,31474,31782,31562,31799,31238,31338,31763,31319,31509,31748,31702,31430,31579,31499,31239,31729,31330,31735,31324,31355,31696,31354,31444,31690,31780,31277,31262,31660,31208,31715,31781,31666,31233,31595,31499,31408,31206,31233,31268,31538,31521,31690,31291,31304,31698,31340,31230,31698,31335,31584,31365,31276,31299,31777,31657,31440,31216,31547,31610,31358,31625,31585,31794,31702,31282,31253,31210,31309,31492,31798,31446,31791,31772,31371,31268,31782,31331,31638,31552,31589,31308,31772,31678,31375,31782,31252,31735,31373,31740,31634,31708,31323,31666,31341,31516,31532,31418,31310,31793,31424,31608,31245,31695,31656,31584,31626,31203,31443,31285,31262,31676,31734,31689,31648,31699,31790,31359,31559,31739,31213,31593,31797,31586,31405,31400,31304,31644,31455,31464,31524,31430,31408,31510,31456,31226,31346,31451,31511,31221,31311,31216,31268,31235,31494,31311,31541,31374,31660,31530,31427,31304,31783,31580,31761,31666,31378,31711,31534,31660,31735,31678,31506,31598,31575,31346,31705,31479,31241,31249,31266,31526,31631,31243,31331,31399,31698,31719,31470,31756,31417,31573,31363,31475,31422,31653,31686,31426,31491,31643,31651,31767,31268,31442,31740,31387,31690,31243,31495,31487,31503,31270,31214,31601,31305,31624,31330,31632,31691,31340,31364,31334,31591,31380,31285,31700,31499,31319,31753,31289,31338,31286,31225,31726,31647,31615,31363,31396,31253,31505,31202,31554,31782,31619,31402,31671,31560,31318,31799,31519,31331,31774,31377,31475,31348,31328,31394,31734,31440,31500,31691,31219,31403,31747,31681,31230,31475,31586,31544,31751,31325,31411,31511,31752,31740,31655,31351,31705,31711,31739,31577,31415,31462,31724,31507,31378,31592,31405,31532,31720,31581,31509,31419,31572,31703,31539,31305,31512,31631,31348,31514,31633,31250,31489,31391,31294,31696,31350,31220,31518,31269,31740,31558,31350,31697,31242,31482,31585,31675,31606,31242,31259,31768,31542,31437,31378,31654,31286,31559,31534,31259,31447,31338,31735,31478,31349,31309,31529,31619,31619,31258,31721,31699,31575,31657,31254,31403,31496,31648,31591,31601,31633,31238,31673,31393,31767,31771,31328,31410,31785,31331,31394,31604,31523,31411,31590,31496,31218,31358,31250,31490,31664,31529,31302,31716,31271,31470,31702,31664,31669,31293,31690,31625,31268,31709,31398,31614,31472,31317,31393,31668,31289,31256,31397,31377,31399,31590,31299,31507,31306,31523,31500,31612,31422,31507,31722,31610,31461,31460,31226,31390,31453,31206,31726,31226,31779,31372,31206,31728,31325,31489,31337,31503,31772,31255,31461,31349,31328,31686,31519,31251,31394,31464,31640,31367,31530,31576,31721,31341,31242,31549,31589,31316,31503,31440,31398,31632,31551,31484,31690,31752,31676,31221,31785,31246,31424,31607,31721,31436,31577,31753,31673,31277,31633,31754,31353,31342,31248,31459,31537,31575,31468,31421,31378,31278,31480,31553,31540,31683,31292,31703,31640,31201,31774,31213,31598,31699,31393,31483,31544,31583,31296,31734,31497,31334,31296,31352,31699,31393,31670,31254,31231,31793,31270,31699,31665,31552,31764,31678,31682,31265,31321,31734,31710,31226,31479,31476,31585,31533,31447,31650,31615,31325,31701,31558,31409,31271,31237,31286,31208,31695,31720,31308,31368,31800,31354,31580,31270,31317,31541,31292,31398,31797,31465,31734,31405,31766,31747,31753,31320,31439,31472,31457,31740,31739,31736,31353,31339,31212,31556,31277,31600,31548,31687,31442,31550,31748,31626,31503,31398,31409,31524,31398,31352,31246,31573,31243,31735,31234,31416,31735,31545,31257,31283,31646,31345,31599,31397,31605,31368,31474,31380,31266,31525,31616,31726,31424,31603,31481,31391,31342,31527,31468,31623,31529,31760,31500,31375,31616,31377,31518,31349,31447,31715,31774,31406,31638,31518,31582,31532,31483,31509,31351,31415,31326,31750,31467,31562,31547,31526,31330,31259,31240,31337,31472,31299,31205,31482,31756,31579,31386,31263,31678,31745,31241,31655,31203,31622,31785,31209,31480,31296,31627,31635,31239,31409,31214,31592,31746,31285,31401,31646,31563,31330,31517,31612,31701,31466,31778,31516,31659,31381,31349,31413,31401,31553,31502,31780,31616,31442,31723,31508,31498,31308,31658,31314,31574,31245,31466,31753,31294,31744,31469,31632,31680,31515,31770,31501,31320,31660,31397,31628,31203,31212,31561,31670,31290,31472,31260,31330,31511,31354,31493,31246,31621,31484,31580,31250,31236,31442,31454,31462,31689,31567,31712,31329,31437,31468,31635,31380,31602,31533,31784,31711,31400,31733,31798,31585,31784,31523,31575,31224,31722,31746,31748,31666,31788,31493,31587,31438,31514,31442,31521,31234,31481,31548,31691,31481,31449,31602,31265,31510,31446,31239,31580,31315,31774,31210,31661,31244,31508,31317,31373,31327,31764,31704,31696,31729,31555,31778,31745,31412,31590,31431,31371,31213,31234,31481,31221,31255,31290,31721,31429,31427,31214,31219,31349,31440,31353,31412,31684,31346,31573,31291,31732,31743,31361,31310,31578,31626,31381,31213,31254,31633,31213,31349,31433,31435,31545,31764,31612,31447,31483,31411,31396,31223,31375,31462,31495,31461,31791,31351,31692,31332,31361,31431,31756,31480,31216,31657,31798,31270,31330,31622,31206,31662,31420,31360,31655,31243,31294,31438,31320,31596,31426,31223,31411,31459,31243,31309,31777,31311,31449,31388,31626,31205,31698,31447,31431,31493,31679,31439,31452,31261,31263,31753,31595,31317,31428,31207,31272,31357,31559,31445,31472,31251,31323,31778,31432,31471,31410,31668,31554,31206,31701,31202,31456,31727,31355,31595,31680,31582,31209,31538,31239,31616,31257,31553,31608,31336,31766,31681,31268,31611,31542,31665,31595,31794,31795,31583,31592,31514,31564,31650,31590,31679,31679,31393,31317,31771,31780,31385,31737,31283,31524,31618,31449,31234,31437,31522,31784,31340,31509,31202,31749,31379,31291,31362,31568,31525,31540,31468,31696,31665,31753,31794,31530,31367,31761,31341,31611,31689,31667,31742,31354,31290,31532,31364,31599,31497,31546,31765,31675,31636,31339,31553,31650,31285,31786,31213,31769,31331,31561,31712,31410,31213,31269,31707,31449,31646,31491,31565,31213,31460,31402,31609,31344,31444,31612,31627,31564,31405,31542,31438,31567,31291,31534,31214,31728,31521,31719,31656,31478,31229,31363,31360,31478,31326,31530,31505,31530,31354,31443,31389,31232,31640,31697,31748,31573,31381,31659,31693,31336,31380,31505,31287,31228,31600,31590,31253,31332,31538,31732,31707,31366,31767,31591,31694,31477,31515,31423,31680,31656,31241,31299,31259,31493,31726,31354,31344,31403,31253,31540,31687,31218,31202,31266,31731,31788,31636,31309,31731,31719,31466,31576,31284,31785,31341,31575,31298,31664,31413,31762,31639,31770,31265,31419,31510,31753,31298,31515,31349,31320,31698,31597,31237,31277,31670,31548,31750,31369,31415,31617,31522,31800,31619,31527,31588,31436,31204,31401,31764,31336,31221,31410,31200,31638,31454,31746,31286,31379,31754,31588,31628,31541,31255,31740,31456,31641,31594,31784,31612,31574,31689,31452,31357,31784,31591,31774,31356,31769,31495,31532,31421,31351,31734,31440,31721,31507,31502,31348,31259,31632,31745,31605,31567,31208,31281,31389,31742,31789,31607,31558,31719,31667,31525,31206,31738,31667,31646,31585,31787,31620,31781,31359,31239,31784,31704,31729,31753,31436,31256,31620,31214,31333,31532,31641,31613,31470,31415,31711,31607,31664,31353,31230,31373,31273,31789,31505,31527,31307,31635,31754,31245,31363,31442,31328,31530,31438,31254,31708,31333,31713,31316,31412,31289,31580,31520,31603,31590,31216,31596,31461,31426,31270,31215,31389,31538,31656,31600,31300,31328,31436,31705,31507,31567,31437,31685,31476,31720,31548,31724,31213,31456,31786,31585,31249,31216,31387,31676,31598,31416,31423,31588,31391,31354,31304,31740,31766,31770,31396,31589,31483,31231,31699,31516,31263,31542,31563,31461,31295,31779,31231,31344,31332,31414,31490,31294,31494,31271,31306,31605,31755,31365,31246,31521,31770,31417,31332,31633,31386,31493,31369,31516,31581,31217,31785,31667,31388,31460,31463,31714,31543,31236,31728,31383,31550,31556,31352,31277,31631,31775,31743,31636,31425,31348,31334,31396,31793,31540,31673,31769,31252,31390,31427,31426,31579,31564,31317,31294,31777,31704,31458,31728,31745,31492,31671,31490,31687,31349,31719,31302,31578,31645,31659,31730,31428,31470,31652,31537,31715,31228,31420,31205,31751,31743,31732,31643,31232,31322,31678,31495,31641,31521,31724,31278,31429,31621,31384,31750,31734,31768,31560,31526,31765,31427,31556,31592,31707,31758,31477,31720,31578,31720,31361,31305,31529,31286,31507,31600,31731,31685,31756,31579,31500,31651,31791,31643,31249,31558,31385,31283,31365,31208,31208,31536,31646,31392,31253,31251,31794,31510,31603,31287,31392,31626,31534,31209,31713,31793,31636,31735,31760,31448,31318,31236,31398,31506,31301,31406,31399,31343,31464,31352,31369,31594,31760,31557,31672,31594,31318,31527,31502,31679,31525,31545,31561,31727,31587,31213,31276,31648,31557,31252,31750,31328,31514,31527,31623,31236,31595,31686,31476,31643,31311,31243,31288,31238,31569,31596,31675,31525,31279,31267,31385,31444,31639,31777,31407,31393,31531,31373,31548,31702,31265,31628,31239,31405,31550,31786,31425,31622,31435,31590,31203,31575,31407,31723,31468,31267,31249,31706,31500,31481,31202,31462,31207,31604,31364,31286,31489,31523,31745,31594,31378,31472,31482,31793,31282,31322,31327,31517,31442,31436,31651,31285,31647,31553,31699,31297,31710,31619,31722,31540,31689,31588,31476,31586,31343,31450,31529,31672,31725,31620,31261,31481,31590,31612,31381,31755,31339,31778,31587,31627,31587,31471,31377,31517,31622,31303,31555,31652,31783,31571,31212,31654,31316,31578,31221,31630,31482,31676,31716,31407,31660,31737,31487,31710,31784,31571,31401,31462,31510,31630,31747,31283,31589,31550,31386,31322,31526,31341,31729,31207,31531,31756,31245,31338,31502,31402,31236,31704,31207,31310,31720,31431,31403,31309,31379,31723,31627,31515,31529,31338,31537,31624,31264,31492,31232,31480,31438,31547,31587,31501,31399,31431,31376,31273,31778,31362,31357,31446,31491,31628,31498,31531,31703,31731,31483,31591,31397,31541,31565,31471,31442,31464,31520,31701,31344,31373,31518,31375,31515,31698,31389,31514,31784,31641,31344,31527,31310,31339,31523,31792,31448,31626,31348,31440,31410,31671,31460,31371,31637,31251,31377,31473,31471,31382,31391,31772,31567,31445,31502,31503,31258,31652,31672,31417,31476,31741,31463,31324,31232,31764,31406,31368,31476,31321,31549,31618,31675,31259,31557,31214,31532,31356,31637,31458,31563,31531,31464,31340,31428,31606,31268,31363,31704,31649,31459,31489,31650,31304,31760,31698,31540,31423,31236,31396,31335,31575,31395,31729,31266,31772,31368,31303,31238,31460,31758,31707,31508,31628,31712,31676,31509,31494,31226,31689,31207,31322,31267,31262,31794,31347,31267,31339,31549,31633,31353,31734,31317,31771,31760,31571,31540,31445,31209,31436,31748,31328,31651,31271,31514,31245,31264,31494,31596,31349,31634,31602,31255,31458,31569,31274,31609,31683,31505,31379,31298,31642,31525,31510,31376,31605,31670,31384,31357,31251,31618,31276,31525,31227,31410,31540,31357,31370,31581,31525,31405,31530,31530,31515,31326,31478,31765,31658,31589,31488,31315,31541,31668,31362,31404,31624,31448,31277,31264,31599,31546,31462,31410,31267,31642,31300,31667,31288,31280,31325,31613,31503,31712,31254,31373,31745,31411,31550,31469,31581,31610,31508,31232,31366,31277,31515,31731,31566,31301,31621,31232,31794,31710,31405,31287,31729,31695,31201,31683,31531,31296,31668,31784,31227,31346,31336,31323,31242,31789,31395,31415,31749,31276,31296,31701,31291,31312,31569,31449,31582,31776,31753,31483,31483,31461,31387,31361,31255,31659,31435,31553,31653,31301,31477,31501,31280,31564,31531,31767,31397,31398,31584,31726,31442,31485,31277,31635,31272,31450,31223,31494,31556,31697,31422,31534,31761,31399,31719,31742,31794,31264,31340,31303,31684,31753,31485,31518,31274,31315,31584,31413,31439,31788,31478,31458,31631,31691,31608,31241,31645,31644,31489,31798,31688,31712,31556,31401,31629,31622,31762,31341,31604,31637,31513,31332,31460,31223,31661,31309,31486,31335,31235,31300,31385,31320,31433,31322,31784,31425,31449,31211,31350,31449,31613,31494,31689,31703,31203,31669,31735,31399,31331,31328,31211,31336,31346,31724,31307,31350,31746,31626,31571,31559,31685,31269,31430,31708,31223,31405,31559,31724,31282,31299,31548,31518,31334,31252,31477,31678,31266,31271,31663,31288,31781,31367,31291,31318,31542,31758,31638,31207,31495,31419,31416,31774,31347,31332,31534,31522,31661,31227,31374,31480,31211,31408,31275,31631,31305,31311,31212,31367,31575,31513,31612,31275,31444,31385,31646,31657,31749,31232,31700,31509,31582,31658,31592,31603,31498,31761,31733,31780,31228,31514,31622,31550,31719,31344,31778,31470,31729,31761,31727,31231,31689,31311,31617,31244,31687,31324,31725,31441,31313,31259,31473,31416,31466,31533,31486,31740,31365,31482,31433,31381,31535,31735,31381,31480,31702,31753,31775,31545,31283,31371,31688,31317,31623,31278,31255,31452,31411,31340,31606,31438,31631,31228,31473,31541,31543,31355,31760,31566,31670,31629,31547,31743,31654,31463,31533,31283,31503,31570,31622,31772,31555,31278,31785,31498,31722,31228,31785,31711,31746,31593,31255,31656,31648,31749,31573,31283,31701,31489,31447,31757,31598,31481,31744,31312,31247,31640,31547,31297,31753,31570,31246,31663,31611,31610,31339,31538,31494,31296,31609,31495,31487,31783,31780,31698,31784,31566,31612,31541,31613,31301,31295,31395,31468,31645,31533,31293,31754,31329,31725,31777,31592,31639,31781,31597,31505,31688,31702,31288,31334,31479,31660,31617,31327,31441,31401,31251,31771,31226,31680,31211,31681,31412,31689,31384,31476,31602,31794,31621,31352,31624,31704,31318,31355,31632,31614,31256,31620,31479,31704,31298,31779,31525,31513,31591,31480,31285,31681,31228,31625,31555,31695,31775,31354,31744,31519,31647,31367,31497,31685,31248,31288,31553,31315,31369,31436,31445,31687,31350,31489,31597,31597,31408,31326,31269,31651,31466,31520,31698,31565,31779,31245,31499,31245,31659,31375,31204,31537,31527,31652,31399,31238,31440,31680,31496,31627,31381,31632,31780,31675,31614,31642,31736,31467,31442,31554,31279,31575,31657,31429,31516,31767,31727,31308,31375,31236,31630,31794,31446,31210,31261,31596,31542,31535,31534,31659,31544,31706,31332,31256,31546,31378,31648,31770,31354,31397,31665,31532,31452,31623,31496,31206,31754,31685,31241,31584,31482,31235,31680,31209,31672,31226,31374,31317,31292,31446,31772,31288,31209,31669,31551,31733,31368,31431,31701,31781,31258,31790,31779,31568,31729,31557,31453,31218,31617,31516,31292,31479,31212,31798,31468,31364,31765,31715,31498,31590,31617,31245,31759,31289,31566,31304,31466,31367,31655,31491,31763,31674,31744,31539,31497,31664,31372,31252,31298,31431,31391,31416,31309,31642,31754,31375,31383,31472,31756,31571,31386,31381,31696,31235,31428,31571,31456,31651,31220,31274,31259,31337,31280,31567,31662,31617,31288,31269,31608,31476,31653,31315,31458,31687,31297,31557,31706,31566,31769,31253,31692,31537,31233,31743,31632,31650,31786,31313,31714,31787,31514,31688,31583,31584,31412,31633,31201,31636,31711,31275,31299,31428,31410,31223,31360,31707,31790,31504,31291,31256,31440,31776,31316,31331,31593,31712,31769,31793,31691,31435,31446,31400,31322,31606,31391,31267,31721,31220,31312,31484,31764,31449,31619,31609,31464,31202,31279,31222,31353,31200,31553,31369,31380,31687,31501,31311,31735,31577,31521,31589,31579,31376,31610,31574,31520,31580,31664,31779,31748,31438,31503,31513,31789,31457,31301,31703,31424,31650,31585,31560,31687,31572,31785,31690,31485,31761,31689,31312,31402,31421,31786,31378,31466,31773,31491,31557,31632,31668,31379,31668,31546,31774,31438,31391,31206,31400,31626,31722,31786,31286,31289,31315,31785,31639,31393,31710,31795,31408,31779,31784,31642,31470,31204,31219,31302,31714,31237,31214,31665,31547,31259,31309,31724,31479,31618,31536,31800,31317,31606,31625,31679,31697,31219,31455,31551,31268,31522,31641,31701,31686,31769,31410,31521,31236,31790,31722,31416,31449,31446,31799,31609,31762,31310,31464,31429,31541,31654,31674,31224,31792,31360,31727,31601,31656,31635,31434,31331,31409,31429,31368,31794,31295,31654,31272,31725,31366,31500,31360,31798,31745,31455,31586,31565,31330,31736,31203,31701,31598,31587,31634,31560,31677,31581,31410,31771,31439,31580,31443,31282,31523,31745,31302,31766,31467,31653,31319,31754,31225,31300,31242,31509,31315,31488,31208,31503,31790,31506,31695,31235,31782,31764,31757,31691,31277,31564,31265,31453,31425,31257,31665,31565,31215,31695,31483,31390,31626,31333,31559,31541,31354,31701,31554,31654,31528,31671,31758,31559,31700,31509,31349,31346,31437,31442,31407,31616,31313,31470,31720,31628,31582,31264,31284,31780,31345,31667,31730,31365,31577,31651,31310,31713,31433,31519,31270,31548,31296,31728,31292,31469,31699,31278,31208,31774,31532,31301,31507,31580,31243,31630,31633,31237,31562,31457,31262,31525,31421,31226,31576,31530,31629,31444,31491,31258,31654,31428,31541,31424,31744,31420,31423,31549,31577,31234,31285,31296,31489,31200,31603,31233,31385,31284,31576,31313,31526,31625,31256,31370,31622,31476,31742,31534,31757,31723,31405,31466,31690,31729,31283,31633,31513,31526,31480,31329,31501,31674,31623,31275,31671,31696,31514,31546,31255,31327,31500,31532,31294,31449,31575,31306,31431,31450,31710,31626,31469,31383,31751,31402,31689,31553,31790,31387,31374,31585,31362,31465,31620,31553,31263,31500,31525,31514,31671,31468,31539,31773,31562,31418,31637,31391,31422,31239,31414,31517,31293,31445,31337,31754,31580,31280,31572,31287,31527,31232,31663,31692,31327,31748,31510,31478,31414,31230,31782,31486,31550,31499,31599,31279,31238,31726,31637,31388,31621,31346,31399,31292,31765,31283,31397,31603,31491,31747,31685,31744,31333,31682,31503,31498,31616,31435,31377,31218,31604,31351,31662,31348,31522,31507,31223,31332,31648,31297,31428,31788,31310,31626,31774,31702,31689,31608,31320,31770,31457,31236,31380,31783,31790,31532,31363,31532,31298,31201,31689,31347,31263,31776,31284,31296,31736,31351,31248,31591,31679,31231,31699,31482,31292,31627,31590,31501,31239,31492,31788,31250,31581,31711,31255,31775,31271,31402,31730,31320,31516,31290,31776,31293,31472,31724,31559,31574,31629,31587,31622,31595,31514,31359,31638,31732,31256,31507,31396,31787,31796,31664,31323,31729,31784,31348,31444,31484,31257,31243,31364,31375,31624,31516,31219,31676,31324,31790,31732,31216,31657,31321,31451,31629,31439,31631,31517,31237,31707,31211,31348,31760,31239,31343,31459,31630,31297,31340,31528,31225,31214,31484,31585,31414,31538,31502,31611,31543,31571,31424,31498,31687,31325,31512,31386,31213,31573,31622,31213,31781,31225,31331,31368,31491,31711,31665,31744,31551,31343,31247,31389,31610,31500,31507,31370,31337,31483,31634,31369,31356,31439,31327,31700,31761,31567,31447,31700,31529,31235,31580,31515,31612,31405,31272,31724,31449,31538,31498,31800,31694,31787,31763,31358,31253,31716,31320,31703,31525,31602,31252,31321,31267,31391,31467,31598,31201,31410,31785,31403,31485,31645,31364,31390,31551,31478,31477,31386,31717,31783,31797,31602,31741,31365,31685,31347,31771,31609,31377,31750,31578,31298,31215,31552,31222,31719,31222,31534,31339,31535,31228,31397,31780,31587,31294,31654,31778,31249,31788,31498,31678,31418,31787,31611,31367,31580,31625,31757,31264,31321,31360,31346,31352,31614,31491,31384,31221,31522,31329,31308,31598,31235,31417,31493,31433,31317,31638,31718,31240,31463,31611,31678,31677,31383,31219,31712,31335,31447,31467,31243,31692,31541,31258,31402,31500,31614,31717,31341,31582,31237,31602,31352,31760,31739,31503,31621,31460,31277,31374,31415,31284,31637,31380,31625,31225,31405,31464,31298,31322,31329,31364,31406,31487,31273,31399,31585,31303,31616,31742,31587,31248,31276,31677,31620,31532,31581,31453,31637,31306,31704,31706,31390,31235,31791,31250,31694,31687,31370,31525,31544,31317,31288,31502,31236,31486,31761,31236,31295,31765,31788,31621,31711,31260,31639,31305,31353,31223,31669,31215,31251,31581,31729,31577,31528,31652,31353,31461,31365,31506,31315,31466,31348,31698,31205,31487,31471,31241,31709,31405,31308,31454,31598,31459,31700,31546,31768,31210,31552,31306,31615,31702,31612,31541,31734,31639,31286,31253,31339,31272,31243,31739,31240,31577,31562,31456,31617,31312,31483,31542,31521,31439,31250,31457,31211,31405,31501,31447,31773,31205,31204,31395,31235,31467,31381,31482,31486,31202,31534,31302,31203,31458,31513,31399,31317,31278,31777,31296,31435,31597,31404,31209,31585,31450,31714,31261,31358,31289,31469,31729,31619,31316,31281,31648,31304,31424,31461,31706,31504,31563,31483,31449,31217,31222,31619,31455,31412,31733,31536,31396,31561,31385,31567,31799,31658,31681,31245,31711,31745,31770,31561,31465,31792,31262,31401,31501,31453,31377,31648,31504,31444,31634,31531,31249,31572,31759,31463,31477,31302,31436,31284,31404,31361,31768,31323,31230,31413,31264,31720,31255,31453,31596,31617,31577,31759,31613,31617,31648,31445,31491,31254,31783,31275,31753,31444,31266,31707,31297,31247,31712,31713,31584,31580,31437,31315,31205,31600,31604,31264,31331,31644,31676,31203,31455,31417,31701,31202,31424,31660,31232,31738,31260,31525,31301,31222,31466,31222,31769,31272,31456,31585,31421,31247,31370,31665,31387,31350,31655,31200,31460,31461,31738,31537,31606,31570,31210,31335,31573,31293,31615,31719,31637,31722,31753,31774,31789,31216,31266,31341,31446,31560,31335,31559,31459,31455,31446,31531,31764,31534,31500,31766,31373,31239,31730,31373,31740,31326,31563,31585,31433,31426,31681,31744,31229,31234,31349,31263,31468,31634,31589,31579,31297,31608,31726,31747,31407,31511,31236,31504,31657,31799,31278,31289,31371,31431,31679,31460,31566,31527,31582,31695,31664,31218,31474,31304,31542,31620,31626,31778,31224,31321,31519,31538,31559,31343,31401,31664,31286,31344,31212,31484,31322,31425,31602,31568,31648,31446,31403,31352,31656,31339,31475,31792,31444,31370,31659,31322,31605,31650,31605,31718,31785,31727,31441,31512,31347,31362,31208,31784,31277,31406,31215,31750,31607,31613,31227,31563,31380,31229,31398,31474,31660,31595,31644,31228,31249,31435,31296,31559,31303,31226,31250,31309,31718,31585,31549,31499,31525,31422,31488,31317,31398,31277,31623,31265,31570,31638,31325,31407,31694,31226,31637,31412,31791,31761,31623,31366,31416,31514,31579,31794,31552,31205,31386,31559,31608,31677,31689,31712,31302,31721,31608,31500,31735,31411,31381,31468,31741,31748,31568,31796,31235,31232,31619,31401,31648,31304,31429,31421,31223,31762,31793,31772,31211,31333,31523,31724,31501,31463,31276,31793,31358,31494,31214,31215,31701,31400,31489,31777,31420,31337,31214,31513,31607,31503,31608,31544,31285,31473,31439,31303,31377,31249,31517,31777,31511,31260,31417,31740,31282,31759,31306,31388,31669,31706,31319,31617,31712,31587,31221,31497,31609,31529,31705,31213,31325,31374,31425,31745,31713,31614,31515,31279,31562,31613,31247,31388,31646,31765,31535,31522,31796,31626,31688,31261,31451,31583,31786,31673,31585,31450,31522,31645,31201,31698,31788,31375,31683,31408,31456,31557,31289,31253,31288,31793,31243,31798,31640,31455,31599,31329,31375,31690,31582,31561,31373,31407,31555,31254,31363,31660,31443,31489,31407,31534,31711,31757,31219,31767,31718,31581,31771,31329,31528,31462,31725,31690,31519,31475,31576,31361,31547,31233,31563,31598,31385,31303,31713,31713,31656,31248,31400,31505,31453,31707,31372,31233,31225,31623,31729,31217,31370,31288,31655,31302,31500,31706,31711,31568,31545,31722,31651,31591,31453,31217,31395,31499,31575,31240,31596,31541,31348,31717,31763,31214,31508,31671,31780,31691,31396,31285,31585,31513,31630,31450,31318,31331,31673,31790,31553,31645,31518,31564,31343,31702,31521,31717,31523,31676,31247,31789,31670,31267,31491,31796,31407,31730,31258,31515,31396,31387,31769,31583,31545,31570,31424,31500,31522,31234,31496,31243,31604,31343,31644,31732,31299,31675,31455,31757,31376,31305,31328,31637,31252,31296,31785,31795,31556,31512,31333,31368,31527,31392,31702,31487,31251,31452,31531,31243,31209,31583,31415,31746,31235,31615,31588,31240,31592,31729,31628,31579,31621,31365,31719,31674,31679,31533,31538,31291,31778,31384,31225,31263,31535,31333,31254,31247,31278,31281,31238,31402,31630,31532,31550,31797,31310,31365,31727,31736,31304,31787,31430,31306,31603,31800,31347,31667,31580,31441,31314,31674,31431,31413,31579,31326,31470,31654,31710,31656,31797,31426,31731,31486,31379,31234,31415,31414,31789,31304,31507,31755,31308,31260,31589,31528,31768,31500,31795,31235,31363,31217,31502,31658,31251,31513,31274,31455,31756,31395,31437,31442,31286,31467,31222,31631,31327,31425,31383,31774,31389,31553,31741,31342,31654,31768,31760,31691,31502,31607,31332,31696,31243,31761,31657,31786,31549,31708,31494,31322,31377,31245,31292,31533,31428,31565,31613,31284,31590,31375,31519,31391,31279,31243,31638,31224,31442,31635,31633,31362,31210,31268,31476,31653,31414,31798,31333,31656,31754,31714,31699,31602,31219,31241,31273,31211,31673,31439,31584,31320,31606,31769,31434,31447,31443,31446,31339,31528,31755,31243,31325,31627,31342,31206,31730,31717,31297,31755,31555,31578,31421,31347,31614,31438,31439,31381,31527,31764,31247,31711,31328,31277,31687,31630,31416,31306,31371,31666,31624,31705,31581,31586,31363,31219,31650,31406,31629,31267,31322,31411,31655,31571,31611,31291,31651,31351,31567,31272,31405,31301,31518,31785,31280,31764,31702,31432,31632,31551,31255,31422,31234,31733,31291,31306,31209,31663,31707,31590,31677,31466,31550,31696,31629,31237,31578,31617,31772,31298,31794,31228,31252,31651,31774,31483,31530,31600,31461,31324,31652,31733,31320,31799,31748,31255,31644,31607,31524,31359,31694,31702,31366,31225,31582,31400,31371,31773,31799,31687,31279,31704,31753,31238,31429,31619,31641,31624,31212,31482,31764,31451,31244,31476,31485,31388,31487,31258,31424,31678,31668,31714,31382,31421,31666,31352,31557,31646,31624,31730,31392,31789,31723,31303,31772,31213,31329,31722,31379,31711,31539,31751,31414,31644,31564,31359,31355,31762,31753,31211,31577,31489,31207,31281,31270,31713,31351,31627,31488,31251,31493,31643,31288,31485,31363,31242,31667,31519,31495,31542,31516,31507,31282,31523,31742,31240,31703,31589,31546,31778,31723,31682,31603,31254,31642,31797,31393,31648,31557,31460,31432,31316,31635,31672,31735,31606,31464,31434,31351,31329,31275,31276,31625,31432,31778,31317,31579,31218,31675,31263,31677,31416,31395,31420,31303,31484,31719,31773,31473,31550,31275,31651,31422,31615,31779,31520,31494,31553,31772,31319,31737,31581,31472,31430,31755,31355,31638,31436,31466,31672,31414,31398,31331,31680,31645,31377,31678,31479,31368,31675,31441,31581,31480,31308,31303,31556,31694,31572,31551,31472,31291,31706,31368,31287,31488,31259,31302,31414,31217,31792,31495,31389,31389,31440,31300,31209,31497,31626,31551,31243,31360,31367,31204,31548,31295,31605,31352,31623,31328,31770,31354,31548,31584,31679,31215,31538,31692,31783,31776,31268,31684,31339,31578,31665,31773,31550,31699,31616,31496,31234,31316,31392,31374,31261,31739,31203,31630,31551,31506,31403,31461,31266,31792,31467,31204,31677,31650,31473,31448,31539,31209,31205,31334,31756,31299,31255,31247,31301,31281,31581,31688,31274,31223,31620,31580,31382,31232,31448,31333,31539,31498,31543,31426,31372,31232,31793,31757,31508,31302,31296,31449,31232,31694,31776,31709,31467,31339,31573,31205,31764,31413,31379,31313,31792,31503,31348,31302,31407,31596,31508,31413,31390,31313,31248,31230,31327,31364,31315,31210,31267,31763,31693,31332,31549,31739,31401,31235,31384,31438,31217,31260,31546,31345,31274,31521,31378,31317,31625,31684,31493,31727,31499,31396,31557,31417,31721,31212,31276,31574,31404,31350,31219,31302,31572,31756,31285,31476,31277,31509,31585,31676,31288,31262,31263,31357,31244,31242,31763,31402,31380,31461,31311,31645,31311,31437,31495,31566,31558,31703,31255,31716,31372,31221,31613,31361,31679,31552,31225,31445,31248,31371,31303,31516,31670,31328,31211,31620,31203,31466,31250,31664,31356,31781,31478,31643,31382,31438,31407,31491,31309,31676,31779,31684,31321,31710,31558,31540,31564,31523,31305,31751,31737,31499,31791,31510,31333,31568,31206,31793,31437,31593,31458,31552,31359,31763,31231,31589,31367,31765,31311,31742,31433,31237,31328,31788,31698,31469,31476,31241,31625,31329,31373,31424,31566,31475,31488,31441,31296,31516,31220,31585,31318,31706,31288,31294,31605,31535,31739,31482,31526,31589,31269,31332,31282,31322,31383,31668,31621,31220,31301,31271,31395,31211,31315,31436,31231,31412,31735,31350,31387,31413,31341,31273,31410,31688,31694,31526,31667,31486,31743,31365,31258,31733,31281,31255,31506,31457,31422,31361,31311,31602,31569,31273,31355,31701,31510,31428,31579,31777,31283,31232,31264,31570,31305,31285,31793,31550,31238,31625,31730,31684,31442,31480,31751,31503,31483,31253,31543,31638,31741,31280,31594,31772,31371,31506,31364,31789,31299,31525,31211,31527,31536,31573,31263,31215,31281,31507,31675,31311,31796,31759,31447,31236,31718,31745,31570,31398,31523,31611,31622,31224,31694,31782,31270,31703,31503,31483,31214,31311,31347,31372,31255,31702,31688,31263,31221,31625,31203,31208,31718,31576,31203,31621,31772,31779,31248,31248,31676,31695,31355,31284,31643,31383,31246,31593,31777,31204,31545,31579,31787,31289,31592,31421,31524,31474,31236,31320,31581,31526,31370,31232,31305,31318,31560,31633,31304,31392,31326,31239,31421,31332,31333,31405,31511,31753,31700,31677,31719,31466,31714,31757,31231,31339,31509,31521,31768,31626,31490,31374,31274,31308,31431,31277,31719,31760,31381,31580,31624,31501,31680,31625,31623,31556,31487,31609,31748,31719,31272,31478,31652,31737,31613,31433,31327,31347,31265,31335,31697,31607,31304,31648,31440,31389,31624,31514,31643,31610,31384,31276,31253,31541,31435,31490,31696,31553,31763,31378,31470,31496,31570,31220,31245,31378,31712,31402,31461,31202,31684,31651,31341,31438,31346,31479,31334,31632,31238,31485,31652,31496,31755,31481,31556,31736,31716,31446,31263,31723,31359,31406,31619,31334,31250,31664,31395,31568,31341,31522,31574,31636,31732,31755,31734,31246,31230,31678,31235,31246,31282,31430,31522,31767,31571,31391,31433,31441,31535,31268,31682,31637,31709,31346,31332,31551,31780,31235,31426,31769,31634,31617,31719,31798,31372,31625,31476,31593,31327,31221,31346,31385,31551,31419,31505,31286,31513,31539,31316,31694,31328,31230,31762,31252,31551,31365,31557,31458,31764,31675,31239,31417,31689,31392,31526,31762,31666,31449,31275,31543,31670,31727,31685,31656,31417,31239,31378,31255,31308,31480,31515,31384,31377,31337,31354,31324,31563,31425,31797,31541,31781,31771,31507,31430,31249,31330,31359,31461,31547,31724,31241,31676,31389,31407,31627,31466,31708,31277,31665,31618,31791,31353,31594,31303,31334,31377,31201,31510,31795,31756,31302,31374,31515,31617,31370,31461,31683,31438,31506,31759,31395,31494,31582,31203,31285,31413,31611,31788,31218,31510,31287,31503,31290,31326,31511,31534,31406,31663,31570,31412,31516,31636,31547,31726,31762,31485,31601,31580,31667,31360,31476,31273,31571,31304,31208,31437,31708,31667,31307,31415,31289,31650,31422,31732,31383,31777,31475,31426,31301,31253,31393,31418,31779,31422,31281,31736,31497,31242,31319,31564,31726,31490,31596,31384,31521,31708,31344,31209,31665,31669,31520,31780,31567,31442,31508,31262,31428,31290,31286,31753,31470,31761,31415,31705,31684,31659,31501,31281,31633,31262,31675,31575,31542,31453,31783,31202,31789,31612,31768,31750,31265,31760,31723,31688,31700,31362,31786,31452,31744,31247,31716,31441,31729,31655,31511,31597,31512,31645,31720,31217,31363,31436,31326,31517,31603,31481,31424,31344,31584,31591,31239,31477,31671,31513,31507,31638,31482,31722,31746,31204,31247,31713,31289,31765,31652,31737,31618,31410,31512,31553,31699,31786,31452,31741,31392,31300,31565,31407,31647,31748,31777,31294,31432,31249,31217,31243,31331,31250,31405,31389,31753,31685,31501,31292,31573,31465,31314,31333,31481,31313,31757,31596,31582,31472,31376,31756,31660,31769,31591,31414,31372,31228,31336,31729,31551,31644,31427,31530,31610,31257,31213,31528,31512,31274,31686,31762,31723,31554,31515,31673,31414,31740,31745,31633,31735,31756,31374,31735,31640,31523,31752,31611,31671,31226,31645,31437,31223,31220,31706,31440,31250,31536,31444,31552,31531,31577,31668,31694,31717,31207,31648,31614,31412,31370,31506,31547,31320,31271,31251,31482,31377,31341,31565,31456,31620,31335,31623,31478,31236,31314,31643,31434,31560,31452,31495,31290,31584,31312,31584,31279,31503,31796,31756,31747,31384,31306,31436,31650,31250,31595,31795,31632,31580,31643,31664,31503,31517,31523,31333,31484,31531,31447,31294,31518,31272,31337,31514,31544,31782,31765,31757,31723,31679,31376,31240,31714,31360,31300,31293,31478,31291,31674,31375,31536,31641,31704,31704,31743,31219,31574,31398,31388,31737,31274,31725,31764,31218,31795,31281,31635,31510,31356,31580,31398,31544,31755,31575,31775,31747,31764,31273,31382,31282,31248,31232,31201,31578,31305,31462,31342,31571,31595,31681,31592,31393,31628,31411,31499,31398,31800,31762,31316,31733,31712,31699,31687,31405,31471,31255,31341,31607,31619,31282,31307,31283,31532,31755,31743,31275,31615,31309,31695,31371,31681,31585,31554,31253,31738,31635,31356,31558,31289,31250,31515,31650,31555,31670,31275,31201,31473,31414,31537,31338,31478,31351,31547,31724,31240,31371,31464,31482,31275,31778,31340,31710,31350,31209,31450,31754,31406,31416,31582,31491,31200,31576,31270,31708,31609,31382,31309,31454,31484,31517,31601,31527,31435,31773,31417,31241,31286,31362,31764,31265,31202,31636,31649,31422,31393,31238,31777,31760,31726,31459,31721,31747,31475,31445,31312,31629,31394,31723,31387,31482,31690,31371,31524,31681,31437,31609,31255,31626,31448,31323,31693,31329,31711,31529,31277,31369,31540,31518,31245,31494,31283,31465,31742,31702,31491,31611,31320,31379,31739,31652,31221,31792,31747,31329,31540,31261,31218,31596,31728,31491,31613,31316,31431,31372,31308,31430,31465,31542,31209,31720,31396,31526,31547,31790,31672,31577,31786,31715,31405,31343,31535,31571,31299,31613,31286,31658,31774,31742,31687,31561,31482,31656,31425,31437,31275,31557,31749,31758,31712,31211,31509,31260,31241,31376,31554,31233,31716,31293,31343,31432,31505,31219,31321,31264,31293,31692,31490,31794,31297,31486,31556,31762,31564,31281,31290,31292,31753,31778,31722,31402,31700,31541,31683,31660,31229,31258,31713,31472,31502,31277,31269,31769,31228,31782,31498,31456,31700,31275,31357,31676,31645,31704,31248,31472,31667,31577,31740,31775,31217,31606,31297,31231,31529,31774,31516,31636,31702,31733,31618,31632,31639,31201,31542,31362,31429,31268,31437,31381,31392,31696,31282,31307,31671,31219,31799,31700,31729,31788,31675,31643,31363,31630,31244,31735,31599,31335,31416,31511,31668,31346,31660,31719,31773,31764,31523,31494,31648,31291,31501,31224,31497,31409,31485,31781,31328,31515,31407,31590,31341,31262,31273,31586,31456,31680,31463,31795,31361,31556,31771,31469,31268,31461,31226,31618,31785,31599,31594,31202,31204,31686,31439,31760,31217,31413,31289,31654,31555,31625,31217,31669,31652,31711,31375,31250,31403,31647,31764,31318,31325,31481,31369,31282,31257,31352,31777,31657,31239,31757,31739,31771,31281,31220,31578,31722,31754,31267,31451,31208,31237,31720,31691,31681,31696,31548,31795,31702,31661,31239,31484,31214,31453,31405,31659,31515,31240,31269,31223,31509,31250,31646,31731,31361,31634,31642,31677,31673,31294,31735,31233,31382,31227,31795,31501,31796,31439,31421,31686,31638,31220,31218,31432,31415,31599,31509,31330,31747,31490,31545,31742,31380,31466,31442,31624,31248,31674,31558,31788,31533,31350,31682,31418,31664,31475,31707,31613,31395,31378,31500,31291,31251,31550,31793,31753,31644,31584,31259,31356,31686,31217,31386,31401,31413,31379,31685,31736,31327,31314,31602,31302,31718,31345,31426,31795,31680,31545,31504,31262,31327,31333,31648,31247,31501,31741,31326,31253,31479,31444,31624,31553,31324,31734,31252,31533,31297,31319,31574,31702,31592,31451,31693,31470,31608,31712,31271,31543,31736,31500,31413,31625,31737,31637,31290,31359,31573,31762,31201,31341,31597,31624,31798,31537,31550,31503,31392,31644,31324,31534,31478,31757,31704,31548,31258,31781,31313,31207,31429,31314,31688,31305,31208,31453,31460,31746,31672,31474,31519,31375,31278,31388,31605,31525,31380,31797,31680,31666,31472,31464,31536,31275,31550,31335,31432,31498,31614,31445,31330,31497,31338,31246,31647,31705,31497,31583,31582,31519,31790,31283,31706,31393,31375,31443,31439,31476,31674,31684,31427,31309,31482,31205,31429,31641,31596,31238,31417,31381,31427,31368,31678,31323,31515,31760,31330,31615,31645,31249,31744,31296,31247,31797,31247,31605,31337,31524,31771,31517,31552,31333,31759,31492,31670,31670,31216,31659,31580,31243,31616,31367,31773,31504,31395,31481,31735,31691,31482,31206,31513,31204,31505,31420,31438,31659,31340,31644,31476,31360,31492,31345,31799,31679,31620,31421,31493,31484,31587,31268,31224,31373,31598,31486,31368,31505,31288,31596,31324,31526,31542,31515,31449,31356,31728,31652,31685,31543,31424,31718,31377,31423,31260,31584,31234,31587,31697,31226,31756,31749,31767,31405,31512,31485,31338,31442,31349,31630,31695,31741,31422,31299,31599,31798,31575,31532,31532,31461,31697,31756,31543,31793,31644,31694,31212,31411,31445,31721,31281,31609,31455,31686,31520,31650,31308,31395,31246,31293,31700,31256,31774,31416,31247,31321,31434,31517,31689,31791,31400,31427,31620,31705,31505,31384,31474,31691,31577,31481,31573,31784,31470,31415,31711,31433,31558,31524,31744,31595,31723,31412,31224,31429,31791,31566,31611,31634,31476,31336,31585,31245,31748,31247,31761,31213,31435,31228,31581,31484,31331,31255,31725,31386,31735,31237,31762,31631,31718,31518,31741,31241,31688,31272,31434,31659,31565,31715,31279,31610,31319,31247,31218,31736,31211,31301,31216,31631,31797,31643,31624,31420,31370,31217,31261,31385,31472,31702,31553,31556,31633,31746,31664,31389,31596,31681,31786,31559,31623,31658,31339,31489,31333,31712,31575,31738,31633,31417,31796,31663,31659,31794,31709,31501,31648,31474,31310,31780,31387,31230,31303,31238,31332,31588,31553,31415,31554,31465,31366,31294,31395,31613,31513,31657,31356,31530,31696,31221,31796,31283,31463,31663,31504,31248,31231,31275,31586,31738,31543,31220,31643,31708,31411,31275,31343,31712,31744,31380,31640,31379,31328,31759,31355,31687,31269,31571,31366,31592,31388,31254,31668,31237,31385,31225,31213,31394,31247,31777,31660,31353,31523,31389,31679,31252,31785,31305,31794,31253,31391,31704,31569,31502,31683,31599,31268,31297,31296,31302,31344,31358,31540,31730,31228,31360,31415,31305,31566,31303,31298,31668,31389,31785,31583,31330,31792,31419,31554,31696,31419,31557,31759,31225,31224,31405,31382,31239,31694,31717,31273,31201,31223,31716,31769,31286,31740,31531,31215,31339,31448,31474,31614,31349,31638,31381,31481,31642,31693,31434,31234,31259,31535,31646,31795,31693,31385,31245,31427,31371,31587,31472,31417,31426,31693,31770,31355,31689,31376,31228,31650,31599,31449,31227,31232,31465,31422,31496,31328,31203,31434,31502,31469,31787,31633,31426,31497,31688,31624,31315,31660,31553,31773,31585,31431,31795,31608,31639,31391,31210,31728,31303,31419,31693,31709,31549,31408,31768,31719,31515,31469,31654,31751,31740,31302,31241,31650,31617,31655,31299,31790,31486,31444,31684,31791,31679,31380,31599,31231,31523,31220,31222,31536,31538,31239,31712,31453,31726,31780,31342,31254,31273,31690,31396,31691,31212,31297,31490,31462,31597,31414,31771,31279,31678,31450,31564,31362,31716,31425,31718,31499,31778,31778,31439,31230,31254,31492,31636,31714,31373,31767,31238,31767,31359,31604,31517,31352,31392,31298,31606,31760,31551,31368,31531,31434,31397,31474,31763,31677,31732,31715,31362,31564,31268,31750,31304,31217,31587,31378,31519,31711,31581,31631,31350,31435,31627,31598,31600,31284,31642,31332,31668,31539,31451,31718,31345,31665,31633,31384,31780,31450,31725,31272,31391,31580,31316,31408,31516,31206,31290,31757,31231,31788,31490,31256,31592,31491,31467,31385,31714,31402,31411,31724,31518,31443,31415,31268,31322,31359,31330,31593,31509,31763,31412,31218,31481,31595,31669,31511,31622,31408,31670,31554,31271,31612,31206,31444,31790,31248,31288,31358,31440,31518,31588,31313,31382,31620,31623,31769,31780,31605,31636,31389,31698,31629,31268,31749,31595,31655,31285,31469,31743,31336,31714,31718,31344,31619,31402,31449,31502,31224,31525,31276,31684,31703,31660,31370,31566,31596,31447,31750,31439,31572,31415,31593,31310,31204,31229,31486,31318,31397,31212,31425,31400,31383,31465,31385,31488,31305,31658,31420,31209,31204,31254,31531,31374,31457,31504,31360,31488,31673,31556,31553,31478,31571,31374,31695,31236,31734,31359,31799,31547,31271,31747,31368,31418,31578,31413,31486,31750,31524,31622,31387,31353,31778,31426,31462,31403,31576,31683,31309,31773,31754,31435,31700,31734,31410,31482,31354,31251,31386,31794,31381,31439,31328,31210,31326,31332,31303,31742,31531,31236,31331,31697,31670,31788,31695,31798,31528,31645,31720,31562,31254,31536,31476,31420,31590,31340,31409,31344,31414,31273,31390,31424,31281,31720,31205,31496,31431,31245,31632,31714,31607,31522,31459,31796,31296,31477,31737,31472,31721,31662,31486,31742,31441,31587,31235,31725,31247,31330,31700,31504,31207,31675,31247,31362,31399,31558,31644,31646,31594,31720,31414,31799,31717,31255,31276,31276,31437,31531,31497,31568,31488,31697,31309,31251,31524,31661,31342,31313,31781,31715,31511,31490,31722,31451,31235,31394,31705,31217,31480,31732,31718,31310,31211,31474,31205,31288,31752,31564,31589,31572,31521,31679,31242,31750,31286,31335,31449,31269,31700,31555,31350,31357,31334,31714,31218,31602,31614,31241,31317,31627,31307,31545,31723,31613,31593,31413,31311,31662,31392,31431,31746,31350,31604,31378,31202,31624,31248,31596,31798,31690,31223,31531,31324,31495,31629,31682,31384,31566,31785,31677,31378,31779,31732,31277,31218,31376,31355,31489,31217,31447,31534,31249,31642,31450,31436,31330,31378,31334,31229,31408,31449,31650,31787,31694,31603,31729,31244,31292,31674,31791,31688,31449,31269,31361,31525,31287,31508,31213,31376,31400,31590,31600,31304,31240,31795,31228,31355,31712,31759,31242,31385,31492,31670,31765,31296,31758,31589,31328,31202,31415,31392,31755,31384,31730,31309,31472,31534,31727,31318,31337,31578,31580,31451,31314,31455,31625,31735,31314,31708,31636,31293,31666,31447,31469,31239,31576,31659,31487,31417,31737,31473,31377,31284,31302,31565,31723,31663,31377,31436,31755,31641,31203,31335,31680,31633,31228,31200,31768,31464,31676,31531,31382,31749,31642,31320,31473,31393,31202,31778,31554,31529,31733,31495,31571,31624,31305,31406,31539,31704,31553,31480,31579,31691,31379,31649,31381,31592,31337,31524,31472,31511,31674,31379,31334,31793,31427,31497,31376,31656,31231,31756,31498,31326,31731,31732,31506,31479,31248,31435,31624,31238,31563,31681,31545,31757,31392,31271,31719,31770,31294,31481,31549,31430,31477,31369,31748,31735,31386,31426,31251,31793,31473,31700,31225,31346,31623,31328,31729,31440,31701,31402,31711,31253,31653,31509,31496,31437,31255,31544,31218,31418,31705,31652,31391,31317,31575,31484,31650,31765,31258,31513,31343,31619,31216,31546,31734,31464,31591,31670,31673,31421,31684,31791,31236,31311,31227,31315,31661,31419,31469,31370,31719,31746,31403,31517,31376,31490,31576,31610,31584,31699,31434,31751,31595,31701,31279,31583,31282,31422,31711,31749,31722,31731,31277,31711,31220,31588,31217,31625,31795,31767,31330,31336,31730,31363,31465,31555,31752,31792,31425,31364,31716,31583,31636,31271,31435,31233,31669,31397,31274,31225,31236,31634,31508,31261,31413,31783,31612,31595,31390,31481,31400,31488,31397,31672,31268,31620,31661,31522,31479,31285,31562,31517,31277,31518,31316,31596,31376,31266,31649,31230,31732,31209,31325,31532,31492,31451,31400,31697,31788,31625,31392,31641,31556,31778,31331,31771,31651,31597,31521,31527,31438,31754,31433,31440,31578,31403,31240,31203,31696,31218,31424,31674,31455,31757,31442,31305,31663,31665,31469,31256,31667,31697,31510,31524,31476,31609,31632,31507,31467,31711,31243,31335,31741,31557,31249,31624,31658,31306,31647,31781,31786,31223,31310,31241,31560,31604,31259,31457,31375,31735,31303,31528,31294,31232,31639,31710,31449,31694,31417,31512,31598,31588,31419,31467,31664,31408,31385,31778,31741,31528,31306,31664,31570,31578,31593,31241,31495,31243,31454,31368,31310,31446,31535,31262,31274,31495,31468,31210,31574,31716,31621,31250,31420,31201,31301,31404,31263,31248,31696,31592,31600,31363,31426,31711,31601,31200,31725,31403,31282,31702,31354,31721,31447,31299,31531,31204,31387,31691,31699,31589,31498,31680,31353,31766,31769,31552,31777,31363,31785,31469,31558,31200,31739,31233,31792,31520,31546,31766,31542,31705,31422,31221,31504,31750,31466,31791,31598,31737,31327,31477,31216,31437,31618,31784,31741,31480,31496,31795,31440,31746,31238,31255,31334,31205,31591,31640,31620,31223,31315,31782,31793,31593,31342,31682,31336,31455,31719,31424,31203,31456,31347,31617,31412,31284,31685,31520,31644,31554,31341,31400,31781,31367,31625,31297,31251,31465,31638,31678,31763,31575,31300,31251,31414,31285,31743,31204,31473,31570,31621,31272,31576,31586,31366,31670,31603,31241,31320,31749,31537,31512,31392,31295,31613,31623,31611,31664,31494,31577,31586,31290,31749,31788,31668,31448,31340,31222,31676,31392,31729,31338,31620,31486,31320,31367,31618,31409,31744,31439,31522,31212,31389,31307,31555,31367,31791,31454,31405,31668,31723,31254,31409,31417,31646,31436,31551,31330,31295,31399,31468,31404,31762,31369,31768,31676,31253,31562,31384,31750,31555,31710,31637,31724,31341,31460,31454,31427,31231,31426,31458,31445,31217,31500,31324,31406,31382,31426,31693,31334,31692,31357,31251,31538,31211,31587,31439,31314,31470,31297,31411,31700,31360,31453,31202,31753,31744,31289,31217,31537,31763,31379,31540,31515,31404,31368,31290,31728,31507,31372,31791,31710,31549,31605,31542,31516,31552,31357,31239,31356,31548,31486,31689,31776,31268,31681,31259,31676,31482,31225,31719,31549,31210,31373,31570,31337,31483,31576,31418,31775,31655,31223,31411,31731,31622,31748,31254,31319,31200,31681,31698,31237,31516,31754,31390,31482,31318,31322,31657,31736,31514,31615,31784,31579,31557,31499,31475,31229,31477,31676,31200,31704,31592,31699,31473,31320,31693,31345,31214,31487,31278,31465,31565,31531,31303,31405,31772,31497,31514,31737,31416,31375,31498,31708,31524,31314,31763,31581,31751,31460,31520,31441,31737,31400,31775,31260,31243,31455,31620,31486,31404,31375,31543,31355,31665,31564,31267,31592,31739,31552,31553,31508,31566,31361,31201,31353,31618,31394,31743,31526,31653,31455,31228,31409,31760,31466,31503,31361,31505,31546,31779,31678,31432,31441,31464,31361,31584,31392,31214,31753,31675,31708,31629,31471,31404,31500,31354,31761,31595,31796,31243,31670,31200,31656,31322,31214,31798,31259,31499,31365,31406,31315,31270,31619,31380,31584,31231,31399,31612,31460,31658,31575,31656,31769,31202,31259,31216,31758,31686,31279,31697,31236,31235,31707,31320,31593,31758,31788,31221,31296,31279,31457,31710,31657,31678,31651,31419,31760,31251,31350,31282,31245,31286,31319,31487,31572,31400,31583,31609,31782,31509,31520,31487,31460,31380,31391,31541,31624,31245,31765,31242,31381,31269,31315,31262,31386,31546,31265,31361,31560,31511,31555,31737,31301,31389,31237,31277,31557,31445,31555,31267,31563,31630,31698,31308,31545,31724,31718,31239,31480,31754,31390,31645,31625,31784,31214,31500,31395,31722,31361,31321,31586,31312,31665,31719,31360,31736,31400,31497,31302,31510,31455,31666,31698,31580,31672,31687,31794,31562,31413,31586,31377,31214,31720,31571,31386,31405,31394,31787,31620,31589,31420,31557,31489,31546,31244,31501,31604,31622,31766,31467,31444,31459,31440,31693,31397,31367,31588,31333,31635,31371,31502,31209,31324,31420,31390,31585,31223,31435,31710,31740,31746,31260,31636,31365,31498,31207,31606,31388,31326,31570,31669,31214,31277,31619,31320,31638,31369,31794,31739,31609,31580,31312,31397,31794,31770,31229,31261,31468,31536,31788,31342,31267,31355,31308,31289,31451,31312,31585,31436,31330,31600,31577,31530,31378,31307,31671,31222,31589,31240,31751,31427,31729,31495,31753,31737,31619,31439,31438,31262,31360,31402,31460,31219,31305,31581,31568,31640,31582,31655,31331,31540,31295,31385,31698,31753,31594,31714,31725,31741,31214,31350,31478,31590,31498,31465,31791,31383,31472,31221,31397,31271,31263,31660,31582,31594,31752,31743,31372,31683,31793,31374,31210,31426,31493,31631,31740,31657,31608,31310,31627,31501,31686,31714,31330,31415,31498,31796,31692,31562,31681,31461,31453,31255,31453,31397,31710,31719,31302,31490,31654,31200,31236,31244,31715,31474,31435,31700,31753,31559,31745,31764,31243,31646,31719,31574,31315,31425,31262,31640,31661,31756,31396,31519,31345,31793,31711,31379,31297,31313,31403,31419,31446,31445,31351,31785,31213,31297,31304,31713,31403,31780,31270,31311,31469,31236,31407,31481,31349,31437,31528,31768,31315,31775,31342,31421,31303,31430,31512,31282,31268,31698,31246,31423,31202,31285,31259,31576,31687,31743,31425,31515,31537,31777,31641,31736,31381,31553,31345,31435,31629,31684,31408,31607,31603,31588,31208,31589,31799,31205,31551,31481,31498,31591,31428,31328,31451,31208,31314,31234,31731,31367,31463,31312,31404,31720,31466,31250,31347,31353,31367,31568,31631,31313,31347,31388,31642,31259,31775,31581,31389,31381,31722,31214,31533,31684,31793,31616,31651,31731,31754,31510,31563,31648,31798,31604,31325,31440,31455,31771,31734,31752,31381,31466,31674,31459,31663,31390,31623,31475,31777,31657,31546,31713,31329,31621,31627,31352,31764,31567,31584,31214,31218,31679,31395,31255,31414,31474,31426,31524,31427,31747,31520,31731,31659,31658,31558,31382,31275,31325,31572,31403,31714,31377,31418,31201,31345,31353,31335,31509,31677,31237,31616,31351,31783,31504,31478,31364,31235,31538,31576,31507,31388,31633,31200,31358,31551,31582,31510,31324,31657,31616,31569,31677,31367,31412,31546,31602,31657,31390,31662,31712,31512,31221,31755,31667,31260,31337,31542,31726,31692,31466,31264,31497,31462,31541,31619,31412,31716,31462,31603,31271,31474,31776,31666,31500,31714,31363,31624,31767,31749,31616,31343,31800,31347,31670,31781,31757,31242,31343,31313,31764,31686,31603,31605,31477,31323,31615,31792,31450,31488,31696,31755,31272,31425,31489,31656,31369,31537,31656,31770,31640,31482,31445,31252,31305,31507,31311,31409,31550,31306,31358,31430,31698,31756,31706,31451,31618,31424,31463,31249,31585,31709,31505,31268,31313,31549,31700,31224,31359,31610,31787,31375,31522,31250,31545,31628,31699,31333,31660,31369,31581,31449,31711,31635,31474,31771,31234,31471,31594,31746,31320,31680,31335,31433,31322,31456,31335,31773,31218,31318,31729,31559,31558,31534,31647,31334,31481,31720,31692,31574,31785,31408,31586,31641,31373,31560,31412,31660,31696,31562,31471,31346,31268,31497,31594,31379,31518,31772,31523,31626,31552,31549,31340,31430,31456,31512,31523,31260,31296,31744,31520,31449,31384,31423,31672,31703,31601,31557,31333,31342,31561,31354,31320,31421,31276,31477,31550,31625,31224,31793,31606,31543,31509,31471,31320,31201,31436,31281,31506,31530,31501,31372,31210,31648,31462,31522,31418,31799,31402,31429,31232,31640,31693,31419,31319,31791,31756,31414,31511,31362,31611,31480,31421,31611,31627,31638,31331,31226,31526,31336,31219,31225,31367,31648,31415,31624,31289,31487,31406,31567,31407,31638,31444,31243,31549,31434,31283,31211,31504,31765,31432,31380,31621,31735,31410,31456,31469,31207,31542,31551,31310,31615,31496,31527,31238,31746,31387,31560,31459,31693,31673,31220,31279,31272,31674,31326,31382,31249,31738,31440,31352,31445,31761,31394,31661,31355,31346,31333,31266,31276,31474,31721,31237,31283,31523,31708,31313,31661,31260,31712,31785,31229,31776,31336,31480,31765,31663,31692,31618,31611,31670,31494,31691,31288,31680,31427,31440,31513,31604,31525,31738,31744,31648,31791,31796,31635,31546,31481,31346,31611,31376,31785,31324,31501,31512,31471,31410,31385,31718,31354,31260,31729,31391,31355,31575,31353,31333,31310,31587,31792,31386,31774,31231,31509,31332,31349,31580,31800,31582,31528,31544,31268,31380,31350,31409,31360,31488,31445,31410,31376,31482,31628,31796,31705,31636,31794,31258,31206,31367,31605,31780,31233,31366,31604,31307,31570,31413,31435,31547,31329,31251,31795,31335,31711,31315,31595,31769,31373,31776,31566,31389,31709,31720,31468,31706,31649,31666,31544,31439,31392,31453,31313,31619,31372,31448,31472,31479,31566,31525,31753,31641,31521,31610,31263,31436,31777,31432,31596,31676,31661,31595,31737,31425,31388,31783,31248,31343,31377,31406,31309,31499,31285,31739,31630,31562,31780,31742,31732,31430,31207,31544,31223,31265,31746,31751,31321,31443,31781,31317,31350,31744,31447,31623,31593,31593,31377,31422,31566,31426,31599,31473,31322,31482,31748,31611,31582,31732,31530,31420,31596,31481,31559,31307,31500,31448,31262,31703,31555,31591,31458,31730,31769,31789,31283,31577,31772,31397,31737,31280,31283,31539,31355,31269,31441,31321,31724,31554,31547,31545,31626,31229,31340,31351,31784,31626,31295,31696,31389,31732,31398,31593,31369,31246,31445,31664,31497,31230,31783,31212,31673,31751,31662,31481,31436,31442,31530,31670,31723,31666,31755,31529,31494,31462,31503,31609,31301,31694,31354,31535,31753,31400,31791,31433,31362,31326,31428,31632,31243,31754,31355,31357,31523,31259,31522,31606,31277,31369,31297,31703,31388,31484,31641,31524,31636,31713,31363,31721,31266,31646,31355,31577,31403,31337,31670,31546,31226,31315,31338,31444,31730,31368,31600,31282,31705,31324,31716,31602,31329,31633,31431,31465,31594,31459,31344,31388,31536,31622,31268,31569,31660,31217,31340,31526,31385,31752,31553,31719,31722,31712,31614,31298,31263,31381,31785,31289,31301,31324,31279,31254,31725,31566,31771,31377,31509,31423,31606,31407,31407,31593,31434,31754,31434,31373,31358,31373,31242,31621,31283,31590,31546,31499,31315,31315,31792,31530,31467,31542,31636,31376,31541,31466,31592,31794,31352,31706,31754,31798,31282,31698,31573,31387,31573,31561,31460,31773,31518,31529,31496,31570,31404,31610,31532,31216,31580,31566,31352,31525,31216,31435,31350,31704,31339,31571,31592,31312,31581,31772,31688,31209,31780,31710,31457,31412,31316,31495,31719,31282,31548,31231,31202,31275,31656,31488,31223,31553,31759,31351,31638,31669,31212,31512,31790,31572,31476,31387,31480,31648,31531,31253,31592,31262,31471,31592,31252,31677,31494,31732,31283,31389,31593,31579,31527,31275,31439,31771,31525,31648,31313,31390,31543,31667,31449,31662,31210,31665,31475,31418,31800,31731,31442,31456,31514,31521,31783,31672,31326,31695,31696,31237,31487,31221,31419,31551,31626,31465,31353,31245,31577,31733,31500,31416,31586,31461,31626,31576,31563,31422,31453,31778,31626,31484,31272,31227,31761,31247,31638,31284,31459,31494,31505,31620,31404,31592,31745,31570,31631,31579,31743,31271,31594,31623,31483,31465,31284,31580,31621,31692,31277,31497,31399,31298,31652,31691,31775,31787,31666,31242,31368,31395,31517,31607,31529,31488,31357,31286,31501,31220,31544,31726,31339,31780,31525,31529,31536,31790,31444,31499,31474,31326,31403,31383,31792,31529,31350,31796,31293,31581,31513,31765,31200,31542,31648,31203,31778,31543,31653,31702,31337,31264,31670,31609,31358,31630,31662,31779,31203,31641,31299,31730,31627,31312,31472,31586,31575,31632,31568,31540,31331,31377,31411,31704,31370,31458,31759,31796,31765,31422,31625,31470,31797,31286,31580,31503,31244,31560,31229,31235,31229,31543,31630,31777,31736,31776,31505,31272,31572,31541,31696,31270,31551,31700,31265,31396,31552,31593,31515,31230,31246,31580,31309,31717,31678,31316,31232,31727,31597,31507,31673,31775,31369,31324,31494,31634,31511,31242,31258,31286,31491,31227,31407,31355,31598,31591,31789,31618,31235,31424,31691,31300,31609,31219,31540,31650,31314,31607,31711,31211,31792,31542,31373,31341,31409,31295,31239,31272,31285,31568,31666,31586,31339,31711,31789,31626,31230,31283,31704,31646,31363,31727,31303,31410,31223,31434,31586,31317,31363,31539,31590,31496,31780,31512,31593,31436,31313,31278,31236,31697,31336,31302,31777,31399,31797,31637,31416,31491,31351,31408,31420,31473,31670,31658,31736,31705,31220,31387,31594,31550,31570,31470,31466,31695,31528,31641,31779,31709,31736,31561,31379,31514,31509,31320,31354,31520,31500,31543,31481,31779,31777,31712,31269,31768,31772,31414,31531,31734,31407,31763,31652,31746,31704,31732,31518,31646,31474,31655,31246,31454,31725,31694,31361,31349,31378,31308,31491,31265,31405,31416,31347,31667,31388,31627,31559,31727,31241,31200,31281,31463,31467,31504,31381,31207,31595,31358,31667,31251,31478,31422,31498,31575,31367,31242,31252,31285,31334,31303,31492,31585,31733,31445,31372,31651,31532,31625,31455,31756,31414,31208,31540,31399,31733,31682,31372,31657,31362,31547,31623,31787,31202,31643,31223,31520,31727,31307,31544,31618,31264,31458,31726,31270,31784,31516,31458,31355,31791,31453,31274,31649,31496,31727,31444,31786,31534,31759,31603,31582,31294,31634,31485,31656,31528,31584,31491,31435,31785,31433,31626,31339,31335,31290,31539,31460,31444,31381,31747,31327,31324,31708,31362,31781,31428,31772,31328,31471,31656,31392,31449,31593,31590,31772,31655,31794,31524,31357,31670,31366,31788,31420,31391,31542,31489,31588,31354,31402,31244,31220,31679,31774,31250,31270,31415,31710,31561,31425,31712,31240,31779,31556,31746,31352,31469,31334,31735,31500,31495,31464,31754,31589,31443,31765,31761,31779,31639,31346,31616,31674,31678,31723,31303,31757,31286,31383,31696,31245,31536,31398,31635,31721,31505,31768,31572,31788,31304,31312,31794,31478,31477,31279,31562,31251,31269,31342,31774,31649,31568,31703,31273,31662,31675,31612,31490,31311,31448,31703,31443,31521,31642,31609,31585,31326,31755,31453,31711,31390,31539,31228,31305,31358,31521,31352,31336,31358,31382,31680,31725,31260,31733,31579,31252,31573,31402,31719,31570,31547,31262,31303,31340,31692,31427,31293,31637,31611,31360,31311,31615,31415,31686,31230,31281,31257,31425,31579,31674,31223,31797,31381,31731,31537,31420,31465,31754,31611,31258,31788,31670,31580,31659,31560,31708,31551,31727,31243,31516,31281,31617,31748,31554,31326,31556,31792,31337,31784,31430,31539,31240,31536,31672,31754,31389,31331,31742,31722,31310,31641,31454,31298,31250,31236,31292,31649,31294,31627,31259,31608,31512,31630,31244,31442,31555,31786,31469,31631,31250,31635,31452,31747,31251,31348,31613,31638,31668,31488,31655,31437,31614,31327,31553,31260,31665,31615,31395,31217,31676,31253,31232,31443,31480,31238,31611,31692,31723,31786,31518,31371,31615,31340,31581,31789,31727,31487,31566,31378,31692,31662,31631,31795,31463,31727,31524,31653,31640,31771,31396,31596,31417,31671,31615,31327,31663,31393,31647,31800,31277,31262,31574,31800,31737,31419,31616,31593,31410,31673,31732,31434,31581,31399,31563,31799,31791,31367,31311,31408,31484,31299,31541,31511,31596,31466,31201,31617,31297,31245,31392,31524,31638,31486,31386,31477,31548,31726,31544,31717,31795,31294,31577,31407,31776,31506,31639,31350,31496,31717,31796,31578,31216,31303,31382,31794,31757,31401,31371,31440,31427,31509,31537,31473,31246,31712,31565,31413,31681,31452,31616,31658,31727,31384,31264,31776,31332,31567,31752,31244,31276,31518,31239,31462,31288,31219,31540,31552,31468,31380,31386,31339,31391,31489,31503,31687,31692,31231,31715,31605,31210,31579,31539,31560,31765,31343,31442,31787,31204,31686,31763,31616,31471,31348,31732,31398,31305,31301,31210,31756,31762,31773,31309,31676,31271,31389,31556,31677,31354,31668,31641,31260,31791,31558,31311,31749,31360,31745,31385,31658,31688,31296,31603,31216,31418,31594,31638,31730,31789,31695,31362,31325,31202,31470,31348,31353,31340,31356,31283,31534,31301,31679,31244,31763,31380,31570,31329,31435,31719,31620,31585,31206,31328,31394,31766,31303,31637,31380,31287,31281,31645,31407,31704,31722,31382,31424,31281,31683,31241,31545,31633,31597,31643,31399,31272,31765,31591,31510,31364,31426,31293,31218,31754,31470,31556,31797,31763,31603,31595,31570,31433,31761,31272,31454,31364,31223,31707,31788,31730,31677,31773,31213,31607,31436,31573,31220,31478,31716,31744,31391,31718,31597,31747,31750,31242,31762,31578,31415,31248,31356,31608,31507,31468,31207,31628,31515,31759,31617,31683,31243,31241,31756,31301,31766,31287,31443,31693,31213,31756,31683,31447,31293,31260,31434,31640,31762,31714,31360,31463,31490,31700,31792,31551,31522,31762,31334,31623,31789,31444,31528,31640,31695,31388,31435,31426,31260,31758,31683,31665,31524,31333,31211,31707,31487,31683,31647,31777,31736,31313,31499,31484,31240,31539,31767,31712,31755,31306,31370,31670,31638,31518,31312,31503,31564,31538,31605,31799,31377,31272,31200,31219,31405,31727,31730,31288,31721,31256,31231,31796,31324,31234,31735,31630,31754,31423,31661,31642,31750,31671,31304,31436,31380,31592,31797,31722,31785,31280,31326,31258,31248,31465,31396,31585,31240,31215,31743,31255,31251,31550,31326,31562,31489,31416,31263,31578,31227,31435,31549,31376,31525,31349,31363,31481,31409,31491,31599,31376,31218,31799,31511,31364,31354,31257,31392,31572,31333,31699,31335,31624,31603,31213,31519,31448,31789,31321,31652,31312,31202,31628,31265,31720,31663,31395,31520,31748,31654,31452,31412,31502,31347,31273,31467,31513,31489,31684,31627,31594,31403,31451,31450,31305,31765,31734,31299,31404,31515,31423,31472,31772,31696,31445,31553,31670,31740,31788,31251,31564,31776,31682,31332,31730,31547,31782,31456,31569,31333,31338,31538,31395,31365,31294,31520,31475,31447,31248,31735,31620,31702,31717,31373,31727,31633,31336,31358,31449,31688,31736,31281,31539,31316,31544,31714,31467,31742,31281,31462,31800,31289,31390,31501,31565,31622,31635,31200,31368,31755,31447,31731,31649,31685,31623,31785,31471,31687,31245,31658,31705,31270,31283,31601,31637,31578,31734,31245,31385,31490,31448,31675,31740,31715,31746,31599,31668,31381,31274,31595,31742,31337,31752,31433,31671,31695,31204,31512,31649,31705,31385,31283,31321,31271,31336,31277,31711,31294,31238,31507,31696,31396,31721,31344,31784,31303,31715,31259,31750,31458,31464,31268,31276,31694,31463,31348,31420,31470,31342,31662,31536,31705,31735,31359,31594,31433,31560,31602,31387,31546,31612,31638,31434,31568,31366,31490,31667,31758,31496,31363,31735,31715,31261,31356,31304,31261,31310,31763,31446,31745,31408,31604,31319,31545,31304,31397,31448,31749,31204,31572,31740,31781,31222,31312,31727,31389,31387,31272,31420,31749,31378,31683,31785,31785,31782,31303,31472,31254,31238,31774,31268,31290,31566,31216,31474,31205,31587,31206,31405,31392,31489,31335,31719,31347,31227,31236,31533,31674,31711,31662,31435,31753,31498,31486,31729,31335,31520,31662,31527,31267,31509,31472,31480,31580,31713,31740,31714,31622,31474,31575,31307,31459,31398,31658,31597,31563,31344,31421,31527,31799,31541,31499,31453,31422,31451,31596,31201,31640,31724,31567,31559,31554,31598,31433,31751,31341,31202,31544,31393,31419,31774,31363,31577,31719,31770,31575,31756,31796,31499,31481,31370,31245,31565,31239,31279,31227,31219,31629,31403,31268,31334,31209,31728,31654,31423,31513,31424,31754,31734,31730,31321,31387,31242,31720,31668,31286,31406,31514,31410,31616,31233,31279,31513,31676,31587,31231,31254,31618,31338,31719,31206,31724,31504,31564,31583,31772,31605,31658,31414,31728,31639,31378,31328,31592,31305,31410,31509,31784,31504,31689,31449,31241,31398,31423,31532,31401,31739,31387,31716,31293,31205,31720,31334,31266,31252,31411,31486,31280,31423,31742,31799,31685,31698,31365,31524,31518,31406,31680,31395,31426,31526,31435,31568,31385,31680,31603,31213,31435,31278,31574,31316,31757,31316,31320,31689,31596,31751,31599,31773,31792,31765,31692,31519,31474,31705,31425,31257,31376,31202,31366,31691,31243,31259,31363,31622,31269,31721,31498,31765,31283,31501,31477,31688,31594,31702,31597,31293,31521,31796,31735,31431,31258,31206,31515,31740,31625,31219,31585,31773,31209,31202,31787,31243,31305,31605,31581,31708,31795,31703,31328,31481,31598,31593,31349,31586,31449,31530,31448,31306,31246,31631,31594,31720,31352,31574,31615,31532,31795,31438,31674,31298,31468,31257,31475,31527,31685,31501,31631,31502,31611,31371,31400,31420,31271,31224,31460,31382,31334,31271,31387,31327,31406,31462,31731,31203,31269,31427,31493,31280,31429,31223,31442,31401,31275,31256,31425,31395,31692,31696,31401,31713,31724,31275,31499,31713,31779,31739,31433,31556,31223,31593,31583,31764,31426,31382,31535,31550,31607,31342,31227,31272,31556,31440,31236,31549,31601,31229,31233,31787,31312,31377,31770,31628,31790,31204,31572,31212,31525,31465,31786,31359,31574,31247,31685,31325,31493,31308,31660,31594,31378,31263,31458,31225,31790,31255,31664,31444,31650,31724,31651,31386,31702,31691,31469,31634,31219,31538,31295,31609,31422,31456,31356,31629,31445,31709,31734,31447,31328,31683,31436,31412,31360,31693,31471,31441,31724,31534,31565,31347,31259,31787,31682,31397,31341,31748,31546,31496,31302,31507,31348,31324,31531,31701,31477,31356,31744,31209,31394,31529,31706,31336,31472,31549,31421,31536,31348,31447,31243,31438,31504,31638,31710,31721,31239,31706,31239,31444,31446,31615,31560,31460,31580,31450,31714,31327,31655,31505,31536,31412,31652,31721,31223,31317,31732,31525,31504,31520,31616,31363,31765,31320,31211,31535,31376,31266,31582,31278,31338,31687,31304,31610,31322,31650,31368,31221,31340,31550,31281,31452,31525,31254,31692,31238,31240,31768,31264,31541,31413,31338,31382,31361,31496,31649,31283,31222,31219,31496,31347,31715,31419,31240,31688,31275,31276,31743,31538,31798,31338,31586,31450,31257,31514,31340,31617,31489,31766,31640,31543,31204,31395,31600,31222,31488,31774,31711,31327,31546,31708,31252,31288,31356,31251,31762,31696,31643,31413,31742,31508,31544,31505,31593,31435,31258,31253,31310,31457,31681,31620,31488,31301,31663,31372,31340,31683,31792,31544,31597,31719,31641,31524,31281,31229,31764,31366,31300,31614,31217,31316,31670,31555,31785,31776,31255,31200,31570,31257,31368,31779,31611,31677,31790,31205,31417,31426,31633,31364,31586,31444,31624,31426,31743,31218,31340,31528,31282,31239,31691,31267,31244,31429,31565,31500,31773,31627,31527,31750,31389,31461,31796,31782,31634,31270,31487,31716,31420,31224,31213,31680,31737,31338,31595,31778,31398,31395,31353,31597,31248,31667,31653,31453,31574,31373,31399,31674,31441,31737,31325,31717,31430,31777,31483,31387,31619,31205,31352,31798,31781,31201,31273,31536,31320,31321,31201,31408,31275,31326,31437,31685,31297,31359,31566,31798,31210,31594,31539,31492,31600,31478,31221,31416,31583,31751,31594,31593,31580,31309,31621,31469,31214,31255,31376,31632,31617,31696,31556,31598,31371,31479,31593,31442,31573,31673,31544,31332,31704,31256,31569,31434,31489,31348,31796,31201,31433,31250,31602,31424,31313,31407,31354,31756,31406,31311,31423,31244,31355,31238,31766,31499,31655,31315,31557,31551,31610,31789,31697,31390,31684,31417,31462,31562,31547,31472,31569,31790,31471,31748,31736,31526,31524,31282,31576,31556,31745,31716,31589,31502,31767,31708,31656,31328,31539,31659,31392,31582,31664,31591,31652,31552,31372,31403,31445,31675,31473,31374,31293,31430,31693,31539,31700,31482,31723,31340,31227,31687,31201,31336,31298,31376,31679,31615,31470,31509,31272,31338,31261,31335,31285,31785,31614,31210,31725,31797,31434,31485,31603,31641,31622,31320,31455,31776,31715,31514,31470,31348,31656,31467,31224,31604,31516,31608,31692,31253,31681,31768,31293,31654,31508,31598,31275,31356,31305,31259,31511,31730,31475,31547,31329,31435,31263,31759,31687,31379,31472,31744,31299,31296,31563,31591,31711,31687,31289,31744,31526,31209,31688,31517,31551,31434,31417,31246,31638,31700,31269,31319,31489,31643,31236,31347,31749,31494,31409,31605,31287,31325,31414,31571,31268,31717,31671,31766,31756,31662,31242,31592,31290,31239,31507,31283,31293,31207,31216,31606,31485,31789,31272,31601,31481,31717,31504,31625,31241,31438,31506,31585,31731,31418,31280,31227,31726,31205,31608,31719,31657,31445,31265,31684,31724,31226,31652,31487,31487,31791,31623,31785,31583,31465,31264,31777,31458,31570,31534,31733,31270,31441,31540,31721,31660,31345,31303,31752,31511,31315,31708,31342,31233,31324,31599,31505,31481,31605,31316,31578,31351,31536,31334,31466,31246,31263,31609,31396,31557,31675,31439,31620,31231,31457,31382,31257,31558,31379,31473,31240,31608,31209,31327,31779,31727,31683,31364,31248,31366,31757,31610,31617,31462,31416,31526,31685,31711,31278,31326,31445,31641,31593,31713,31778,31651,31696,31648,31625,31337,31764,31519,31549,31576,31330,31421,31553,31406,31239,31314,31675,31242,31212,31320,31624,31453,31427,31352,31427,31434,31626,31637,31446,31597,31686,31250,31429,31536,31510,31572,31344,31516,31477,31653,31380,31666,31240,31530,31772,31717,31552,31409,31346,31790,31226,31326,31327,31698,31792,31775,31540,31669,31777,31630,31282,31349,31579,31778,31725,31680,31475,31540,31435,31570,31791,31329,31426,31637,31796,31622,31238,31355,31787,31406,31242,31756,31248,31272,31218,31215,31595,31678,31290,31649,31771,31502,31704,31224,31352,31760,31269,31697,31732,31636,31465,31313,31602,31792,31367,31251,31212,31288,31509,31209,31392,31513,31201,31659,31469,31690,31390,31657,31440,31669,31304,31561,31210,31781,31715,31524,31363,31324,31741,31622,31607,31777,31529,31277,31517,31634,31438,31480,31386,31375,31665,31248,31305,31221,31559,31485,31265,31242,31443,31280,31503,31453,31711,31798,31589,31444,31654,31276,31259,31364,31440,31693,31215,31457,31200,31571,31431,31482,31367,31569,31468,31211,31465,31749,31336,31691,31653,31367,31631,31558,31739,31764,31223,31531,31446,31714,31528,31683,31278,31531,31438,31240,31269,31530,31558,31488,31754,31407,31267,31598,31334,31206,31592,31468,31438,31429,31645,31242,31639,31404,31523,31691,31607,31722,31336,31403,31236,31304,31264,31756,31695,31533,31748,31591,31602,31421,31326,31643,31410,31673,31686,31389,31369,31429,31366,31566,31646,31580,31369,31466,31483,31719,31641,31697,31723,31212,31420,31204,31681,31790,31381,31706,31522,31670,31686,31304,31533,31451,31258,31615,31753,31205,31458,31284,31608,31393,31341,31748,31745,31367,31607,31528,31552,31287,31232,31502,31596,31675,31287,31220,31249,31706,31470,31604,31746,31701,31485,31662,31236,31365,31338,31513,31440,31276,31368,31628,31647,31654,31417,31253,31569,31766,31331,31497,31360,31470,31520,31577,31651,31792,31554,31589,31348,31317,31228,31335,31750,31284,31741,31769,31445,31710,31517,31269,31800,31219,31549,31432,31685,31404,31735,31283,31667,31657,31340,31525,31777,31410,31573,31645,31609,31373,31710,31584,31379,31433,31660,31748,31209,31206,31753,31618,31432,31451,31420,31778,31327,31270,31408,31520,31763,31386,31576,31727,31737,31744,31346,31351,31537,31518,31325,31376,31661,31253,31407,31476,31532,31341,31240,31382,31569,31642,31301,31482,31774,31476,31214,31614,31444,31782,31373,31702,31471,31767,31366,31340,31589,31691,31757,31731,31792,31491,31565,31690,31365,31527,31645,31279,31762,31390,31214,31575,31777,31720,31495,31595,31200,31757,31491,31543,31244,31479,31327,31206,31647,31222,31748,31338,31317,31634,31252,31643,31728,31478,31763,31658,31789,31749,31494,31529,31635,31251,31729,31605,31609,31519,31461,31268,31489,31303,31403,31545,31455,31724,31644,31256,31467,31424,31361,31311,31525,31729,31440,31303,31279,31749,31429,31253,31646,31216,31679,31593,31498,31477,31506,31440,31372,31540,31543,31466,31631,31577,31257,31341,31482,31344,31499,31275,31236,31664,31633,31716,31775,31314,31775,31580,31455,31708,31692,31745,31285,31260,31595,31783,31789,31223,31634,31653,31590,31482,31239,31708,31703,31454,31456,31515,31376,31660,31668,31624,31307,31760,31757,31211,31386,31310,31788,31614,31618,31516,31622,31584,31340,31426,31253,31670,31389,31213,31381,31501,31360,31201,31435,31333,31758,31231,31474,31698,31384,31448,31590,31425,31555,31305,31246,31733,31777,31237,31386,31460,31496,31556,31247,31660,31380,31486,31320,31535,31739,31411,31351,31708,31767,31679,31713,31368,31443,31686,31742,31587,31675,31494,31407,31466,31287,31496,31576,31691,31366,31401,31754,31502,31422,31224,31252,31316,31301,31223,31315,31351,31578,31454,31725,31568,31369,31786,31623,31588,31331,31300,31790,31530,31735,31561,31293,31225,31404,31718,31704,31742,31418,31363,31577,31500,31508,31437,31346,31237,31359,31548,31262,31207,31294,31266,31704,31713,31321,31324,31544,31388,31503,31332,31624,31353,31697,31569,31415,31389,31694,31710,31420,31434,31590,31349,31371,31275,31654,31782,31397,31220,31295,31516,31505,31611,31470,31524,31549,31490,31295,31689,31588,31574,31551,31464,31541,31440,31773,31273,31799,31639,31583,31257,31439,31596,31550,31226,31585,31558,31745,31499,31628,31487,31327,31703,31286,31707,31420,31612,31399,31471,31335,31215,31479,31220,31542,31237,31534,31679,31233,31422,31369,31757,31339,31255,31673,31580,31730,31589,31448,31287,31538,31399,31387,31267,31361,31402,31466,31563,31709,31315,31411,31314,31642,31340,31687,31294,31690,31305,31578,31371,31380,31408,31778,31223,31388,31311,31771,31269,31464,31406,31271,31521,31319,31795,31475,31212,31368,31443,31527,31800,31226,31515,31368,31232,31383,31723,31567,31626,31291,31620,31415,31392,31645,31618,31759,31628,31378,31373,31291,31741,31505,31713,31220,31440,31500,31503,31669,31245,31700,31352,31391,31643,31509,31547,31676,31788,31481,31509,31481,31708,31356,31268,31502,31296,31553,31658,31310,31229,31208,31477,31427,31596,31652,31323,31450,31239,31229,31526,31371,31664,31535,31669,31719,31418,31270,31753,31462,31399,31348,31655,31388,31677,31321,31545,31552,31639,31271,31202,31685,31456,31763,31234,31201,31321,31464,31303,31788,31676,31311,31598,31273,31400,31266,31234,31765,31753,31336,31649,31508,31293,31514,31268,31497,31727,31233,31479,31609,31276,31677,31551,31700,31474,31775,31278,31307,31755,31761,31517,31504,31769,31563,31583,31271,31368,31202,31764,31307,31219,31538,31214,31293,31525,31247,31619,31361,31221,31550,31726,31796,31608,31230,31243,31304,31706,31438,31469,31441,31655,31266,31230,31575,31430,31323,31391,31260,31653,31207,31543,31438,31718,31714,31225,31257,31506,31556,31675,31504,31358,31506,31618,31711,31319,31213,31518,31359,31237,31686,31520,31377,31349,31561,31333,31558,31393,31311,31352,31208,31293,31754,31287,31411,31590,31258,31621,31570,31500,31591,31651,31755,31416,31794,31586,31513,31347,31353,31311,31273,31695,31253,31679,31570,31218,31256,31604,31730,31627,31293,31668,31320,31303,31766,31297,31613,31461,31452,31360,31260,31589,31687,31796,31219,31310,31277,31785,31438,31256,31285,31523,31764,31463,31243,31259,31687,31611,31468,31662,31530,31256,31313,31746,31429,31780,31451,31470,31286,31715,31608,31623,31315,31371,31473,31202,31761,31345,31317,31678,31441,31698,31407,31325,31423,31590,31570,31660,31327,31552,31714,31545,31573,31345,31450,31762,31501,31477,31613,31445,31353,31535,31754,31581,31505,31381,31628,31558,31416,31651,31475,31426,31625,31517,31357,31439,31401,31771,31721,31544,31496,31685,31544,31663,31515,31531,31426,31652,31642,31773,31639,31610,31273,31558,31555,31716,31470,31287,31406,31342,31719,31402,31682,31697,31348,31234,31226,31337,31708,31351,31250,31502,31768,31477,31641,31352,31723,31477,31354,31412,31681,31617,31434,31616,31473,31316,31404,31559,31289,31749,31760,31643,31518,31532,31352,31259,31644,31230,31634,31353,31288,31735,31697,31204,31624,31358,31305,31693,31660,31542,31252,31586,31376,31246,31262,31620,31746,31631,31588,31503,31392,31252,31506,31780,31527,31774,31216,31233,31752,31244,31550,31702,31271,31307,31299,31281,31670,31576,31388,31455,31391,31396,31393,31416,31273,31742,31510,31795,31511,31520,31352,31607,31472,31355,31508,31254,31274,31300,31627,31449,31303,31625,31244,31731,31696,31217,31478,31446,31487,31475,31296,31786,31440,31442,31526,31279,31279,31226,31719,31245,31649,31367,31697,31209,31249,31626,31340,31632,31201,31401,31616,31274,31525,31518,31223,31563,31790,31320,31771,31486,31745,31692,31684,31444,31530,31310,31494,31392,31226,31579,31689,31233,31516,31631,31291,31284,31379,31291,31645,31450,31585,31353,31598,31541,31540,31734,31520,31613,31353,31229,31652,31776,31734,31264,31302,31399,31786,31791,31639,31388,31313,31744,31323,31313,31333,31613,31705,31422,31646,31295,31265,31527,31590,31795,31668,31427,31701,31456,31216,31677,31248,31287,31508,31760,31679,31552,31585,31422,31574,31439,31798,31214,31206,31389,31724,31230,31736,31387,31561,31206,31682,31690,31790,31639,31279,31255,31793,31449,31345,31683,31742,31208,31317,31547,31343,31781,31474,31672,31730,31430,31528,31339,31557,31584,31776,31640,31638,31262,31532,31664,31567,31423,31328,31445,31723,31468,31519,31450,31276,31563,31438,31590,31799,31315,31675,31534,31671,31497,31481,31355,31689,31300,31321,31564,31672,31464,31414,31486,31639,31326,31316,31631,31388,31629,31465,31579,31607,31611,31437,31725,31328,31415,31202,31709,31596,31579,31513,31738,31472,31708,31770,31495,31661,31740,31542,31693,31533,31528,31584,31472,31557,31495,31322,31430,31796,31209,31426,31598,31258,31518,31668,31729,31226,31651,31245,31654,31281,31450,31633,31782,31267,31694,31642,31570,31677,31202,31666,31762,31479,31603,31326,31367,31720,31677,31604,31552,31419,31689,31386,31668,31601,31428,31644,31386,31712,31401,31725,31714,31658,31497,31411,31415,31444,31366,31692,31755,31326,31718,31648,31678,31469,31236,31674,31332,31573,31256,31307,31215,31217,31510,31478,31293,31278,31429,31398,31709,31601,31259,31772,31638,31454,31329,31233,31586,31445,31351,31751,31779,31535,31383,31327,31442,31700,31318,31501,31473,31786,31577,31706,31406,31630,31638,31256,31690,31272,31291,31222,31240,31726,31288,31786,31354,31476,31633,31741,31683,31220,31705,31796,31382,31286,31428,31760,31489,31582,31781,31210,31784,31651,31215,31464,31491,31404,31585,31612,31519,31367,31615,31785,31236,31378,31317,31635,31385,31643,31606,31686,31505,31359,31499,31605,31239,31471,31287,31718,31294,31309,31300,31385,31341,31786,31261,31389,31378,31509,31509,31419,31302,31419,31434,31583,31539,31729,31365,31470,31440,31364,31526,31497,31349,31213,31364,31245,31307,31734,31570,31524,31225,31337,31260,31259,31514,31357,31310,31425,31352,31232,31423,31652,31559,31724,31628,31378,31688,31472,31496,31672,31202,31475,31590,31593,31663,31555,31367,31572,31483,31745,31363,31388,31279,31631,31288,31449,31654,31439,31565,31581,31661,31441,31673,31683,31247,31682,31254,31557,31498,31657,31558,31627,31344,31235,31643,31445,31320,31530,31440,31323,31294,31295,31605,31567,31423,31628,31702,31780,31473,31381,31367,31731,31481,31568,31573,31793,31321,31794,31446,31512,31259,31274,31365,31535,31508,31753,31552,31726,31680,31217,31465,31733,31683,31788,31241,31764,31789,31695,31243,31672,31229,31734,31705,31221,31509,31595,31700,31435,31318,31425,31686,31777,31393,31222,31697,31287,31327,31240,31715,31710,31626,31277,31428,31778,31394,31311,31727,31254,31330,31660,31224,31736,31425,31467,31739,31688,31402,31309,31390,31257,31512,31686,31777,31564,31796,31632,31772,31781,31688,31655,31709,31705,31599,31340,31609,31389,31383,31449,31237,31210,31372,31595,31629,31524,31738,31679,31260,31702,31295,31535,31421,31610,31674,31631,31226,31400,31383,31506,31581,31681,31470,31289,31542,31784,31242,31553,31748,31642,31509,31304,31348,31228,31707,31358,31489,31531,31689,31573,31513,31764,31243,31230,31778,31663,31783,31411,31658,31623,31267,31679,31248,31470,31743,31413,31607,31590,31283,31613,31619,31465,31481,31794,31788,31533,31564,31530,31404,31647,31366,31563,31429,31606,31638,31510,31719,31357,31700,31789,31571,31592,31430,31692,31239,31339,31501,31359,31230,31553,31396,31520,31778,31474,31607,31227,31629,31706,31252,31800,31730,31780,31442,31574,31240,31227,31553,31589,31204,31387,31511,31337,31592,31515,31606,31550,31412,31723,31208,31670,31556,31336,31404,31245,31762,31760,31285,31786,31709,31721,31499,31344,31372,31491,31308,31638,31223,31276,31679,31655,31545,31677,31784,31727,31261,31735,31772,31633,31554,31226,31666,31794,31313,31651,31719,31247,31355,31776,31295,31562,31383,31425,31371,31437,31444,31265,31525,31797,31754,31340,31488,31664,31533,31320,31543,31735,31249,31535,31521,31548,31748,31301,31799,31572,31577,31251,31799,31618,31661,31208,31200,31565,31536,31678,31557,31434,31575,31584,31602,31568,31479,31714,31768,31271,31428,31737,31330,31591,31594,31496,31759,31778,31727,31241,31559,31267,31583,31370,31451,31365,31300,31231,31329,31400,31406,31396,31324,31423,31697,31670,31539,31586,31614,31621,31461,31233,31731,31692,31401,31365,31471,31503,31403,31647,31756,31688,31363,31358,31265,31377,31232,31472,31797,31650,31723,31288,31619,31650,31641,31295,31381,31734,31578,31709,31413,31763,31731,31347,31502,31334,31594,31796,31458,31478,31586,31376,31238,31507,31557,31786,31359,31509,31750,31412,31209,31365,31341,31509,31412,31280,31556,31425,31664,31644,31491,31485,31494,31604,31333,31222,31617,31476,31725,31549,31702,31562,31554,31498,31764,31330,31568,31210,31317,31716,31347,31329,31754,31767,31419,31352,31227,31334,31542,31483,31481,31644,31364,31503,31687,31637,31535,31344,31681,31589,31575,31639,31613,31304,31555,31735,31474,31598,31593,31782,31336,31524,31372,31592,31752,31516,31578,31313,31619,31652,31501,31747,31773,31324,31408,31520,31621,31333,31538,31487,31337,31646,31632,31556,31670,31207,31537,31411,31433,31372,31670,31544,31326,31222,31512,31539,31207,31288,31688,31261,31243,31639,31757,31479,31224,31639,31309,31487,31229,31726,31687,31724,31543,31752,31281,31367,31617,31324,31435,31636,31477,31333,31361,31350,31386,31314,31517,31424,31391,31494,31241,31690,31325,31361,31400,31786,31237,31584,31280,31603,31549,31696,31755,31295,31216,31697,31419,31518,31731,31678,31685,31626,31690,31578,31565,31311,31725,31795,31566,31702,31782,31739,31674,31467,31637,31235,31759,31279,31748,31393,31555,31380,31410,31434,31462,31264,31345,31425,31244,31647,31498,31768,31632,31348,31339,31317,31304,31435,31706,31594,31789,31729,31292,31547,31562,31595,31306,31734,31637,31219,31744,31330,31799,31437,31294,31676,31778,31596,31523,31628,31659,31540,31348,31443,31741,31342,31265,31334,31257,31611,31487,31605,31329,31579,31368,31556,31660,31751,31658,31284,31313,31755,31639,31487,31258,31566,31635,31623,31774,31625,31544,31615,31401,31299,31265,31227,31531,31526,31468,31350,31225,31683,31457,31604,31781,31354,31442,31793,31676,31713,31522,31475,31283,31526,31676,31566,31429,31755,31621,31234,31330,31209,31419,31262,31614,31461,31616,31347,31453,31459,31366,31326,31725,31576,31727,31788,31373,31278,31549,31238,31530,31359,31625,31354,31383,31293,31625,31454,31410,31386,31420,31614,31765,31520,31687,31410,31346,31474,31743,31552,31791,31539,31739,31467,31209,31440,31286,31250,31491,31758,31668,31255,31300,31485,31752,31480,31664,31760,31509,31651,31695,31730,31564,31719,31264,31412,31363,31257,31666,31368,31777,31471,31427,31638,31682,31245,31489,31615,31529,31653,31215,31382,31456,31541,31582,31544,31762,31422,31459,31660,31576,31235,31288,31327,31256,31489,31377,31680,31629,31756,31616,31746,31636,31446,31698,31525,31287,31649,31474,31277,31588,31605,31386,31283,31450,31355,31392,31254,31363,31459,31249,31266,31642,31617,31346,31479,31725,31240,31622,31408,31684,31685,31637,31687,31240,31287,31695,31285,31628,31298,31673,31623,31386,31392,31756,31255,31722,31360,31608,31315,31205,31565,31521,31724,31236,31258,31391,31556,31465,31283,31548,31310,31766,31355,31224,31506,31591,31555,31593,31550,31549,31335,31398,31707,31404,31231,31346,31251,31635,31322,31381,31751,31684,31800,31628,31263,31226,31544,31645,31472,31239,31533,31511,31277,31787,31493,31559,31230,31798,31237,31223,31348,31647,31568,31777,31780,31316,31551,31660,31259,31646,31787,31414,31674,31737,31200,31735,31277,31351,31745,31526,31235,31311,31363,31236,31484,31627,31528,31676,31493,31704,31442,31798,31204,31535,31413,31247,31207,31639,31296,31393,31367,31289,31596,31398,31744,31526,31228,31366,31707,31432,31513,31625,31284,31260,31303,31455,31242,31701,31685,31622,31682,31697,31724,31319,31307,31569,31480,31237,31672,31385,31459,31335,31723,31387,31679,31543,31592,31509,31204,31274,31534,31489,31252,31302,31229,31701,31385,31409,31704,31568,31570,31565,31615,31557,31502,31303,31685,31568,31724,31769,31224,31391,31795,31700,31616,31548,31411,31574,31687,31530,31796,31326,31360,31255,31473,31272,31617,31314,31321,31504,31517,31470,31661,31615,31412,31721,31394,31597,31646,31375,31344,31320,31271,31736,31603,31340,31693,31465,31791,31790,31676,31436,31541,31398,31633,31376,31750,31216,31452,31750,31254,31761,31725,31565,31409,31448,31557,31253,31428,31273,31609,31347,31385,31608,31532,31457,31224,31240,31699,31597,31509,31375,31354,31468,31742,31791,31748,31633,31517,31368,31785,31541,31208,31610,31793,31573,31536,31221,31440,31497,31294,31767,31652,31730,31247,31320,31649,31781,31204,31375,31311,31635,31544,31388,31241,31314,31622,31608,31563,31780,31262,31430,31472,31592,31532,31305,31725,31359,31780,31323,31537,31720,31213,31393,31452,31437,31337,31419,31592,31305,31340,31713,31626,31638,31480,31725,31462,31297,31755,31533,31519,31716,31470,31252,31433,31714,31532,31679,31577,31587,31323,31454,31599,31763,31289,31448,31759,31327,31479,31575,31673,31727,31559,31711,31213,31317,31673,31406,31329,31443,31391,31352,31678,31694,31251,31418,31779,31693,31720,31240,31470,31696,31433,31495,31389,31710,31787,31681,31398,31779,31403,31507,31358,31716,31269,31625,31662,31390,31265,31543,31535,31572,31295,31665,31207,31602,31790,31461,31762,31754,31211,31680,31602,31201,31353,31701,31415,31538,31348,31401,31419,31666,31758,31680,31471,31553,31616,31335,31781,31242,31262,31509,31561,31474,31777,31789,31207,31381,31657,31777,31594,31529,31771,31635,31458,31718,31549,31334,31489,31790,31277,31643,31693,31491,31392,31273,31260,31562,31542,31557,31424,31365,31604,31665,31392,31340,31421,31790,31396,31479,31726,31438,31269,31592,31599,31644,31714,31791,31527,31472,31312,31665,31342,31264,31399,31397,31795,31758,31776,31548,31727,31398,31661,31715,31622,31765,31348,31304,31303,31744,31310,31678,31575,31696,31287,31254,31508,31621,31459,31679,31700,31610,31437,31722,31239,31237,31713,31643,31506,31441,31311,31517,31622,31306,31384,31484,31557,31621,31445,31243,31444,31269,31637,31618,31652,31698,31774,31702,31397,31419,31532,31246,31539,31488,31706,31327,31331,31365,31361,31706,31479,31283,31353,31475,31770,31542,31209,31569,31255,31354,31496,31286,31543,31705,31531,31291,31719,31285,31251,31480,31767,31730,31413,31603,31481,31218,31468,31378,31364,31436,31567,31296,31368,31512,31343,31412,31346,31438,31737,31768,31617,31638,31629,31494,31275,31273,31730,31235,31572,31570,31451,31371,31436,31210,31436,31792,31222,31483,31235,31611,31383,31285,31725,31398,31416,31391,31643,31236,31744,31460,31224,31340,31209,31706,31339,31601,31430,31591,31674,31278,31632,31434,31592,31723,31402,31217,31511,31205,31300,31319,31750,31675,31716,31793,31297,31785,31457,31639,31647,31770,31232,31551,31654,31385,31795,31450,31247,31571,31735,31582,31707,31389,31252,31638,31289,31560,31382,31395,31462,31312,31410,31363,31532,31793,31210,31407,31733,31350,31772,31757,31448,31507,31756,31270,31568,31784,31220,31414,31256,31550,31333,31419,31648,31346,31531,31537,31570,31592,31252,31686,31227,31422,31371,31313,31209,31538,31238,31733,31362,31434,31368,31638,31526,31485,31651,31423,31391,31426,31278,31372,31738,31273,31469,31344,31287,31557,31594,31605,31526,31627,31433,31261,31660,31610,31337,31577,31496,31433,31560,31570,31272,31450,31779,31667,31256,31251,31523,31512,31259,31276,31372,31566,31597,31695,31453,31712,31683,31633,31512,31788,31553,31494,31237,31685,31497,31518,31715,31309,31428,31761,31292,31409,31635,31385,31538,31429,31440,31494,31377,31442,31668,31469,31545,31798,31714,31618,31416,31201,31220,31607,31737,31308,31610,31357,31451,31782,31598,31336,31578,31262,31515,31726,31322,31265,31310,31406,31431,31377,31515,31606,31334,31753,31780,31669,31281,31543,31535,31586,31776,31538,31757,31550,31294,31518,31690,31235,31446,31424,31732,31620,31442,31381,31746,31286,31305,31662,31250,31410,31258,31635,31590,31688,31542,31758,31684,31254,31284,31221,31795,31537,31753,31218,31332,31620,31541,31710,31784,31704,31611,31622,31438,31661,31410,31372,31515,31596,31499,31318,31447,31670,31667,31562,31291,31340,31518,31459,31461,31415,31274,31473,31270,31697,31262,31669,31490,31470,31384,31533,31361,31714,31656,31645,31256,31393,31707,31267,31610,31436,31390,31558,31430,31367,31526,31385,31400,31543,31559,31364,31377,31546,31742,31704,31514,31555,31325,31355,31238,31760,31738,31277,31605,31703,31300,31399,31735,31214,31407,31676,31411,31737,31637,31362,31537,31262,31466,31377,31466,31377,31222,31252,31434,31309,31705,31516,31563,31732,31740,31326,31252,31372,31342,31338,31475,31671,31569,31533,31719,31469,31475,31551,31628,31735,31300,31514,31582,31712,31412,31342,31635,31388,31272,31272,31578,31248,31679,31413,31731,31405,31234,31647,31493,31478,31589,31425,31293,31316,31643,31644,31452,31386,31244,31328,31366,31548,31458,31299,31746,31503,31442,31436,31348,31467,31548,31794,31205,31309,31727,31338,31734,31293,31492,31281,31546,31279,31436,31456,31450,31412,31211,31333,31440,31684,31636,31682,31326,31703,31382,31386,31426,31794,31365,31511,31358,31622,31273,31358,31781,31748,31739,31724,31703,31800,31243,31608,31652,31573,31494,31353,31691,31357,31285,31301,31406,31344,31278,31711,31472,31315,31299,31353,31318,31240,31650,31402,31576,31208,31347,31701,31691,31210,31783,31719,31252,31463,31447,31323,31550,31793,31352,31715,31770,31418,31742,31617,31507,31471,31492,31512,31611,31467,31258,31232,31505,31468,31729,31399,31394,31339,31393,31409,31401,31659,31309,31677,31228,31600,31800,31629,31444,31445,31549,31512,31275,31471,31360,31712,31552,31326,31290,31288,31253,31317,31739,31686,31390,31285,31624,31249,31423,31610,31304,31228,31746,31218,31554,31584,31533,31220,31626,31729,31224,31597,31306,31577,31351,31691,31286,31490,31533,31600,31721,31648,31247,31699,31735,31560,31211,31657,31233,31742,31426,31570,31377,31656,31709,31337,31521,31345,31538,31278,31488,31331,31397,31366,31676,31234,31346,31441,31266,31204,31618,31756,31391,31617,31629,31363,31298,31397,31445,31561,31686,31522,31588,31572,31600,31542,31344,31290,31769,31327,31410,31245,31425,31350,31790,31499,31245,31414,31651,31256,31267,31782,31580,31454,31432,31468,31220,31652,31620,31527,31412,31761,31477,31721,31339,31277,31276,31348,31423,31786,31462,31527,31568,31267,31327,31229,31227,31668,31703,31620,31482,31444,31721,31597,31720,31312,31667,31683,31508,31568,31224,31683,31573,31385,31640,31751,31607,31211,31230,31203,31313,31326,31500,31286,31255,31323,31597,31437,31246,31266,31484,31317,31487,31382,31316,31391,31537,31583,31410,31264,31472,31433,31777,31421,31534,31396,31616,31604,31392,31321,31332,31719,31539,31399,31458,31665,31279,31454,31570,31764,31692,31495,31758,31438,31412,31706,31284,31458,31629,31727,31770,31431,31478,31652,31732,31669,31559,31657,31438,31498,31253,31398,31442,31261,31696,31757,31735,31533,31592,31347,31770,31528,31376,31636,31779,31318,31289,31253,31546,31656,31398,31537,31287,31250,31626,31299,31533,31711,31281,31382,31740,31204,31314,31612,31355,31280,31549,31370,31442,31773,31683,31710,31411,31474,31555,31596,31725,31353,31224,31396,31778,31605,31453,31515,31799,31287,31243,31686,31393,31578,31389,31613,31423,31288,31725,31653,31224,31326,31631,31760,31480,31735,31676,31540,31366,31466,31624,31456,31704,31439,31745,31593,31765,31767,31591,31567,31369,31694,31438,31429,31314,31691,31517,31525,31673,31472,31730,31726,31703,31517,31216,31571,31391,31282,31225,31501,31650,31232,31687,31725,31350,31739,31484,31319,31606,31290,31598,31366,31390,31726,31784,31648,31405,31442,31281,31395,31653,31717,31313,31492,31236,31565,31714,31422,31650,31243,31690,31742,31355,31737,31509,31621,31776,31768,31334,31607,31428,31250,31640,31696,31306,31531,31671,31503,31233,31758,31696,31272,31557,31534,31370,31331,31562,31488,31286,31270,31483,31665,31270,31214,31791,31331,31607,31636,31593,31663,31474,31226,31564,31348,31353,31434,31228,31351,31344,31240,31310,31602,31389,31286,31454,31547,31679,31624,31423,31642,31549,31209,31473,31431,31303,31238,31500,31643,31682,31503,31244,31382,31224,31431,31796,31744,31561,31386,31361,31217,31589,31312,31721,31552,31406,31324,31368,31746,31360,31386,31364,31321,31761,31567,31697,31632,31724,31720,31403,31506,31587,31253,31755,31720,31303,31336,31767,31475,31695,31341,31341,31572,31418,31619,31389,31704,31709,31626,31586,31787,31336,31275,31430,31411,31385,31214,31657,31352,31229,31245,31662,31781,31562,31361,31746,31701,31538,31244,31522,31322,31629,31458,31755,31541,31582,31543,31417,31231,31216,31796,31308,31585,31283,31592,31321,31480,31265,31548,31315,31476,31583,31740,31710,31214,31307,31705,31383,31293,31501,31631,31574,31639,31421,31393,31625,31596,31765,31423,31346,31286,31774,31697,31473,31349,31701,31521,31564,31329,31414,31213,31457,31363,31739,31476,31660,31464,31522,31351,31397,31253,31770,31696,31782,31312,31622,31552,31791,31648,31289,31566,31272,31435,31630,31697,31264,31737,31202,31570,31755,31752,31306,31405,31531,31464,31500,31498,31653,31596,31589,31219,31415,31364,31454,31449,31621,31369,31215,31209,31271,31548,31701,31208,31229,31745,31254,31507,31488,31591,31641,31665,31527,31742,31643,31286,31306,31659,31611,31309,31479,31271,31534,31389,31318,31502,31370,31582,31784,31288,31551,31680,31747,31686,31398,31255,31562,31788,31423,31228,31633,31501,31253,31232,31683,31694,31578,31692,31701,31325,31408,31222,31338,31658,31472,31618,31344,31728,31718,31500,31578,31617,31774,31390,31798,31618,31242,31789,31293,31430,31688,31251,31582,31787,31561,31489,31562,31202,31507,31347,31291,31491,31305,31350,31682,31577,31659,31507,31334,31570,31634,31701,31326,31675,31324,31732,31337,31253,31374,31661,31218,31558,31420,31509,31558,31212,31784,31657,31529,31533,31266,31679,31616,31552,31792,31406,31777,31423,31576,31669,31556,31587,31387,31303,31201,31629,31242,31769,31720,31335,31201,31672,31589,31486,31434,31795,31691,31711,31562,31440,31216,31243,31317,31316,31545,31799,31341,31243,31480,31656,31299,31515,31726,31531,31274,31231,31236,31408,31761,31262,31312,31617,31540,31341,31774,31538,31658,31272,31712,31207,31662,31454,31614,31479,31252,31205,31772,31653,31686,31735,31368,31344,31731,31256,31753,31658,31644,31769,31279,31528,31306,31313,31491,31795,31247,31401,31420,31687,31451,31596,31441,31436,31227,31673,31307,31422,31644,31461,31672,31747,31217,31762,31535,31203,31416,31562,31622,31430,31599,31424,31490,31330,31667,31415,31708,31728,31780,31609,31426,31549,31436,31205,31401,31752,31462,31221,31451,31560,31683,31472,31430,31413,31217,31489,31575,31314,31230,31336,31720,31665,31471,31359,31307,31566,31474,31676,31246,31266,31357,31313,31496,31295,31618,31502,31647,31248,31769,31412,31334,31345,31757,31767,31718,31663,31747,31613,31317,31371,31357,31368,31321,31637,31285,31341,31373,31619,31361,31766,31789,31212,31290,31690,31319,31674,31563,31735,31378,31406,31622,31269,31580,31214,31492,31771,31482,31355,31283,31587,31758,31775,31267,31684,31678,31662,31369,31656,31284,31269,31213,31442,31261,31756,31252,31609,31294,31333,31683,31230,31297,31565,31348,31454,31753,31649,31565,31608,31632,31593,31288,31691,31581,31326,31440,31663,31392,31240,31792,31544,31394,31248,31739,31496,31333,31561,31452,31631,31639,31670,31277,31791,31787,31482,31334,31586,31557,31347,31293,31628,31303,31377,31560,31506,31672,31239,31461,31355,31407,31577,31267,31544,31572,31397,31397,31216,31328,31573,31462,31409,31414,31290,31394,31656,31242,31605,31335,31280,31358,31584,31306,31418,31221,31346,31589,31574,31318,31755,31413,31534,31425,31662,31244,31599,31437,31705,31416,31336,31493,31202,31458,31410,31276,31259,31521,31605,31352,31799,31456,31668,31323,31761,31325,31556,31244,31478,31379,31244,31386,31405,31661,31247,31220,31267,31494,31427,31386,31546,31668,31593,31286,31609,31748,31754,31598,31269,31484,31601,31783,31407,31414,31724,31295,31219,31654,31242,31685,31599,31253,31761,31351,31549,31228,31725,31752,31390,31360,31509,31293,31800,31256,31528,31326,31302,31372,31319,31410,31254,31366,31316,31723,31588,31678,31301,31377,31233,31775,31600,31708,31276,31424,31374,31311,31344,31216,31237,31630,31679,31553,31622,31790,31474,31288,31772,31387,31495,31496,31493,31651,31798,31620,31243,31402,31422,31584,31250,31291,31758,31691,31480,31576,31714,31724,31704,31307,31377,31756,31587,31635,31562,31573,31644,31450,31358,31515,31416,31734,31430,31241,31246,31653,31499,31321,31748,31455,31714,31493,31259,31681,31475,31205,31257,31259,31269,31313,31716,31341,31335,31334,31776,31333,31312,31200,31752,31403,31505,31214,31594,31257,31454,31740,31664,31349,31476,31595,31536,31798,31353,31521,31760,31646,31659,31229,31761,31339,31383,31318,31322,31511,31567,31466,31764,31592,31205,31254,31377,31265,31641,31563,31250,31320,31661,31271,31571,31351,31464,31438,31382,31345,31228,31302,31318,31492,31369,31267,31657,31731,31442,31476,31238,31326,31280,31521,31348,31678,31452,31477,31585,31327,31387,31421,31673,31795,31704,31500,31249,31680,31236,31665,31212,31318,31775,31284,31563,31233,31385,31633,31241,31477,31715,31663,31660,31632,31224,31587,31685,31727,31415,31424,31304,31786,31757,31654,31293,31710,31329,31666,31267,31684,31426,31397,31747,31748,31497,31245,31704,31676,31308,31595,31601,31394,31725,31274,31519,31465,31528,31241,31380,31208,31756,31238,31744,31208,31389,31424,31386,31586,31377,31713,31275,31457,31537,31570,31702,31514,31272,31585,31357,31630,31431,31748,31570,31585,31204,31276,31657,31665,31272,31737,31498,31635,31245,31738,31267,31648,31542,31793,31322,31564,31519,31642,31798,31450,31210,31678,31593,31727,31267,31619,31347,31242,31749,31663,31544,31233,31341,31582,31469,31534,31351,31417,31756,31233,31711,31730,31746,31394,31656,31256,31459,31431,31603,31685,31500,31704,31366,31755,31272,31709,31250,31585,31316,31431,31509,31757,31371,31545,31219,31718,31311,31786,31535,31284,31764,31224,31698,31594,31579,31294,31713,31477,31530,31520,31264,31748,31397,31634,31647,31392,31221,31231,31364,31545,31261,31396,31465,31259,31292,31642,31384,31650,31334,31523,31316,31773,31550,31209,31281,31696,31527,31458,31658,31667,31208,31547,31581,31520,31327,31735,31212,31297,31427,31628,31627,31309,31793,31597,31345,31710,31474,31666,31493,31239,31633,31406,31766,31245,31522,31557,31498,31627,31662,31768,31262,31604,31550,31630,31703,31224,31448,31727,31536,31558,31549,31639,31698,31413,31365,31489,31543,31447,31642,31310,31504,31633,31782,31454,31271,31698,31237,31652,31299,31396,31537,31670,31213,31467,31535,31650,31365,31640,31439,31257,31247,31610,31472,31511,31465,31657,31574,31370,31510,31232,31622,31682,31531,31580,31670,31284,31624,31248,31483,31448,31567,31429,31235,31583,31443,31793,31700,31237,31792,31418,31676,31467,31627,31573,31480,31446,31311,31205,31301,31492,31634,31534,31725,31375,31413,31483,31749,31302,31490,31772,31416,31280,31366,31379,31656,31389,31555,31721,31639,31242,31223,31223,31256,31640,31326,31681,31461,31429,31794,31251,31670,31253,31265,31714,31286,31367,31490,31636,31284,31487,31218,31203,31398,31331,31686,31249,31689,31277,31562,31429,31566,31522,31270,31630,31381,31788,31379,31377,31626,31523,31550,31553,31279,31489,31583,31698,31377,31251,31543,31711,31719,31717,31560,31235,31463,31571,31669,31554,31708,31228,31796,31565,31368,31503,31265,31383,31785,31764,31247,31211,31594,31511,31280,31269,31298,31266,31780,31276,31507,31321,31289,31713,31768,31704,31589,31382,31728,31326,31379,31674,31231,31448,31672,31327,31621,31663,31349,31499,31703,31738,31392,31610,31599,31569,31720,31448,31349,31484,31652,31651,31784,31359,31522,31362,31408,31626,31635,31398,31644,31352,31759,31669,31727,31205,31334,31574,31284,31575,31425,31289,31644,31554,31703,31548,31350,31283,31334,31571,31743,31649,31797,31309,31588,31636,31227,31775,31603,31589,31716,31366,31285,31353,31582,31336,31434,31779,31395,31323,31357,31278,31555,31574,31263,31462,31208,31437,31561,31597,31226,31483,31341,31617,31360,31701,31612,31581,31669,31510,31364,31654,31505,31367,31565,31753,31420,31452,31288,31380,31796,31293,31659,31681,31774,31405,31578,31590,31323,31764,31531,31734,31547,31487,31634,31448,31586,31421,31284,31307,31681,31264,31239,31690,31732,31432,31274,31597,31493,31657,31724,31294,31525,31631,31745,31209,31671,31381,31359,31720,31485,31226,31631,31747,31411,31354,31362,31716,31320,31758,31430,31508,31685,31527,31350,31718,31477,31449,31591,31750,31795,31315,31312,31800,31739,31251,31437,31329,31719,31449,31360,31531,31321,31286,31796,31202,31729,31398,31279,31790,31492,31731,31494,31275,31363,31800,31600,31515,31444,31693,31202,31281,31760,31743,31291,31293,31444,31464,31482,31688,31468,31247,31548,31314,31512,31479,31719,31531,31697,31334,31576,31387,31384,31663,31738,31458,31576,31305,31214,31799,31341,31400,31309,31234,31515,31292,31675,31652,31261,31270,31730,31736,31314,31399,31705,31500,31399,31586,31234,31766,31784,31398,31612,31653,31538,31553,31725,31768,31429,31498,31760,31505,31396,31528,31543,31499,31400,31288,31345,31738,31257,31351,31273,31354,31506,31551,31372,31471,31411,31776,31749,31326,31590,31633,31295,31358,31361,31298,31209,31209,31528,31224,31746,31488,31498,31647,31330,31244,31670,31476,31631,31577,31455,31453,31642,31405,31542,31742,31787,31662,31486,31593,31739,31569,31481,31320,31494,31609,31305,31792,31605,31708,31695,31785,31573,31274,31585,31770,31729,31674,31485,31761,31450,31220,31374,31331,31316,31590,31233,31737,31567,31696,31576,31606,31771,31492,31674,31241,31290,31567,31677,31353,31500,31738,31208,31637,31346,31382,31401,31761,31561,31237,31517,31669,31725,31342,31793,31283,31414,31305,31774,31714,31274,31339,31208,31299,31536,31457,31789,31425,31233,31334,31627,31237,31453,31577,31491,31657,31529,31367,31595,31783,31771,31627,31556,31612,31685,31730,31503,31270,31349,31494,31360,31616,31490,31383,31604,31276,31368,31590,31268,31397,31424,31639,31299,31636,31773,31790,31330,31701,31486,31250,31663,31268,31722,31593,31243,31470,31374,31405,31750,31530,31347,31647,31540,31530,31255,31449,31343,31687,31778,31333,31611,31365,31388,31255,31672,31279,31630,31514,31728,31279,31445,31582,31603,31564,31686,31671,31790,31201,31444,31793,31295,31421,31519,31420,31575,31622,31625,31456,31751,31312,31611,31653,31614,31467,31477,31545,31434,31526,31622,31648,31727,31607,31324,31624,31508,31594,31414,31490,31211,31608,31768,31358,31695,31358,31517,31204,31788,31259,31606,31793,31634,31624,31701,31778,31373,31206,31345,31304,31262,31410,31451,31239,31424,31741,31798,31363,31786,31568,31328,31328,31620,31718,31458,31624,31364,31661,31457,31412,31336,31500,31285,31627,31519,31773,31485,31574,31673,31500,31288,31732,31412,31469,31267,31253,31648,31498,31482,31354,31399,31337,31591,31244,31255,31685,31477,31613,31524,31561,31522,31612,31624,31646,31394,31492,31323,31236,31550,31604,31444,31688,31694,31307,31609,31520,31560,31528,31398,31533,31378,31267,31799,31287,31222,31256,31518,31631,31445,31788,31626,31381,31397,31701,31329,31331,31655,31532,31738,31465,31548,31319,31563,31241,31328,31794,31590,31792,31705,31490,31619,31207,31483,31397,31253,31333,31695,31642,31238,31270,31394,31621,31277,31567,31459,31567,31375,31643,31629,31249,31506,31255,31407,31713,31387,31218,31732,31654,31779,31450,31755,31473,31257,31249,31774,31713,31261,31277,31575,31542,31471,31690,31447,31770,31739,31308,31618,31244,31597,31658,31425,31796,31717,31737,31717,31716,31737,31589,31771,31463,31565,31787,31302,31206,31768,31234,31610,31678,31400,31637,31582,31593,31663,31622,31485,31339,31780,31626,31443,31610,31559,31557,31341,31302,31437,31443,31235,31291,31780,31447,31276,31684,31447,31708,31214,31389,31566,31543,31589,31421,31481,31799,31441,31579,31473,31253,31460,31447,31642,31544,31378,31670,31260,31727,31564,31690,31646,31755,31582,31608,31350,31395,31684,31752,31460,31273,31380,31481,31678,31684,31364,31526,31667,31517,31501,31685,31291,31299,31621,31332,31366,31372,31458,31782,31534,31537,31217,31608,31691,31451,31595,31599,31749,31658,31659,31787,31271,31398,31610,31607,31434,31295,31481,31372,31445,31259,31481,31369,31691,31280,31235,31342,31605,31414,31389,31468,31277,31237,31285,31524,31757,31265,31607,31400,31770,31464,31557,31442,31519,31715,31240,31331,31425,31319,31286,31288,31526,31702,31297,31213,31272,31408,31319,31676,31425,31738,31384,31724,31560,31226,31567,31573,31334,31681,31393,31584,31217,31716,31477,31766,31253,31690,31427,31435,31599,31319,31277,31440,31685,31522,31451,31747,31446,31264,31674,31332,31697,31419,31646,31787,31239,31433,31536,31637,31724,31337,31520,31329,31578,31660,31747,31385,31504,31797,31209,31412,31440,31634,31340,31375,31360,31764,31767,31394,31293,31570,31288,31413,31482,31459,31733,31582,31592,31406,31535,31308,31740,31332,31602,31612,31215,31584,31285,31444,31566,31353,31578,31215,31395,31515,31344,31795,31765,31323,31457,31578,31559,31489,31223,31529,31751,31371,31655,31735,31236,31582,31614,31312,31474,31317,31518,31561,31682,31384,31694,31293,31785,31448,31458,31634,31536,31284,31423,31422,31294,31499,31583,31313,31618,31392,31505,31336,31605,31665,31781,31476,31679,31667,31284,31423,31709,31253,31314,31255,31257,31610,31303,31787,31399,31298,31262,31681,31692,31553,31722,31516,31243,31230,31455,31679,31731,31330,31297,31231,31279,31725,31629,31480,31481,31730,31531,31506,31646,31292,31789,31794,31242,31691,31598,31588,31558,31397,31605,31430,31454,31387,31396,31327,31581,31636,31739,31225,31489,31607,31348,31519,31358,31278,31358,31391,31622,31516,31390,31563,31722,31682,31299,31727,31425,31647,31697,31706,31286,31357,31212,31506,31555,31232,31692,31449,31554,31201,31310,31251,31477,31684,31627,31685,31782,31248,31647,31545,31511,31710,31489,31498,31518,31686,31658,31349,31264,31616,31277,31767,31698,31446,31533,31572,31499,31334,31529,31591,31353,31476,31230,31374,31575,31399,31545,31368,31606,31485,31207,31540,31423,31429,31571,31675,31297,31732,31328,31311,31720,31205,31795,31681,31335,31649,31581,31699,31296,31629,31571,31218,31334,31288,31334,31201,31531,31472,31457,31293,31737,31588,31257,31303,31567,31308,31641,31751,31691,31583,31661,31239,31253,31464,31796,31708,31734,31414,31461,31535,31590,31778,31200,31788,31296,31286,31298,31338,31619,31315,31703,31247,31500,31579,31666,31586,31423,31251,31581,31309,31379,31486,31795,31461,31685,31769,31589,31573,31263,31316,31671,31250,31291,31306,31488,31595,31506,31204,31632,31650,31505,31495,31476,31243,31303,31328,31679,31740,31696,31579,31621,31674,31215,31336,31308,31692,31546,31576,31359,31474,31402,31743,31557,31570,31775,31206,31660,31336,31484,31605,31717,31466,31375,31395,31490,31255,31658,31624,31586,31247,31418,31261,31532,31442,31331,31244,31451,31232,31516,31438,31263,31266,31607,31549,31211,31311,31694,31763,31231,31404,31769,31448,31263,31302,31763,31639,31544,31294,31603,31568,31508,31749,31237,31314,31208,31478,31513,31467,31706,31259,31580,31752,31639,31713,31608,31736,31697,31368,31591,31624,31442,31678,31607,31315,31558,31583,31321,31613,31724,31617,31781,31658,31654,31461,31598,31647,31295,31794,31603,31329,31629,31537,31560,31653,31702,31354,31275,31607,31289,31272,31338,31641,31325,31745,31507,31673,31249,31422,31773,31590,31576,31574,31722,31511,31316,31767,31672,31500,31408,31523,31703,31659,31762,31318,31385,31461,31374,31606,31203,31625,31276,31557,31643,31598,31578,31399,31677,31291,31608,31589,31405,31576,31257,31674,31317,31343,31577,31690,31555,31240,31322,31523,31293,31747,31398,31494,31698,31541,31296,31292,31209,31554,31514,31610,31300,31551,31796,31396,31711,31777,31644,31376,31771,31347,31516,31391,31750,31789,31711,31208,31291,31401,31635,31521,31227,31284,31366,31537,31690,31422,31379,31276,31686,31760,31675,31346,31554,31486,31747,31697,31347,31370,31582,31245,31741,31715,31632,31536,31560,31250,31493,31800,31750,31427,31588,31371,31401,31655,31553,31511,31463,31715,31494,31211,31561,31558,31323,31703,31242,31565,31239,31690,31411,31481,31425,31326,31576,31515,31211,31240,31790,31598,31269,31235,31602,31758,31609,31269,31316,31649,31764,31319,31548,31455,31385,31208,31338,31617,31273,31394,31681,31454,31566,31738,31699,31408,31373,31702,31576,31679,31729,31533,31341,31737,31625,31427,31646,31454,31329,31251,31599,31367,31276,31751,31394,31492,31246,31464,31307,31541,31480,31462,31626,31287,31400,31389,31369,31488,31497,31569,31700,31361,31489,31204,31706,31217,31757,31642,31644,31323,31306,31320,31495,31539,31422,31213,31520,31339,31349,31283,31365,31491,31754,31523,31443,31660,31490,31304,31513,31776,31201,31340,31421,31349,31470,31316,31359,31470,31299,31448,31606,31447,31523,31667,31608,31212,31305,31633,31212,31536,31332,31380,31238,31582,31618,31225,31571,31553,31692,31695,31215,31342,31790,31765,31458,31329,31738,31234,31340,31503,31232,31500,31250,31751,31523,31796,31441,31763,31282,31268,31387,31584,31457,31544,31324,31716,31632,31277,31494,31793,31638,31732,31704,31236,31463,31346,31604,31751,31589,31672,31462,31501,31307,31365,31752,31519,31643,31336,31482,31606,31619,31786,31283,31673,31349,31282,31486,31360,31248,31796,31203,31231,31331,31514,31767,31487,31422,31794,31569,31229,31684,31624,31408,31509,31227,31522,31562,31571,31243,31383,31700,31329,31685,31421,31741,31340,31781,31501,31551,31296,31400,31387,31672,31461,31704,31581,31435,31540,31453,31773,31397,31474,31499,31719,31495,31433,31556,31401,31327,31217,31390,31627,31733,31341,31607,31394,31497,31268,31609,31594,31518,31478,31677,31778,31644,31724,31447,31203,31388,31291,31657,31600,31497,31790,31265,31507,31365,31768,31326,31582,31569,31795,31338,31627,31594,31545,31207,31525,31739,31656,31439,31246,31557,31641,31661,31549,31732,31665,31708,31425,31338,31276,31323,31759,31425,31400,31533,31622,31654,31318,31501,31316,31607,31228,31637,31507,31367,31354,31700,31330,31425,31258,31437,31263,31294,31323,31607,31234,31686,31245,31349,31450,31532,31544,31530,31528,31520,31282,31676,31345,31724,31554,31210,31701,31477,31463,31269,31529,31750,31543,31393,31352,31368,31394,31634,31534,31773,31224,31646,31253,31410,31550,31678,31338,31666,31742,31725,31350,31357,31436,31696,31579,31540,31386,31773,31744,31335,31566,31493,31638,31571,31455,31692,31791,31580,31261,31772,31418,31733,31465,31253,31385,31471,31568,31604,31732,31731,31385,31338,31517,31587,31713,31761,31735,31706,31563,31434,31512,31507,31206,31383,31675,31437,31617,31571,31336,31289,31345,31586,31475,31447,31662,31696,31517,31435,31338,31233,31269,31401,31608,31224,31625,31412,31593,31682,31642,31518,31418,31749,31735,31456,31700,31637,31544,31393,31603,31321,31657,31453,31487,31626,31791,31743,31748,31324,31442,31800,31277,31562,31613,31317,31702,31706,31216,31372,31352,31358,31672,31242,31265,31513,31321,31319,31522,31537,31719,31278,31205,31451,31370,31506,31486,31277,31602,31517,31384,31216,31287,31344,31490,31517,31588,31421,31692,31524,31421,31310,31295,31312,31446,31676,31334,31493,31293,31448,31560,31413,31214,31405,31519,31252,31246,31617,31282,31236,31782,31785,31594,31745,31775,31641,31708,31365,31783,31240,31533,31513,31628,31260,31514,31290,31468,31206,31778,31411,31653,31311,31590,31592,31541,31217,31456,31491,31394,31696,31652,31323,31258,31273,31741,31242,31635,31742,31217,31643,31531,31685,31681,31794,31555,31609,31362,31688,31660,31337,31250,31493,31749,31428,31345,31208,31599,31356,31497,31604,31725,31285,31537,31418,31561,31225,31652,31585,31681,31239,31403,31468,31722,31296,31460,31473,31613,31422,31223,31668,31540,31727,31765,31266,31272,31353,31656,31773,31621,31580,31679,31414,31306,31611,31541,31394,31231,31791,31724,31773,31759,31485,31674,31349,31770,31731,31738,31647,31506,31457,31758,31641,31397,31671,31322,31753,31752,31233,31741,31780,31380,31596,31348,31691,31266,31741,31401,31563,31267,31792,31368,31342,31552,31626,31332,31723,31526,31688,31326,31714,31351,31533,31723,31704,31323,31582,31504,31282,31343,31496,31579,31657,31338,31657,31529,31586,31705,31505,31554,31632,31784,31543,31331,31564,31382,31527,31343,31681,31789,31680,31319,31649,31373,31341,31421,31472,31425,31654,31527,31389,31302,31691,31244,31270,31392,31520,31565,31311,31556,31507,31304,31787,31393,31629,31266,31397,31786,31544,31551,31605,31527,31706,31545,31272,31462,31576,31379,31376,31787,31657,31415,31502,31436,31256,31654,31451,31474,31537,31487,31508,31291,31333,31594,31603,31500,31496,31466,31471,31508,31277,31266,31683,31596,31230,31290,31775,31680,31485,31351,31548,31618,31509,31615,31685,31648,31337,31627,31766,31487,31459,31544,31715,31726,31555,31458,31781,31529,31635,31404,31518,31508,31703,31647,31762,31306,31348,31258,31689,31285,31258,31266,31514,31214,31719,31334,31456,31531,31358,31427,31500,31420,31718,31546,31272,31770,31705,31737,31713,31598,31483,31215,31636,31297,31610,31264,31282,31600,31520,31632,31428,31630,31281,31338,31648,31528,31614,31201,31486,31280,31275,31735,31259,31746,31750,31232,31765,31800,31309,31588,31505,31349,31482,31574,31419,31768,31520,31761,31372,31245,31422,31585,31386,31652,31544,31717,31739,31792,31367,31396,31534,31231,31326,31418,31252,31501,31741,31653,31360,31300,31795,31306,31348,31357,31362,31637,31611,31463,31756,31337,31388,31253,31459,31215,31662,31739,31209,31796,31492,31720,31630,31219,31244,31619,31467,31348,31584,31215,31649,31751,31627,31217,31481,31752,31792,31237,31644,31515,31469,31252,31486,31395,31279,31458,31598,31208,31451,31221,31273,31425,31212,31458,31731,31434,31750,31454,31221,31424,31759,31225,31244,31616,31585,31628,31397,31201,31772,31355,31678,31628,31453,31437,31580,31627,31400,31377,31255,31580,31657,31593,31543,31439,31607,31665,31202,31488,31794,31635,31345,31680,31511,31537,31653,31571,31416,31505,31396,31338,31765,31727,31686,31601,31312,31537,31797,31278,31700,31291,31483,31383,31717,31790,31603,31408,31614,31498,31392,31651,31653,31485,31284,31482,31235,31308,31781,31244,31587,31495,31659,31480,31395,31734,31211,31592,31260,31296,31503,31697,31576,31213,31609,31672,31349,31740,31547,31498,31680,31277,31632,31331,31451,31572,31422,31367,31624,31204,31243,31418,31386,31525,31548,31464,31450,31299,31619,31454,31345,31554,31688,31477,31390,31261,31439,31527,31365,31469,31240,31242,31716,31431,31460,31472,31475,31222,31662,31645,31635,31282,31459,31229,31709,31614,31302,31351,31445,31291,31607,31480,31693,31783,31481,31484,31269,31768,31353,31313,31770,31641,31734,31606,31589,31565,31577,31688,31700,31290,31796,31777,31611,31293,31273,31690,31682,31599,31262,31432,31207,31399,31381,31340,31611,31769,31312,31490,31617,31604,31360,31506,31510,31367,31474,31411,31233,31574,31277,31398,31562,31457,31223,31207,31699,31635,31567,31486,31200,31370,31485,31291,31449,31466,31218,31720,31484,31268,31704,31652,31497,31734,31274,31398,31202,31764,31373,31493,31695,31725,31283,31513,31395,31254,31387,31486,31679,31248,31330,31541,31600,31269,31536,31730,31748,31314,31260,31659,31490,31412,31383,31448,31624,31381,31416,31213,31271,31786,31639,31768,31788,31478,31720,31540,31734,31253,31690,31650,31245,31618,31502,31770,31414,31692,31668,31675,31636,31392,31458,31484,31446,31229,31655,31466,31729,31211,31361,31643,31419,31327,31776,31480,31383,31287,31552,31748,31654,31460,31212,31620,31688,31620,31219,31347,31284,31686,31748,31680,31792,31629,31310,31788,31478,31726,31227,31465,31212,31204,31797,31585,31496,31767,31420,31322,31342,31518,31618,31797,31344,31201,31662,31389,31652,31720,31769,31727,31329,31476,31480,31491,31463,31359,31649,31698,31496,31690,31577,31532,31722,31492,31468,31745,31340,31304,31686,31231,31379,31269,31504,31312,31473,31631,31334,31774,31741,31752,31227,31488,31315,31298,31527,31487,31709,31556,31455,31299,31779,31600,31249,31795,31300,31633,31247,31698,31391,31257,31532,31557,31762,31788,31676,31582,31383,31266,31557,31335,31414,31418,31345,31795,31630,31424,31787,31447,31705,31580,31393,31791,31259,31411,31384,31200,31274,31591,31562,31311,31662,31303,31713,31467,31244,31357,31588,31486,31225,31502,31266,31663,31688,31261,31393,31234,31411,31614,31290,31592,31585,31647,31586,31316,31286,31221,31212,31415,31450,31697,31455,31617,31468,31409,31526,31548,31737,31597,31556,31508,31266,31454,31419,31780,31631,31327,31545,31644,31442,31382,31702,31395,31286,31418,31767,31421,31735,31681,31791,31337,31315,31275,31518,31279,31672,31707,31451,31348,31742,31463,31355,31422,31727,31753,31482,31746,31247,31237,31595,31425,31352,31701,31646,31430,31358,31459,31402,31257,31376,31707,31520,31272,31533,31775,31473,31436,31281,31643,31323,31567,31347,31321,31532,31624,31516,31580,31735,31753,31482,31251,31572,31486,31227,31538,31403,31412,31271,31554,31603,31433,31395,31349,31542,31780,31402,31487,31799,31709,31267,31698,31232,31748,31563,31569,31553,31391,31404,31273,31470,31443,31319,31399,31665,31452,31269,31378,31416,31303,31358,31298,31406,31643,31361,31410,31339,31483,31775,31335,31254,31693,31406,31413,31508,31456,31621,31753,31281,31584,31368,31482,31247,31760,31648,31283,31383,31276,31660,31534,31749,31325,31624,31491,31673,31407,31459,31305,31347,31543,31354,31553,31679,31416,31553,31380,31799,31768,31750,31523,31494,31255,31796,31655,31630,31704,31724,31721,31530,31675,31436,31633,31565,31702,31577,31292,31715,31600,31791,31578,31309,31706,31569,31347,31611,31703,31529,31570,31654,31297,31554,31508,31491,31500,31616,31379,31733,31627,31566,31562,31699,31457,31269,31415,31296,31203,31355,31554,31299,31522,31557,31519,31518,31487,31528,31723,31520,31424,31221,31320,31283,31343,31469,31422,31774,31622,31517,31466,31465,31454,31609,31217,31247,31404,31467,31314,31278,31648,31713,31653,31616,31275,31659,31485,31370,31237,31455,31721,31513,31531,31506,31660,31263,31750,31557,31742,31275,31595,31380,31350,31774,31224,31716,31723,31314,31607,31678,31331,31421,31426,31747,31721,31559,31214,31732,31438,31402,31750,31698,31628,31319,31345,31429,31623,31225,31734,31245,31709,31578,31596,31791,31486,31468,31255,31358,31708,31563,31569,31325,31329,31446,31793,31727,31318,31574,31425,31207,31516,31243,31268,31421,31540,31441,31748,31301,31592,31260,31752,31732,31747,31436,31441,31660,31336,31504,31448,31649,31622,31668,31260,31455,31427,31508,31435,31540,31442,31474,31282,31543,31794,31553,31473,31524,31610,31345,31545,31593,31798,31623,31621,31660,31337,31412,31500,31234,31402,31799,31402,31398,31468,31517,31438,31346,31294,31659,31552,31420,31603,31399,31571,31614,31469,31613,31257,31709,31489,31547,31387,31387,31446,31773,31587,31241,31299,31632,31331,31245,31347,31214,31548,31415,31208,31312,31306,31719,31489,31218,31417,31681,31274,31587,31482,31256,31338,31393,31577,31434,31762,31454,31480,31349,31736,31464,31285,31723,31525,31392,31483,31685,31521,31565,31770,31652,31225,31511,31443,31644,31526,31610,31375,31634,31392,31623,31423,31591,31650,31618,31759,31728,31220,31782,31633,31561,31352,31694,31698,31548,31561,31456,31592,31397,31561,31283,31571,31473,31256,31602,31315,31511,31763,31438,31264,31719,31497,31522,31367,31712,31269,31527,31668,31609,31552,31223,31783,31657,31620,31292,31365,31328,31571,31475,31451,31540,31390,31736,31639,31292,31408,31681,31396,31575,31617,31428,31502,31763,31203,31633,31220,31452,31666,31777,31276,31355,31631,31616,31546,31690,31411,31794,31542,31229,31607,31597,31266,31420,31362,31268,31773,31205,31429,31427,31390,31261,31445,31642,31502,31266,31618,31784,31300,31755,31232,31637,31608,31349,31274,31375,31716,31355,31222,31750,31647,31514,31413,31693,31582,31701,31287,31266,31472,31570,31511,31284,31512,31792,31577,31227,31266,31602,31359,31308,31578,31623,31259,31555,31680,31618,31280,31727,31717,31345,31306,31768,31398,31200,31772,31545,31774,31586,31263,31396,31718,31626,31390,31239,31609,31470,31739,31542,31577,31259,31584,31581,31331,31616,31289,31242,31346,31321,31468,31723,31311,31432,31782,31663,31465,31497,31313,31345,31518,31355,31579,31764,31340,31681,31335,31320,31780,31684,31737,31395,31541,31796,31699,31243,31414,31614,31511,31255,31492,31568,31290,31588,31617,31473,31664,31487,31495,31243,31666,31722,31419,31271,31361,31710,31419,31704,31422,31781,31660,31337,31363,31732,31259,31782,31784,31427,31214,31453,31228,31509,31520,31221,31604,31474,31418,31464,31558,31692,31683,31381,31582,31481,31703,31209,31387,31228,31372,31668,31615,31613,31672,31469,31214,31430,31440,31342,31657,31535,31648,31568,31616,31310,31532,31495,31712,31349,31507,31312,31675,31771,31517,31784,31654,31570,31506,31683,31464,31703,31695,31232,31244,31630,31411,31575,31231,31344,31688,31610,31501,31277,31363,31716,31341,31559,31585,31425,31633,31307,31738,31562,31640,31660,31711,31285,31342,31474,31652,31286,31693,31571,31309,31489,31291,31669,31320,31666,31506,31416,31270,31304,31705,31763,31394,31616,31492,31587,31724,31251,31727,31491,31204,31668,31346,31520,31412,31266,31403,31599,31333,31479,31664,31332,31227,31565,31225,31660,31462,31339,31302,31314,31331,31414,31217,31744,31213,31678,31326,31284,31655,31531,31526,31469,31505,31609,31435,31356,31329,31498,31566,31316,31794,31605,31252,31364,31480,31504,31522,31349,31226,31215,31703,31443,31219,31308,31250,31628,31621,31568,31459,31355,31345,31522,31781,31795,31390,31203,31293,31714,31660,31563,31623,31353,31203,31427,31501,31227,31484,31350,31540,31618,31750,31476,31338,31473,31216,31693,31631,31645,31319,31722,31654,31455,31603,31460,31779,31625,31382,31641,31219,31615,31201,31529,31634,31402,31308,31434,31366,31230,31581,31536,31420,31370,31380,31761,31711,31418,31386,31515,31693,31554,31624,31290,31310,31431,31594,31403,31688,31481,31556,31634,31412,31346,31717,31354,31758,31250,31346,31307,31707,31322,31387,31560,31337,31264,31530,31757,31687,31369,31599,31326,31703,31368,31539,31259,31396,31201,31682,31531,31670,31551,31562,31294,31613,31649,31505,31683,31288,31579,31691,31551,31345,31748,31331,31257,31670,31746,31495,31611,31574,31271,31797,31392,31781,31359,31721,31291,31238,31234,31554,31511,31724,31636,31631,31564,31269,31345,31437,31433,31463,31414,31735,31322,31420,31561,31474,31373,31781,31794,31263,31294,31642,31258,31432,31694,31784,31212,31439,31424,31794,31373,31323,31493,31765,31281,31568,31548,31396,31263,31555,31474,31780,31609,31300,31389,31608,31454,31443,31677,31408,31293,31286,31434,31592,31663,31784,31268,31305,31326,31771,31225,31597,31323,31423,31784,31291,31711,31647,31495,31666,31597,31413,31268,31754,31562,31448,31282,31659,31431,31232,31347,31570,31326,31288,31256,31249,31414,31347,31262,31515,31570,31317,31381,31286,31726,31573,31547,31428,31625,31358,31515,31376,31707,31225,31667,31740,31671,31490,31608,31291,31466,31202,31465,31534,31538,31685,31257,31556,31707,31725,31580,31260,31274,31523,31779,31458,31725,31459,31639,31242,31407,31615,31513,31499,31254,31392,31797,31396,31756,31327,31346,31207,31335,31458,31743,31791,31751,31431,31238,31203,31359,31329,31207,31680,31608,31650,31408,31800,31386,31262,31418,31576,31370,31619,31298,31516,31571,31633,31387,31404,31452,31381,31588,31274,31551,31241,31791,31763,31708,31270,31642,31594,31259,31428,31277,31278,31223,31249,31668,31615,31670,31345,31296,31270,31474,31370,31331,31310,31672,31647,31646,31726,31746,31737,31272,31282,31265,31317,31314,31705,31274,31593,31698,31721,31392,31372,31755,31447,31508,31378,31563,31445,31696,31502,31297,31247,31495,31620,31360,31470,31449,31669,31640,31238,31468,31790,31373,31384,31501,31380,31209,31397,31701,31340,31263,31224,31710,31501,31562,31779,31314,31441,31787,31316,31441,31775,31267,31520,31584,31782,31368,31239,31366,31216,31697,31685,31665,31561,31373,31370,31450,31589,31230,31681,31445,31772,31398,31509,31274,31410,31503,31572,31287,31762,31370,31441,31240,31446,31341,31441,31685,31716,31672,31356,31391,31420,31418,31758,31294,31724,31510,31677,31239,31372,31741,31646,31744,31531,31577,31655,31739,31727,31645,31303,31237,31569,31607,31496,31309,31648,31312,31729,31224,31688,31254,31642,31447,31378,31222,31698,31493,31317,31272,31274,31643,31800,31686,31593,31295,31556,31412,31254,31219,31487,31226,31653,31291,31594,31505,31399,31661,31453,31261,31530,31605,31659,31264,31547,31675,31769,31721,31205,31646,31506,31492,31539,31455,31778,31641,31224,31389,31269,31394,31563,31340,31320,31796,31233,31569,31335,31290,31533,31657,31348,31647,31681,31544,31574,31306,31661,31265,31325,31419,31588,31220,31444,31612,31546,31264,31468,31268,31744,31428,31475,31544,31418,31525,31422,31234,31794,31339,31414,31359,31570,31576,31259,31745,31333,31623,31694,31202,31476,31589,31466,31691,31619,31785,31324,31542,31780,31781,31262,31284,31777,31507,31255,31732,31359,31792,31266,31686,31521,31723,31657,31404,31645,31288,31728,31393,31292,31277,31315,31740,31233,31716,31588,31474,31719,31519,31651,31500,31285,31767,31514,31244,31424,31543,31240,31301,31430,31529,31593,31282,31508,31315,31248,31771,31261,31678,31476,31470,31322,31567,31738,31613,31302,31521,31636,31240,31769,31559,31670,31400,31603,31780,31394,31373,31528,31498,31641,31508,31789,31346,31632,31693,31264,31639,31668,31344,31438,31434,31679,31364,31698,31374,31668,31688,31779,31683,31793,31478,31652,31605,31244,31640,31761,31325,31602,31619,31715,31395,31595,31780,31642,31578,31392,31240,31639,31472,31311,31344,31789,31567,31360,31391,31324,31463,31747,31289,31601,31317,31716,31593,31654,31774,31411,31774,31483,31721,31278,31545,31336,31475,31568,31373,31463,31788,31696,31272,31595,31488,31396,31515,31683,31781,31750,31622,31634,31408,31578,31734,31274,31327,31446,31605,31556,31221,31741,31548,31552,31390,31500,31789,31570,31493,31302,31783,31305,31489,31338,31690,31445,31455,31243,31600,31445,31406,31540,31625,31531,31596,31562,31321,31410,31542,31349,31606,31269,31688,31383,31605,31520,31277,31386,31586,31719,31571,31422,31397,31496,31450,31435,31544,31298,31530,31361,31576,31738,31717,31252,31219,31340,31455,31654,31252,31722,31541,31707,31584,31320,31330,31274,31554,31422,31673,31377,31676,31321,31754,31266,31538,31551,31419,31370,31470,31426,31701,31708,31447,31662,31596,31322,31546,31355,31633,31632,31682,31259,31556,31512,31640,31381,31605,31727,31352,31799,31687,31770,31502,31414,31396,31353,31411,31337,31589,31349,31541,31563,31210,31307,31286,31374,31558,31258,31408,31756,31444,31215,31262,31431,31606,31445,31242,31213,31789,31245,31274,31573,31319,31295,31739,31554,31554,31288,31800,31479,31572,31281,31697,31498,31400,31482,31598,31659,31649,31267,31619,31597,31607,31433,31217,31526,31611,31433,31475,31298,31396,31276,31332,31473,31701,31293,31318,31362,31218,31667,31525,31368,31703,31793,31517,31380,31241,31668,31622,31556,31692,31440,31330,31622,31499,31405,31475,31509,31457,31647,31645,31636,31405,31401,31749,31409,31630,31624,31509,31377,31225,31264,31228,31562,31672,31386,31423,31605,31751,31705,31707,31259,31503,31683,31725,31667,31625,31214,31753,31276,31427,31317,31235,31702,31573,31609,31258,31411,31202,31306,31393,31528,31446,31320,31201,31746,31713,31254,31676,31238,31741,31227,31416,31556,31246,31657,31722,31784,31655,31351,31720,31726,31776,31310,31534,31440,31534,31767,31561,31705,31683,31777,31212,31445,31226,31799,31383,31488,31544,31306,31482,31201,31253,31295,31487,31684,31677,31511,31264,31680,31783,31603,31560,31725,31629,31432,31408,31420,31613,31437,31288,31664,31580,31277,31413,31766,31463,31563,31210,31687,31677,31334,31755,31587,31651,31385,31245,31661,31237,31401,31326,31459,31444,31338,31774,31788,31695,31453,31410,31541,31665,31623,31759,31539,31450,31285,31225,31436,31589,31684,31584,31375,31272,31261,31607,31270,31421,31673,31717,31359,31444,31215,31438,31381,31576,31401,31744,31720,31349,31226,31456,31375,31600,31773,31614,31711,31674,31769,31243,31353,31498,31441,31619,31777,31603,31375,31702,31437,31462,31708,31726,31381,31425,31357,31569,31601,31487,31511,31768,31338,31757,31494,31396,31504,31227,31300,31380,31261,31494,31605,31308,31382,31550,31212,31672,31354,31409,31510,31540,31630,31652,31636,31217,31424,31800,31396,31584,31736,31484,31305,31416,31793,31741,31673,31317,31210,31616,31563,31678,31332,31551,31628,31508,31211,31394,31292,31415,31493,31775,31249,31557,31642,31761,31689,31544,31613,31476,31683,31387,31360,31306,31411,31665,31751,31767,31542,31503,31548,31685,31255,31507,31367,31341,31436,31512,31570,31745,31344,31490,31633,31559,31405,31209,31763,31337,31730,31416,31354,31543,31490,31244,31527,31302,31620,31507,31662,31735,31580,31393,31235,31577,31414,31258,31475,31531,31386,31592,31205,31324,31421,31719,31390,31579,31229,31272,31763,31416,31709,31206,31699,31414,31613,31327,31581,31352,31411,31782,31207,31248,31659,31404,31215,31651,31441,31410,31457,31561,31361,31565,31505,31460,31610,31637,31400,31315,31229,31439,31620,31528,31365,31709,31515,31354,31340,31733,31201,31321,31414,31620,31202,31783,31602,31360,31788,31217,31269,31687,31305,31347,31565,31701,31781,31251,31268,31782,31561,31682,31744,31220,31383,31465,31223,31312,31658,31217,31560,31521,31566,31683,31497,31703,31366,31548,31366,31718,31747,31535,31495,31466,31518,31715,31649,31364,31731,31384,31264,31202,31426,31510,31596,31463,31644,31441,31220,31389,31660,31563,31507,31354,31574,31503,31223,31380,31481,31624,31459,31282,31523,31708,31505,31728,31581,31662,31792,31314,31616,31522,31710,31235,31236,31355,31325,31670,31666,31629,31435,31588,31606,31659,31748,31269,31502,31330,31399,31280,31614,31476,31679,31354,31357,31287,31572,31540,31650,31718,31554,31261,31723,31415,31639,31300,31767,31428,31675,31365,31272,31326,31620,31708,31781,31543,31457,31333,31525,31498,31559,31435,31498,31245,31725,31605,31263,31473,31788,31674,31503,31760,31492,31681,31460,31727,31356,31582,31453,31628,31311,31215,31723,31448,31629,31684,31666,31296,31559,31206,31445,31329,31730,31511,31457,31505,31304,31391,31499,31349,31267,31542,31587,31541,31382,31562,31552,31392,31637,31726,31435,31724,31225,31696,31274,31557,31536,31749,31609,31255,31219,31712,31505,31738,31593,31671,31450,31645,31467,31552,31401,31623,31744,31719,31395,31279,31544,31789,31274,31597,31703,31269,31602,31673,31229,31771,31325,31297,31357,31289,31644,31453,31743,31758,31407,31503,31649,31406,31755,31382,31271,31367,31324,31631,31560,31446,31553,31435,31751,31373,31522,31727,31525,31288,31792,31256,31514,31765,31628,31344,31799,31654,31233,31279,31362,31686,31364,31326,31281,31457,31466,31628,31666,31439,31359,31611,31619,31687,31634,31233,31620,31729,31589,31284,31619,31560,31526,31668,31494,31208,31741,31319,31301,31678,31462,31358,31331,31282,31622,31408,31240,31425,31769,31743,31309,31750,31740,31759,31770,31419,31608,31263,31326,31211,31610,31768,31709,31403,31483,31477,31721,31422,31486,31672,31624,31777,31401,31258,31427,31651,31727,31592,31202,31236,31244,31373,31688,31648,31781,31682,31520,31588,31380,31722,31360,31644,31643,31667,31726,31630,31592,31285,31728,31719,31292,31502,31344,31302,31703,31543,31287,31486,31338,31334,31453,31719,31684,31282,31636,31790,31590,31744,31318,31343,31757,31355,31625,31218,31661,31299,31350,31464,31308,31557,31677,31630,31351,31603,31314,31477,31646,31245,31306,31615,31494,31498,31367,31584,31396,31710,31731,31292,31692,31514,31357,31598,31677,31611,31351,31207,31320,31555,31573,31682,31409,31758,31313,31624,31742,31709,31696,31334,31747,31570,31587,31453,31388,31411,31448,31428,31494,31216,31799,31388,31679,31787,31213,31597,31652,31621,31383,31704,31587,31330,31317,31367,31664,31525,31513,31603,31380,31711,31432,31520,31388,31418,31459,31414,31614,31390,31340,31650,31667,31600,31375,31782,31308,31263,31398,31709,31619,31649,31450,31731,31456,31760,31722,31385,31629,31573,31292,31408,31230,31284,31375,31322,31367,31693,31476,31223,31695,31444,31569,31271,31443,31658,31571,31227,31413,31548,31725,31719,31341,31219,31313,31381,31425,31785,31486,31386,31337,31421,31235,31262,31384,31497,31727,31715,31534,31770,31430,31677,31343,31516,31787,31200,31492,31526,31757,31523,31491,31393,31350,31453,31353,31491,31467,31318,31534,31703,31455,31504,31314,31309,31227,31207,31686,31765,31208,31757,31212,31330,31792,31616,31301,31600,31737,31441,31375,31691,31659,31633,31580,31519,31531,31675,31507,31731,31798,31442,31774,31623,31590,31774,31696,31225,31292,31780,31542,31750,31343,31270,31304,31780,31724,31250,31653,31435,31776,31724,31393,31390,31660,31746,31645,31623,31656,31225,31515,31695,31720,31663,31460,31745,31279,31742,31241,31649,31273,31239,31294,31697,31209,31478,31617,31457,31321,31448,31701,31701,31422,31452,31572,31316,31766,31386,31641,31672,31787,31594,31533,31279,31319,31295,31660,31717,31307,31319,31746,31437,31775,31560,31408,31345,31795,31701,31661,31312,31733,31258,31756,31258,31674,31765,31302,31209,31456,31740,31613,31469,31639,31262,31618,31490,31688,31650,31288,31379,31727,31645,31559,31783,31612,31677,31558,31525,31411,31380,31234,31269,31731,31248,31334,31387,31631,31592,31731,31768,31666,31260,31599,31300,31435,31369,31572,31792,31371,31624,31223,31509,31660,31726,31349,31365,31708,31468,31579,31567,31304,31372,31618,31296,31607,31738,31796,31203,31638,31728,31258,31665,31238,31544,31485,31416,31266,31444,31419,31724,31309,31207,31367,31547,31247,31352,31700,31688,31653,31200,31428,31678,31700,31379,31303,31405,31777,31706,31317,31760,31683,31289,31308,31321,31308,31291,31534,31231,31639,31700,31534,31501,31578,31593,31698,31376,31708,31709,31282,31533,31792,31547,31591,31595,31350,31569,31243,31715,31396,31791,31507,31533,31696,31703,31238,31542,31590,31740,31796,31272,31448,31335,31685,31585,31546,31382,31529,31291,31763,31509,31773,31708,31376,31306,31674,31590,31698,31714,31620,31635,31642,31688,31447,31454,31269,31269,31728,31417,31596,31688,31264,31303,31776,31606,31562,31223,31310,31590,31710,31608,31239,31719,31388,31591,31659,31276,31596,31431,31202,31714,31231,31798,31357,31776,31769,31591,31307,31456,31756,31543,31343,31324,31316,31261,31311,31398,31506,31796,31664,31309,31434,31768,31798,31700,31289,31401,31295,31351,31523,31448,31404,31704,31346,31698,31431,31394,31711,31533,31395,31397,31315,31376,31670,31425,31586,31733,31731,31250,31219,31447,31541,31580,31581,31213,31565,31679,31690,31579,31263,31443,31558,31439,31261,31493,31314,31491,31606,31380,31218,31664,31480,31698,31627,31739,31738,31240,31249,31475,31628,31371,31620,31267,31455,31656,31223,31743,31611,31509,31718,31522,31724,31766,31448,31576,31488,31467,31583,31256,31256,31283,31618,31301,31425,31676,31610,31320,31203,31767,31283,31514,31416,31618,31645,31549,31776,31797,31208,31688,31790,31624,31269,31720,31581,31735,31205,31203,31689,31656,31498,31598,31243,31726,31286,31404,31787,31609,31364,31600,31735,31765,31776,31566,31405,31410,31459,31414,31559,31372,31221,31421,31728,31500,31422,31701,31439,31227,31307,31227,31385,31491,31788,31745,31762,31304,31659,31617,31687,31585,31601,31533,31268,31463,31567,31663,31245,31650,31273,31688,31355,31378,31270,31556,31725,31640,31618,31767,31342,31573,31645,31758,31645,31594,31277,31647,31695,31329,31463,31574,31392,31600,31620,31626,31459,31700,31678,31262,31449,31339,31599,31611,31230,31776,31416,31666,31503,31568,31677,31595,31222,31529,31354,31257,31481,31484,31665,31626,31699,31235,31346,31632,31460,31269,31748,31429,31681,31667,31276,31489,31371,31629,31405,31630,31230,31265,31509,31603,31750,31314,31673,31284,31597,31310,31664,31315,31544,31758,31759,31468,31403,31780,31718,31526,31749,31359,31454,31563,31201,31445,31452,31793,31525,31408,31530,31792,31225,31361,31319,31544,31523,31539,31703,31548,31259,31311,31398,31604,31439,31344,31438,31673,31274,31692,31441,31653,31429,31656,31796,31244,31463,31340,31221,31365,31374,31396,31790,31488,31741,31341,31271,31734,31333,31480,31615,31337,31298,31584,31698,31285,31224,31730,31238,31539,31213,31615,31725,31696,31527,31321,31554,31260,31211,31705,31430,31607,31250,31567,31410,31569,31646,31784,31616,31534,31772,31305,31275,31451,31486,31581,31572,31593,31601,31588,31674,31605,31652,31493,31230,31611,31203,31611,31419,31610,31526,31212,31263,31581,31355,31481,31755,31376,31262,31742,31796,31542,31287,31218,31376,31425,31284,31292,31690,31759,31561,31670,31636,31548,31673,31241,31434,31371,31282,31272,31456,31234,31385,31249,31487,31742,31241,31768,31652,31792,31299,31389,31229,31675,31481,31522,31758,31271,31748,31483,31768,31643,31776,31237,31583,31307,31563,31691,31388,31243,31278,31246,31695,31431,31760,31372,31249,31455,31747,31726,31499,31292,31684,31786,31294,31584,31496,31229,31270,31467,31631,31219,31349,31767,31694,31713,31452,31461,31242,31789,31685,31609,31508,31618,31784,31376,31388,31343,31603,31206,31334,31237,31778,31734,31350,31384,31782,31624,31281,31325,31380,31500,31714,31662,31353,31696,31676,31435,31377,31601,31222,31702,31635,31656,31517,31335,31594,31350,31607,31799,31367,31794,31511,31250,31390,31535,31399,31775,31465,31740,31232,31468,31235,31666,31721,31212,31245,31421,31599,31614,31257,31720,31493,31515,31213,31255,31598,31608,31773,31518,31763,31730,31453,31755,31791,31475,31413,31441,31719,31489,31581,31774,31745,31262,31553,31737,31591,31605,31397,31203,31493,31664,31445,31681,31660,31709,31395,31253,31537,31541,31648,31644,31617,31292,31684,31754,31427,31510,31559,31401,31704,31513,31666,31776,31207,31576,31727,31783,31781,31565,31450,31273,31686,31493,31470,31474,31220,31708,31315,31709,31548,31783,31236,31240,31213,31697,31596,31435,31747,31779,31468,31567,31264,31561,31295,31324,31232,31469,31502,31203,31667,31458,31528,31446,31472,31390,31386,31548,31368,31649,31462,31534,31420,31477,31631,31249,31522,31421,31535,31401,31540,31606,31489,31799,31428,31225,31285,31771,31510,31589,31376,31677,31283,31606,31297,31548,31306,31259,31615,31557,31786,31691,31762,31745,31733,31278,31603,31435,31489,31684,31743,31776,31772,31644,31343,31758,31278,31527,31593,31532,31651,31350,31758,31738,31701,31268,31358,31463,31729,31559,31490,31706,31396,31593,31557,31526,31507,31696,31503,31407,31469,31495,31700,31454,31267,31302,31377,31275,31484,31221,31660,31466,31422,31465,31409,31748,31360,31397,31485,31683,31550,31471,31221,31733,31421,31256,31249,31661,31680,31266,31495,31643,31206,31620,31631,31282,31324,31564,31393,31208,31618,31745,31344,31302,31667,31452,31702,31357,31227,31789,31292,31739,31303,31327,31630,31464,31755,31326,31584,31591,31745,31263,31376,31549,31766,31215,31617,31550,31454,31611,31782,31537,31652,31270,31602,31220,31500,31768,31350,31294,31255,31604,31746,31296,31775,31405,31759,31536,31297,31649,31221,31584,31535,31628,31255,31587,31373,31662,31516,31270,31331,31424,31214,31416,31489,31248,31294,31595,31656,31249,31765,31431,31408,31662,31339,31356,31292,31537,31212,31669,31756,31356,31659,31422,31384,31766,31536,31754,31623,31430,31720,31639,31372,31249,31534,31379,31281,31531,31383,31552,31221,31680,31327,31754,31340,31499,31556,31774,31712,31381,31559,31545,31382,31633,31479,31439,31719,31244,31358,31572,31705,31656,31565,31336,31453,31378,31284,31371,31303,31682,31314,31459,31732,31250,31763,31560,31572,31392,31551,31790,31555,31527,31439,31304,31457,31420,31287,31640,31224,31247,31451,31259,31291,31494,31538,31275,31649,31582,31580,31658,31707,31302,31503,31486,31403,31235,31678,31217,31433,31783,31713,31408,31699,31710,31222,31785,31507,31567,31645,31611,31676,31356,31492,31341,31342,31638,31386,31439,31393,31288,31727,31405,31404,31738,31273,31209,31520,31663,31727,31279,31394,31713,31664,31610,31423,31607,31778,31520,31632,31719,31636,31540,31435,31774,31411,31257,31531,31509,31797,31732,31509,31563,31379,31405,31778,31383,31616,31555,31360,31515,31586,31242,31678,31667,31491,31595,31783,31742,31473,31272,31583,31394,31490,31439,31615,31563,31418,31774,31338,31678,31217,31376,31517,31762,31377,31706,31241,31379,31244,31543,31449,31427,31509,31416,31776,31349,31694,31727,31509,31757,31304,31566,31451,31236,31511,31441,31222,31548,31705,31425,31422,31333,31351,31635,31378,31741,31527,31200,31702,31378,31493,31547,31226,31496,31305,31450,31751,31792,31582,31241,31285,31440,31337,31559,31406,31399,31222,31713,31489,31224,31626,31741,31362,31296,31376,31377,31590,31616,31500,31598,31477,31209,31591,31362,31294,31748,31539,31324,31210,31432,31356,31800,31632,31764,31585,31344,31749,31310,31555,31349,31347,31566,31468,31336,31438,31259,31731,31444,31554,31574,31345,31212,31589,31538,31280,31658,31438,31693,31778,31529,31580,31537,31326,31279,31293,31555,31503,31680,31411,31491,31386,31335,31272,31631,31217,31703,31764,31346,31336,31580,31463,31426,31545,31571,31556,31605,31489,31669,31537,31333,31796,31250,31350,31794,31274,31213,31647,31227,31618,31380,31667,31605,31453,31221,31792,31733,31730,31402,31793,31620,31576,31778,31265,31706,31518,31300,31390,31398,31361,31756,31614,31747,31326,31564,31398,31764,31773,31578,31339,31361,31474,31304,31511,31550,31437,31319,31703,31629,31489,31490,31320,31669,31433,31449,31281,31247,31248,31678,31617,31300,31346,31436,31656,31584,31201,31359,31640,31509,31650,31203,31331,31684,31516,31601,31415,31632,31453,31326,31781,31488,31615,31773,31302,31344,31218,31405,31607,31357,31264,31693,31307,31707,31266,31621,31762,31390,31545,31676,31545,31637,31247,31636,31206,31641,31456,31518,31439,31547,31487,31795,31285,31499,31384,31594,31538,31689,31465,31416,31200,31217,31438,31715,31454,31777,31355,31398,31579,31698,31657,31484,31565,31359,31364,31331,31435,31239,31710,31634,31301,31590,31590,31498,31382,31308,31564,31521,31272,31752,31630,31795,31531,31318,31201,31493,31636,31257,31255,31262,31420,31371,31760,31313,31282,31651,31632,31573,31795,31618,31526,31438,31305,31698,31584,31791,31674,31723,31398,31443,31215,31563,31630,31463,31267,31474,31712,31276,31729,31555,31723,31566,31532,31669,31422,31341,31307,31300,31484,31216,31486,31746,31530,31266,31458,31403,31470,31256,31770,31755,31436,31421,31372,31204,31465,31295,31534,31642,31701,31703,31412,31664,31458,31350,31733,31722,31217,31446,31562,31480,31645,31538,31348,31728,31389,31670,31297,31438,31317,31702,31215,31378,31380,31670,31730,31497,31442,31418,31762,31294,31383,31359,31788,31525,31770,31793,31439,31296,31423,31356,31449,31263,31417,31541,31237,31500,31244,31525,31683,31270,31706,31292,31708,31222,31511,31627,31452,31563,31613,31448,31629,31250,31712,31581,31769,31612,31233,31204,31319,31580,31338,31746,31426,31747,31417,31557,31436,31463,31554,31240,31449,31339,31470,31496,31639,31509,31268,31362,31335,31456,31642,31378,31369,31243,31331,31312,31760,31714,31539,31717,31232,31591,31208,31321,31533,31687,31603,31361,31787,31451,31208,31700,31713,31782,31234,31541,31325,31724,31414,31720,31359,31303,31777,31231,31368,31437,31233,31350,31229,31580,31268,31536,31251,31307,31731,31394,31418,31216,31655,31203,31697,31224,31697,31582,31402,31333,31706,31573,31224,31532,31448,31364,31258,31254,31500,31644,31306,31222,31416,31776,31427,31462,31669,31328,31580,31733,31421,31537,31782,31486,31488,31335,31709,31749,31215,31557,31354,31465,31735,31353,31490,31755,31265,31448,31261,31485,31267,31667,31582,31273,31503,31496,31490,31315,31449,31290,31719,31785,31725,31736,31398,31216,31550,31340,31532,31634,31287,31428,31285,31264,31247,31777,31349,31454,31462,31456,31224,31272,31374,31616,31288,31301,31627,31477,31284,31347,31793,31384,31456,31526,31465,31389,31787,31400,31253,31285,31585,31247,31700,31720,31331,31467,31246,31719,31773,31673,31258,31725,31250,31470,31277,31485,31700,31309,31511,31454,31725,31404,31620,31794,31524,31446,31749,31202,31508,31736,31238,31475,31447,31644,31754,31294,31518,31390,31210,31620,31736,31231,31443,31375,31615,31329,31704,31255,31742,31538,31774,31576,31517,31251,31273,31553,31799,31351,31366,31351,31442,31757,31730,31404,31618,31800,31633,31335,31329,31410,31334,31435,31453,31500,31780,31645,31632,31251,31665,31625,31784,31345,31311,31307,31266,31218,31608,31446,31675,31800,31360,31764,31760,31619,31519,31600,31695,31448,31598,31587,31492,31246,31585,31764,31286,31704,31791,31668,31678,31455,31511,31599,31455,31283,31208,31206,31238,31465,31504,31211,31490,31614,31247,31204,31526,31388,31583,31640,31712,31258,31707,31683,31392,31441,31457,31589,31203,31718,31590,31764,31520,31674,31307,31270,31252,31224,31307,31774,31456,31626,31313,31270,31692,31550,31334,31272,31323,31541,31267,31771,31646,31720,31421,31602,31528,31215,31541,31493,31658,31223,31705,31359,31531,31658,31322,31503,31338,31511,31481,31713,31517,31409,31337,31234,31763,31230,31515,31380,31531,31469,31220,31271,31711,31279,31539,31267,31655,31753,31698,31418,31253,31251,31448,31294,31356,31512,31340,31643,31262,31307,31597,31344,31552,31649,31680,31732,31205,31608,31382,31478,31555,31570,31247,31599,31627,31294,31493,31531,31731,31773,31735,31680,31448,31341,31271,31606,31470,31625,31422,31353,31693,31271,31343,31358,31464,31647,31201,31484,31625,31717,31597,31235,31457,31618,31495,31776,31445,31384,31499,31496,31584,31703,31475,31306,31779,31657,31476,31208,31659,31433,31475,31418,31621,31454,31236,31615,31596,31209,31202,31341,31505,31446,31711,31392,31334,31404,31451,31458,31317,31385,31676,31687,31519,31772,31269,31200,31751,31741,31649,31755,31252,31426,31335,31505,31446,31536,31702,31297,31650,31753,31351,31642,31480,31538,31562,31536,31359,31441,31446,31313,31456,31388,31344,31229,31601,31568,31456,31520,31438,31501,31549,31659,31603,31477,31390,31475,31442,31745,31410,31256,31556,31617,31635,31518,31795,31733,31472,31577,31324,31210,31417,31590,31462,31272,31774,31336,31244,31590,31527,31539,31658,31619,31412,31493,31332,31288,31402,31443,31659,31723,31575,31593,31787,31467,31587,31371,31475,31266,31692,31505,31287,31751,31521,31714,31385,31534,31791,31565,31572,31526,31634,31617,31711,31453,31490,31781,31551,31682,31492,31338,31643,31429,31580,31661,31726,31332,31761,31591,31249,31355,31214,31218,31746,31320,31757,31757,31458,31791,31716,31657,31662,31548,31234,31674,31654,31329,31424,31553,31448,31695,31582,31348,31477,31603,31395,31714,31784,31536,31539,31588,31369,31306,31780,31727,31469,31241,31611,31689,31216,31519,31645,31323,31580,31251,31370,31481,31602,31712,31524,31283,31763,31705,31206,31528,31600,31469,31542,31496,31361,31493,31557,31570,31773,31773,31570,31626,31417,31727,31776,31722,31334,31203,31700,31475,31232,31252,31441,31339,31719,31593,31651,31246,31213,31326,31694,31281,31486,31503,31642,31667,31740,31301,31741,31561,31580,31521,31649,31405,31606,31204,31339,31414,31749,31638,31473,31623,31621,31594,31325,31223,31616,31642,31262,31602,31212,31332,31720,31738,31250,31302,31755,31641,31647,31394,31280,31355,31431,31257,31751,31211,31556,31583,31448,31542,31255,31343,31458,31542,31757,31253,31535,31641,31463,31772,31395,31484,31512,31397,31648,31370,31386,31721,31477,31787,31200,31393,31313,31366,31702,31746,31287,31310,31692,31371,31791,31240,31741,31733,31313,31422,31216,31356,31732,31296,31570,31289,31388,31233,31296,31547,31751,31537,31421,31254,31324,31309,31396,31784,31689,31650,31378,31750,31664,31320,31414,31579,31527,31783,31609,31478,31528,31540,31328,31429,31610,31210,31426,31474,31599,31384,31231,31666,31276,31566,31723,31385,31708,31682,31773,31535,31711,31548,31220,31485,31457,31409,31442,31238,31660,31432,31326,31584,31397,31443,31501,31525,31661,31454,31537,31205,31757,31232,31281,31548,31750,31786,31230,31573,31258,31357,31795,31390,31654,31368,31462,31593,31542,31270,31368,31460,31630,31757,31220,31762,31270,31258,31555,31220,31763,31609,31699,31511,31217,31785,31608,31531,31317,31369,31617,31423,31528,31277,31448,31364,31505,31735,31463,31566,31709,31495,31711,31228,31256,31414,31506,31373,31545,31203,31202,31714,31517,31732,31686,31703,31300,31597,31552,31569,31392,31717,31645,31475,31454,31483,31218,31615,31792,31284,31692,31761,31364,31659,31639,31314,31413,31311,31289,31782,31258,31573,31337,31227,31797,31456,31718,31715,31473,31316,31437,31747,31768,31684,31374,31420,31542,31393,31643,31536,31651,31748,31738,31452,31692,31554,31507,31755,31244,31452,31357,31749,31516,31704,31268,31506,31424,31428,31577,31318,31423,31744,31261,31654,31755,31464,31748,31725,31272,31646,31746,31321,31336,31450,31597,31547,31562,31570,31614,31451,31710,31669,31758,31517,31798,31282,31486,31497,31673,31772,31445,31283,31499,31446,31529,31517,31382,31611,31628,31237,31727,31496,31788,31248,31693,31658,31451,31254,31305,31316,31450,31698,31702,31363,31292,31558,31488,31686,31749,31574,31545,31375,31396,31610,31238,31550,31633,31255,31456,31252,31363,31752,31571,31541,31664,31446,31398,31405,31238,31455,31725,31333,31645,31473,31777,31711,31265,31226,31216,31757,31294,31704,31384,31265,31350,31413,31386,31261,31751,31270,31743,31517,31287,31458,31283,31782,31337,31728,31795,31576,31442,31444,31235,31250,31312,31328,31458,31569,31284,31489,31209,31672,31442,31276,31649,31434,31313,31256,31677,31228,31320,31379,31367,31578,31683,31771,31750,31394,31686,31297,31276,31764,31251,31537,31259,31327,31268,31532,31728,31455,31581,31222,31608,31662,31237,31606,31438,31324,31584,31385,31568,31738,31209,31725,31443,31249,31292,31427,31347,31414,31776,31431,31610,31330,31679,31705,31622,31705,31566,31562,31339,31478,31487,31524,31556,31534,31288,31339,31371,31478,31721,31663,31486,31267,31201,31754,31208,31227,31225,31484,31453,31418,31302,31200,31782,31382,31210,31717,31237,31297,31281,31444,31646,31468,31732,31314,31547,31484,31765,31736,31780,31265,31604,31551,31466,31748,31701,31491,31238,31306,31706,31555,31356,31343,31312,31379,31459,31201,31227,31203,31474,31505,31361,31238,31599,31540,31403,31480,31800,31447,31601,31746,31542,31387,31284,31562,31650,31310,31686,31615,31430,31738,31283,31661,31443,31705,31776,31793,31664,31304,31292,31300,31212,31795,31389,31230,31597,31522,31662,31474,31534,31694,31457,31467,31661,31540,31760,31606,31318,31640,31521,31611,31363,31706,31788,31331,31757,31419,31329,31414,31484,31285,31705,31757,31214,31548,31302,31717,31715,31242,31510,31757,31203,31267,31242,31584,31785,31218,31589,31531,31578,31281,31605,31209,31261,31627,31702,31513,31288,31546,31606,31521,31382,31749,31796,31335,31595,31610,31603,31385,31779,31632,31473,31403,31508,31702,31354,31386,31351,31697,31698,31378,31689,31654,31584,31380,31740,31768,31444,31720,31310,31719,31795,31407,31650,31470,31785,31245,31539,31397,31208,31751,31616,31637,31592,31504,31294,31782,31425,31767,31379,31202,31385,31441,31611,31594,31753,31772,31359,31220,31706,31369,31327,31603,31263,31311,31755,31220,31798,31200,31763,31394,31256,31366,31216,31571,31578,31342,31687,31502,31376,31797,31652,31383,31297,31319,31583,31440,31768,31699,31577,31339,31359,31242,31587,31327,31506,31398,31731,31499,31771,31779,31278,31558,31657,31238,31397,31696,31747,31204,31677,31512,31220,31789,31579,31764,31604,31588,31587,31744,31750,31590,31758,31469,31440,31550,31535,31547,31356,31748,31208,31265,31522,31458,31775,31548,31626,31770,31215,31731,31337,31412,31407,31319,31377,31517,31686,31376,31414,31301,31228,31328,31613,31506,31208,31568,31653,31362,31396,31293,31742,31409,31494,31557,31730,31323,31388,31754,31391,31349,31476,31313,31446,31241,31208,31748,31368,31701,31283,31565,31718,31524,31435,31796,31549,31542,31250,31716,31650,31454,31535,31767,31774,31373,31673,31519,31715,31216,31489,31421,31409,31328,31796,31527,31276,31334,31616,31489,31418,31309,31644,31774,31659,31416,31501,31525,31501,31669,31737,31646,31630,31546,31743,31517,31437,31478,31353,31295,31679,31602,31271,31760,31589,31502,31387,31221,31448,31414,31383,31497,31471,31258,31514,31721,31664,31460,31242,31515,31373,31251,31746,31680,31391,31762,31503,31317,31365,31662,31699,31243,31320,31433,31678,31218,31224,31415,31619,31509,31379,31387,31619,31357,31612,31319,31795,31323,31224,31374,31717,31655,31778,31797,31237,31208,31534,31596,31506,31277,31301,31555,31781,31260,31237,31407,31641,31662,31494,31346,31340,31320,31517,31366,31455,31297,31374,31658,31613,31531,31694,31648,31776,31308,31650,31322,31741,31399,31485,31483,31324,31248,31616,31775,31563,31530,31311,31759,31299,31521,31301,31620,31319,31363,31503,31792,31773,31733,31525,31360,31337,31779,31631,31535,31264,31776,31728,31327,31341,31334,31228,31659,31607,31694,31406,31275,31551,31753,31475,31515,31520,31689,31551,31708,31356,31749,31335,31330,31450,31236,31686,31376,31294,31639,31510,31713,31432,31667,31621,31407,31270,31503,31236,31636,31335,31732,31346,31248,31699,31280,31515,31327,31656,31596,31362,31303,31724,31254,31544,31333,31476,31789,31337,31424,31738,31455,31442,31439,31300,31566,31653,31416,31688,31256,31331,31667,31703,31507,31747,31204,31497,31381,31428,31372,31450,31432,31639,31653,31353,31550,31218,31749,31723,31209,31282,31247,31752,31592,31452,31610,31628,31521,31228,31376,31368,31604,31687,31769,31393,31220,31515,31538,31722,31298,31458,31367,31640,31638,31537,31461,31369,31347,31757,31569,31388,31331,31307,31630,31555,31215,31315,31734,31614,31739,31404,31722,31638,31612,31619,31604,31277,31378,31233,31373,31447,31668,31620,31657,31559,31425,31796,31733,31368,31734,31539,31261,31580,31707,31628,31587,31419,31705,31532,31772,31677,31322,31303,31573,31330,31390,31648,31272,31295,31542,31216,31205,31370,31367,31646,31341,31695,31780,31408,31559,31630,31624,31388,31672,31383,31347,31521,31421,31746,31586,31388,31719,31775,31743,31445,31546,31721,31378,31261,31427,31742,31723,31521,31741,31674,31245,31286,31552,31686,31456,31532,31392,31272,31257,31315,31443,31401,31536,31631,31732,31326,31503,31349,31757,31394,31787,31352,31310,31610,31301,31407,31437,31613,31435,31332,31749,31750,31507,31299,31705,31751,31603,31771,31687,31266,31327,31738,31225,31343,31750,31502,31288,31606,31333,31616,31427,31588,31784,31530,31318,31783,31685,31623,31577,31746,31446,31800,31702,31445,31602,31717,31611,31630,31328,31250,31498,31205,31315,31210,31270,31730,31219,31522,31401,31392,31744,31766,31374,31460,31279,31248,31394,31480,31416,31227,31784,31344,31234,31597,31748,31726,31404,31288,31329,31419,31449,31536,31741,31449,31629,31615,31393,31656,31213,31343,31413,31204,31273,31388,31588,31389,31669,31496,31777,31313,31555,31358,31304,31298,31315,31395,31237,31272,31418,31675,31762,31319,31682,31622,31368,31384,31542,31272,31290,31697,31316,31533,31589,31525,31548,31711,31299,31603,31219,31495,31430,31214,31275,31391,31705,31386,31741,31367,31708,31781,31278,31266,31653,31329,31608,31480,31269,31316,31705,31667,31561,31281,31668,31425,31362,31551,31625,31405,31498,31664,31795,31698,31798,31279,31307,31566,31723,31683,31391,31618,31273,31553,31296,31390,31369,31438,31712,31407,31439,31616,31704,31756,31658,31789,31462,31362,31218,31247,31702,31326,31260,31207,31293,31482,31776,31257,31745,31609,31294,31571,31712,31720,31401,31414,31555,31753,31541,31414,31610,31558,31239,31413,31744,31432,31214,31353,31448,31275,31548,31465,31482,31549,31284,31421,31580,31784,31557,31313,31233,31797,31255,31243,31612,31434,31405,31368,31584,31369,31591,31421,31363,31242,31304,31435,31675,31552,31482,31670,31308,31282,31364,31392,31641,31222,31282,31253,31497,31324,31755,31275,31341,31308,31369,31225,31597,31389,31794,31453,31741,31547,31797,31625,31717,31580,31406,31692,31504,31409,31549,31417,31584,31347,31746,31387,31570,31271,31648,31629,31767,31578,31379,31685,31403,31567,31532,31759,31279,31714,31260,31548,31578,31702,31235,31561,31295,31217,31322,31729,31391,31502,31643,31666,31249,31368,31626,31516,31259,31751,31361,31201,31653,31314,31315,31258,31595,31607,31513,31452,31535,31515,31579,31240,31670,31292,31271,31671,31273,31502,31353,31437,31682,31557,31321,31664,31699,31672,31730,31795,31475,31495,31683,31767,31223,31236,31583,31535,31539,31738,31726,31328,31400,31360,31647,31352,31400,31734,31778,31423,31483,31231,31603,31761,31432,31490,31319,31280,31447,31764,31751,31527,31677,31385,31451,31222,31417,31203,31214,31552,31728,31656,31533,31301,31740,31382,31200,31662,31375,31756,31355,31584,31340,31462,31521,31773,31418,31639,31273,31328,31270,31796,31632,31448,31695,31478,31718,31248,31394,31625,31248,31458,31482,31332,31360,31754,31381,31429,31593,31319,31245,31413,31360,31604,31319,31447,31461,31573,31498,31235,31252,31528,31366,31536,31292,31626,31682,31404,31586,31589,31521,31507,31728,31493,31237,31748,31350,31686,31324,31641,31671,31689,31712,31793,31364,31602,31430,31448,31625,31566,31430,31284,31708,31418,31432,31686,31754,31452,31587,31325,31400,31673,31292,31667,31383,31787,31619,31571,31747,31675,31265,31568,31211,31590,31588,31258,31256,31712,31645,31549,31653,31669,31617,31509,31217,31323,31393,31689,31602,31403,31455,31301,31394,31458,31235,31512,31403,31650,31500,31503,31277,31524,31535,31709,31383,31287,31784,31641,31451,31562,31392,31276,31498,31298,31215,31282,31664,31767,31799,31706,31317,31443,31308,31425,31746,31513,31797,31773,31412,31508,31307,31792,31704,31784,31487,31677,31257,31516,31319,31741,31697,31546,31638,31219,31356,31439,31462,31723,31282,31716,31278,31492,31271,31252,31768,31277,31363,31523,31274,31325,31486,31670,31755,31249,31761,31291,31405,31467,31765,31336,31535,31443,31217,31627,31390,31334,31249,31570,31447,31307,31276,31352,31607,31736,31601,31650,31594,31463,31785,31507,31226,31417,31657,31329,31447,31395,31679,31545,31495,31390,31427,31417,31748,31772,31744,31293,31550,31764,31297,31229,31364,31596,31686,31246,31506,31764,31242,31376,31589,31649,31581,31588,31324,31329,31286,31302,31447,31259,31476,31694,31324,31668,31325,31443,31486,31304,31260,31689,31792,31515,31215,31556,31468,31390,31486,31374,31526,31382,31698,31451,31202,31775,31783,31466,31517,31455,31600,31493,31513,31537,31212,31453,31430,31549,31623,31732,31597,31434,31444,31324,31235,31232,31561,31481,31734,31702,31437,31573,31374,31652,31574,31297,31573,31268,31281,31634,31414,31309,31227,31634,31616,31396,31298,31234,31613,31580,31717,31414,31623,31795,31769,31495,31242,31628,31528,31572,31375,31677,31481,31214,31241,31680,31611,31687,31262,31721,31280,31412,31765,31541,31632,31667,31701,31221,31617,31448,31326,31303,31294,31733,31513,31234,31456,31235,31696,31788,31710,31388,31239,31236,31562,31536,31209,31706,31368,31290,31665,31698,31447,31216,31353,31584,31752,31565,31742,31567,31314,31773,31290,31523,31686,31720,31639,31779,31605,31673,31706,31630,31359,31623,31779,31630,31508,31283,31309,31790,31213,31338,31350,31457,31266,31349,31365,31523,31218,31319,31288,31218,31529,31450,31731,31481,31405,31573,31536,31713,31374,31308,31583,31218,31412,31513,31546,31339,31781,31509,31431,31541,31544,31707,31251,31349,31428,31258,31594,31411,31512,31224,31505,31637,31478,31676,31330,31489,31393,31564,31623,31604,31410,31398,31278,31259,31225,31324,31356,31661,31265,31779,31452,31721,31537,31424,31330,31220,31234,31555,31591,31718,31484,31639,31656,31451,31570,31200,31513,31726,31218,31297,31281,31364,31606,31249,31291,31738,31313,31476,31307,31414,31428,31743,31327,31658,31344,31608,31242,31456,31793,31416,31704,31488,31339,31297,31380,31747,31277,31396,31564,31270,31717,31319,31554,31714,31309,31692,31709,31250,31560,31528,31420,31467,31300,31572,31364,31748,31520,31361,31432,31504,31695,31429,31250,31351,31507,31256,31455,31534,31473,31227,31297,31637,31719,31546,31203,31678,31394,31774,31673,31524,31678,31455,31697,31687,31669,31690,31601,31240,31530,31276,31204,31732,31729,31405,31293,31625,31748,31538,31372,31788,31463,31324,31598,31535,31733,31701,31776,31550,31227,31768,31497,31588,31324,31626,31380,31263,31396,31510,31553,31636,31606,31269,31684,31590,31476,31670,31746,31299,31771,31612,31270,31494,31541,31718,31413,31258,31226,31339,31747,31529,31556,31563,31263,31796,31357,31336,31387,31577,31568,31532,31752,31364,31644,31423,31758,31323,31571,31269,31314,31384,31794,31481,31234,31549,31462,31212,31202,31320,31387,31216,31314,31234,31374,31648,31777,31670,31253,31268,31505,31547,31363,31558,31476,31636,31786,31784,31769,31627,31379,31373,31664,31646,31749,31376,31290,31333,31216,31430,31354,31466,31404,31243,31293,31387,31314,31701,31400,31573,31704,31650,31598,31553,31559,31573,31467,31636,31319,31341,31579,31340,31396,31688,31472,31740,31306,31572,31359,31742,31347,31630,31268,31544,31800,31671,31723,31293,31336,31652,31353,31595,31546,31682,31253,31203,31772,31280,31708,31286,31592,31700,31478,31604,31374,31621,31425,31535,31716,31342,31496,31354,31430,31474,31679,31700,31478,31344,31208,31274,31621,31798,31531,31252,31635,31281,31619,31602,31747,31213,31631,31637,31516,31790,31777,31468,31391,31214,31784,31683,31560,31404,31768,31240,31554,31555,31219,31467,31440,31410,31682,31658,31356,31603,31400,31695,31502,31448,31674,31271,31247,31661,31670,31615,31283,31388,31459,31370,31728,31673,31617,31324,31541,31216,31541,31271,31426,31256,31722,31667,31613,31400,31418,31660,31659,31642,31661,31790,31404,31321,31585,31574,31431,31217,31627,31713,31626,31660,31759,31224,31220,31277,31533,31201,31313,31714,31553,31488,31784,31413,31709,31419,31545,31659,31257,31724,31253,31720,31780,31455,31572,31256,31235,31675,31579,31550,31282,31620,31314,31602,31443,31631,31694,31339,31576,31477,31331,31756,31210,31245,31552,31626,31749,31624,31604,31668,31740,31575,31398,31311,31211,31605,31520,31349,31705,31605,31392,31307,31636,31701,31310,31285,31687,31710,31373,31332,31296,31420,31683,31540,31410,31423,31605,31598,31663,31499,31657,31733,31388,31375,31679,31453,31798,31284,31563,31432,31702,31503,31227,31568,31686,31507,31723,31595,31361,31204,31461,31779,31556,31767,31425,31416,31509,31407,31538,31418,31279,31307,31641,31306,31515,31602,31541,31266,31516,31221,31283,31540,31611,31341,31647,31760,31659,31625,31252,31303,31669,31290,31322,31590,31727,31797,31767,31370,31318,31693,31543,31609,31656,31635,31787,31307,31695,31305,31498,31684,31335,31761,31283,31502,31218,31559,31521,31746,31691,31582,31495,31710,31287,31213,31461,31333,31396,31663,31317,31543,31796,31316,31247,31779,31471,31268,31656,31443,31452,31327,31401,31358,31226,31286,31489,31222,31608,31668,31277,31756,31632,31674,31298,31329,31204,31450,31658,31574,31697,31239,31417,31796,31271,31730,31252,31276,31243,31327,31796,31550,31219,31363,31551,31223,31626,31222,31362,31437,31640,31610,31252,31540,31678,31541,31707,31793,31329,31740,31522,31277,31755,31670,31232,31289,31797,31411,31773,31580,31397,31580,31735,31416,31433,31564,31495,31731,31701,31329,31720,31550,31701,31246,31255,31468,31615,31501,31783,31502,31699,31504,31526,31753,31542,31657,31737,31439,31375,31310,31596,31741,31413,31611,31595,31752,31574,31444,31446,31283,31620,31302,31290,31531,31315,31594,31334,31464,31481,31260,31542,31239,31452,31394,31756,31599,31383,31777,31709,31726,31641,31432,31233,31789,31721,31210,31675,31658,31386,31633,31393,31739,31624,31252,31733,31604,31781,31778,31522,31625,31727,31316,31399,31633,31354,31341,31420,31759,31373,31509,31536,31647,31428,31275,31626,31318,31522,31384,31502,31369,31581,31634,31232,31660,31213,31480,31550,31728,31382,31418,31620,31714,31322,31561,31392,31776,31681,31637,31217,31350,31371,31677,31497,31517,31652,31325,31522,31519,31472,31772,31627,31390,31304,31742,31222,31298,31531,31438,31552,31257,31652,31532,31432,31218,31350,31684,31347,31564,31662,31626,31317,31359,31360,31282,31332,31538,31428,31780,31500,31755,31221,31657,31477,31521,31599,31596,31350,31554,31292,31574,31207,31221,31305,31518,31765,31337,31731,31523,31582,31713,31335,31237,31673,31540,31754,31793,31781,31760,31409,31268,31623,31781,31302,31291,31435,31592,31437,31366,31489,31683,31751,31652,31608,31625,31795,31302,31338,31469,31789,31528,31758,31543,31404,31479,31228,31624,31637,31651,31561,31616,31360,31613,31273,31609,31391,31759,31336,31347,31310,31702,31731,31348,31585,31527,31706,31214,31412,31575,31773,31402,31577,31535,31651,31606,31675,31696,31252,31404,31393,31296,31426,31575,31446,31493,31575,31672,31781,31579,31258,31613,31550,31455,31266,31449,31353,31395,31505,31334,31693,31449,31241,31671,31468,31245,31650,31630,31421,31587,31642,31426,31731,31278,31531,31760,31562,31783,31437,31201,31594,31768,31207,31325,31734,31576,31509,31776,31496,31312,31514,31228,31587,31416,31265,31571,31743,31735,31512,31211,31793,31703,31224,31370,31391,31210,31200,31405,31587,31498,31612,31657,31418,31445,31516,31534,31207,31375,31383,31510,31261,31462,31684,31270,31214,31225,31376,31278,31246,31246,31366,31263,31278,31303,31527,31504,31539,31438,31426,31546,31363,31340,31489,31391,31252,31671,31539,31510,31409,31709,31328,31386,31785,31786,31658,31705,31697,31751,31740,31378,31420,31445,31561,31408,31322,31711,31406,31216,31698,31593,31513,31653,31538,31211,31554,31313,31254,31325,31547,31376,31428,31249,31310,31390,31360,31620,31690,31443,31612,31753,31793,31630,31390,31670,31350,31265,31731,31226,31588,31689,31798,31519,31631,31565,31535,31508,31239,31645,31346,31447,31318,31257,31587,31614,31665,31329,31361,31563,31403,31532,31612,31744,31487,31453,31777,31338,31584,31621,31517,31401,31475,31330,31714,31281,31580,31728,31313,31781,31534,31276,31479,31272,31777,31541,31509,31264,31578,31257,31595,31590,31461,31422,31620,31567,31481,31663,31323,31599,31225,31280,31481,31702,31624,31695,31686,31288,31281,31424,31290,31629,31474,31743,31498,31290,31620,31668,31302,31445,31383,31392,31454,31758,31563,31551,31352,31366,31463,31317,31599,31205,31238,31729,31493,31533,31516,31464,31587,31795,31745,31396,31764,31327,31722,31291,31430,31615,31725,31444,31667,31410,31392,31629,31297,31782,31621,31750,31551,31653,31620,31253,31211,31238,31246,31241,31555,31306,31505,31232,31420,31609,31672,31472,31504,31462,31743,31307,31351,31476,31584,31433,31542,31567,31374,31481,31791,31787,31711,31748,31708,31567,31383,31308,31390,31769,31549,31428,31739,31203,31565,31730,31462,31542,31527,31641,31355,31236,31286,31425,31593,31654,31375,31507,31322,31310,31573,31725,31346,31438,31793,31422,31600,31420,31273,31509,31362,31389,31743,31309,31672,31324,31217,31745,31384,31371,31522,31536,31466,31796,31457,31462,31460,31270,31350,31372,31312,31708,31300,31254,31781,31481,31638,31712,31386,31209,31516,31262,31472,31285,31236,31796,31395,31673,31489,31438,31293,31545,31261,31518,31470,31469,31211,31380,31489,31677,31731,31590,31561,31431,31408,31645,31613,31326,31578,31652,31474,31250,31314,31487,31267,31484,31404,31688,31551,31289,31593,31412,31580,31781,31514,31627,31204,31436,31676,31611,31356,31290,31487,31468,31231,31424,31800,31610,31205,31371,31308,31456,31246,31242,31594,31307,31565,31311,31704,31714,31342,31465,31603,31732,31424,31551,31359,31416,31215,31212,31361,31479,31600,31505,31201,31760,31442,31791,31690,31568,31569,31752,31520,31573,31506,31242,31248,31489,31227,31563,31653,31635,31565,31463,31424,31537,31603,31701,31362,31202,31607,31309,31383,31382,31244,31485,31649,31671,31798,31481,31391,31732,31344,31245,31687,31441,31724,31576,31341,31307,31683,31662,31445,31514,31337,31726,31667,31699,31648,31430,31284,31577,31740,31213,31689,31242,31675,31549,31359,31239,31670,31501,31624,31395,31493,31273,31571,31741,31439,31606,31762,31350,31374,31785,31266,31520,31704,31800,31264,31253,31770,31611,31210,31213,31313,31664,31746,31322,31693,31384,31397,31780,31427,31280,31570,31227,31567,31514,31464,31678,31259,31488,31577,31318,31214,31505,31493,31664,31328,31650,31499,31447,31744,31654,31445,31393,31511,31436,31752,31566,31635,31787,31621,31216,31288,31776,31451,31389,31416,31273,31618,31242,31792,31204,31553,31733,31604,31431,31233,31506,31745,31489,31712,31599,31428,31244,31471,31278,31443,31303,31576,31691,31225,31572,31541,31571,31487,31567,31282,31414,31689,31700,31707,31518,31202,31594,31689,31521,31309,31319,31734,31392,31418,31349,31778,31797,31333,31607,31297,31379,31392,31428,31487,31266,31349,31784,31492,31367,31637,31758,31312,31494,31360,31270,31220,31315,31599,31783,31292,31795,31228,31768,31700,31638,31313,31388,31419,31517,31380,31202,31764,31723,31297,31786,31444,31384,31599,31367,31556,31644,31388,31651,31257,31528,31353,31251,31425,31217,31489,31463,31562,31366,31665,31486,31319,31751,31533,31317,31554,31711,31244,31373,31710,31357,31560,31466,31395,31509,31486,31668,31759,31357,31500,31366,31206,31333,31429,31580,31613,31207,31449,31706,31394,31420,31723,31484,31592,31597,31231,31540,31767,31673,31740,31751,31336,31600,31207,31591,31639,31297,31337,31625,31595,31334,31271,31294,31482,31465,31719,31307,31355,31428,31542,31356,31649,31616,31224,31237,31575,31785,31304,31780,31664,31717,31787,31321,31316,31366,31360,31506,31578,31590,31616,31490,31264,31656,31552,31674,31357,31456,31223,31703,31603,31284,31740,31641,31509,31272,31651,31771,31338,31251,31657,31323,31563,31702,31394,31585,31637,31666,31612,31433,31336,31514,31461,31439,31457,31796,31526,31496,31776,31616,31309,31733,31298,31267,31472,31382,31522,31744,31661,31347,31208,31539,31732,31679,31470,31767,31400,31434,31327,31683,31300,31662,31629,31384,31755,31602,31466,31283,31429,31344,31573,31529,31358,31638,31723,31578,31304,31470,31672,31419,31643,31226,31710,31396,31699,31749,31637,31594,31421,31698,31462,31590,31521,31778,31631,31234,31625,31622,31330,31584,31685,31623,31459,31481,31624,31606,31371,31592,31369,31545,31506,31369,31507,31735,31757,31507,31272,31608,31419,31355,31470,31770,31720,31331,31706,31628,31644,31275,31418,31314,31279,31714,31613,31393,31462,31607,31710,31775,31438,31763,31779,31795,31459,31593,31394,31427,31795,31634,31760,31698,31241,31748,31352,31659,31279,31401,31495,31338,31343,31712,31577,31785,31697,31622,31707,31619,31328,31461,31681,31427,31587,31781,31332,31745,31799,31523,31719,31600,31534,31556,31674,31428,31425,31524,31720,31761,31262,31795,31590,31755,31671,31776,31783,31275,31560,31696,31378,31372,31441,31625,31692,31747,31357,31532,31758,31781,31481,31317,31502,31236,31271,31567,31757,31329,31437,31330,31586,31426,31717,31620,31410,31710,31754,31637,31472,31299,31744,31497,31660,31403,31207,31360,31506,31705,31521,31313,31723,31392,31465,31449,31648,31693,31431,31631,31501,31305,31645,31626,31639,31693,31610,31290,31461,31500,31718,31585,31781,31428,31447,31756,31505,31445,31351,31667,31230,31226,31785,31402,31719,31784,31515,31383,31551,31249,31649,31573,31352,31747,31689,31745,31355,31725,31638,31296,31511,31595,31398,31613,31479,31520,31210,31438,31513,31754,31725,31757,31757,31615,31276,31522,31532,31451,31773,31204,31396,31746,31232,31607,31470,31306,31420,31682,31202,31723,31795,31634,31254,31317,31588,31500,31712,31553,31624,31269,31224,31552,31388,31703,31598,31542,31712,31533,31318,31201,31311,31601,31206,31389,31465,31275,31744,31482,31534,31446,31310,31424,31244,31277,31766,31272,31518,31460,31248,31546,31364,31373,31640,31393,31539,31601,31547,31468,31283,31284,31211,31210,31380,31368,31398,31744,31611,31319,31308,31343,31756,31259,31278,31552,31734,31686,31777,31251,31766,31656,31471,31776,31777,31558,31650,31685,31555,31202,31416,31288,31492,31628,31537,31254,31240,31727,31241,31326,31354,31436,31294,31731,31304,31607,31314,31401,31448,31456,31338,31627,31584,31244,31707,31478,31784,31300,31272,31561,31368,31246,31690,31281,31699,31638,31334,31407,31682,31751,31750,31378,31324,31440,31558,31632,31597,31559,31246,31746,31599,31584,31552,31294,31255,31600,31434,31718,31488,31316,31206,31309,31332,31494,31717,31206,31444,31537,31660,31780,31555,31451,31417,31604,31398,31457,31392,31789,31754,31452,31726,31590,31772,31793,31658,31311,31200,31320,31716,31793,31259,31334,31622,31266,31779,31284,31486,31410,31422,31348,31368,31548,31403,31623,31645,31726,31341,31599,31789,31653,31487,31354,31522,31394,31702,31403,31662,31483,31747,31232,31557,31570,31764,31567,31411,31228,31716,31269,31604,31561,31295,31698,31322,31556,31562,31619,31535,31395,31259,31438,31460,31514,31698,31233,31521,31310,31257,31586,31650,31291,31539,31301,31403,31387,31572,31491,31263,31380,31544,31355,31734,31496,31579,31289,31260,31225,31681,31713,31560,31553,31278,31511,31339,31286,31457,31352,31320,31276,31535,31311,31594,31508,31753,31685,31556,31318,31794,31752,31519,31585,31615,31631,31712,31783,31683,31378,31690,31217,31382,31446,31729,31252,31564,31382,31629,31202,31345,31420,31650,31611,31745,31599,31325,31521,31286,31218,31798,31647,31204,31279,31716,31231,31284,31559,31594,31479,31279,31463,31557,31715,31414,31262,31241,31617,31783,31412,31429,31618,31745,31678,31716,31770,31614,31445,31277,31546,31512,31425,31687,31474,31624,31368,31629,31573,31487,31381,31444,31568,31361,31494,31353,31524,31296,31341,31694,31610,31307,31519,31450,31283,31705,31379,31262,31771,31734,31366,31317,31243,31561,31713,31739,31406,31507,31295,31246,31682,31695,31311,31754,31246,31608,31701,31496,31357,31508,31290,31479,31668,31399,31605,31636,31439,31573,31267,31654,31613,31287,31795,31388,31209,31269,31306,31729,31730,31529,31207,31546,31697,31597,31283,31440,31563,31630,31762,31392,31459,31389,31250,31703,31756,31537,31593,31490,31523,31576,31388,31251,31554,31224,31683,31750,31662,31616,31590,31568,31374,31657,31323,31652,31253,31668,31423,31333,31295,31314,31753,31261,31621,31232,31321,31375,31321,31387,31398,31376,31288,31211,31329,31411,31615,31784,31480,31244,31431,31626,31330,31496,31645,31731,31253,31800,31674,31667,31668,31795,31353,31281,31669,31768,31505,31708,31658,31431,31617,31650,31593,31353,31655,31629,31396,31671,31634,31281,31784,31603,31398,31546,31455,31522,31395,31634,31332,31552,31702,31649,31497,31603,31656,31353,31489,31569,31750,31253,31297,31259,31483,31386,31765,31658,31736,31656,31613,31767,31682,31399,31682,31203,31555,31695,31431,31540,31604,31569,31293,31373,31457,31227,31449,31642,31480,31251,31795,31690,31656,31316,31630,31723,31479,31453,31635,31345,31367,31286,31415,31756,31591,31299,31749,31413,31777,31547,31549,31390,31379,31267,31715,31657,31449,31432,31442,31561,31567,31415,31524,31431,31591,31777,31545,31414,31765,31414,31556,31203,31605,31594,31786,31312,31367,31282,31523,31723,31231,31238,31691,31681,31741,31312,31271,31580,31234,31351,31301,31231,31729,31404,31526,31490,31234,31346,31263,31441,31772,31532,31541,31479,31423,31318,31626,31406,31235,31567,31704,31518,31256,31506,31562,31434,31292,31787,31572,31683,31367,31444,31341,31648,31520,31514,31236,31614,31730,31482,31755,31711,31297,31643,31423,31409,31444,31504,31603,31289,31332,31218,31661,31424,31395,31380,31800,31670,31510,31554,31746,31374,31671,31338,31251,31794,31415,31489,31676,31548,31651,31243,31684,31294,31220,31699,31737,31763,31354,31726,31775,31217,31633,31566,31795,31629,31785,31731,31510,31284,31442,31429,31679,31571,31701,31223,31537,31743,31523,31685,31426,31258,31542,31424,31306,31337,31437,31617,31597,31279,31371,31643,31497,31662,31647,31664,31709,31591,31412,31769,31587,31411,31468,31417,31693,31719,31554,31744,31414,31567,31615,31539,31391,31379,31720,31458,31480,31392,31725,31520,31203,31258,31640,31411,31687,31215,31577,31714,31687,31442,31316,31328,31717,31559,31234,31686,31546,31780,31448,31781,31266,31498,31441,31237,31390,31759,31549,31230,31574,31255,31669,31459,31586,31309,31472,31613,31643,31303,31222,31691,31221,31746,31382,31257,31785,31635,31303,31563,31512,31733,31337,31586,31507,31675,31679,31577,31799,31757,31776,31445,31202,31696,31370,31636,31395,31379,31523,31298,31675,31495,31324,31386,31448,31547,31690,31788,31668,31408,31793,31266,31307,31701,31375,31406,31660,31639,31556,31535,31409,31677,31349,31308,31343,31467,31663,31695,31593,31781,31649,31598,31296,31285,31256,31568,31784,31412,31268,31734,31267,31513,31495,31558,31215,31577,31412,31751,31427,31430,31479,31563,31505,31505,31778,31269,31743,31416,31720,31502,31582,31724,31458,31432,31613,31597,31732,31714,31681,31431,31561,31781,31485,31627,31271,31265,31737,31430,31518,31722,31396,31661,31365,31600,31731,31762,31313,31685,31277,31340,31654,31396,31552,31258,31664,31702,31245,31426,31225,31442,31689,31386,31623,31377,31242,31279,31289,31374,31611,31539,31649,31533,31462,31438,31645,31429,31491,31590,31653,31763,31738,31682,31366,31626,31439,31385,31569,31656,31587,31707,31235,31623,31209,31719,31593,31431,31572,31738,31724,31480,31752,31746,31704,31251,31606,31310,31722,31675,31647,31762,31694,31662,31251,31342,31603,31364,31611,31366,31768,31203,31423,31550,31513,31480,31550,31281,31211,31636,31696,31328,31426,31589,31750,31646,31228,31769,31475,31320,31487,31729,31770,31750,31625,31437,31454,31268,31427,31224,31604,31491,31613,31753,31235,31786,31423,31314,31234,31406,31782,31358,31433,31421,31228,31330,31397,31585,31700,31622,31753,31711,31541,31506,31377,31301,31796,31617,31290,31320,31285,31240,31558,31580,31334,31491,31752,31598,31387,31787,31482,31351,31599,31785,31488,31510,31464,31585,31326,31729,31760,31328,31780,31512,31278,31628,31388,31273,31267,31695,31744,31287,31549,31258,31699,31351,31200,31577,31339,31459,31612,31240,31736,31258,31384,31226,31771,31284,31748,31264,31499,31604,31272,31500,31352,31720,31312,31677,31292,31510,31512,31611,31621,31383,31331,31795,31358,31321,31235,31454,31250,31333,31708,31550,31379,31797,31697,31613,31561,31429,31583,31753,31288,31748,31476,31282,31785,31269,31789,31410,31717,31704,31419,31726,31307,31760,31215,31217,31648,31425,31376,31343,31561,31606,31247,31302,31601,31721,31792,31225,31703,31592,31598,31570,31375,31563,31305,31226,31496,31682,31602,31496,31616,31463,31713,31508,31366,31547,31733,31242,31250,31324,31681,31318,31563,31720,31672,31614,31703,31271,31563,31675,31325,31500,31517,31485,31323,31564,31291,31434,31798,31286,31539,31654,31738,31785,31442,31767,31424,31298,31603,31284,31625,31273,31723,31341,31389,31683,31221,31277,31537,31295,31658,31332,31519,31778,31525,31746,31794,31609,31558,31218,31589,31718,31472,31277,31764,31308,31310,31434,31308,31688,31722,31474,31234,31278,31326,31756,31649,31475,31555,31755,31211,31503,31512,31216,31761,31262,31627,31432,31215,31586,31452,31657,31746,31645,31784,31245,31538,31442,31610,31489,31296,31309,31441,31523,31451,31684,31507,31487,31309,31301,31640,31744,31248,31430,31374,31777,31517,31367,31790,31230,31778,31437,31435,31302,31694,31250,31536,31437,31519,31500,31401,31308,31240,31735,31400,31577,31791,31279,31467,31786,31599,31424,31518,31588,31270,31332,31648,31594,31347,31642,31243,31720,31790,31519,31316,31590,31534,31684,31638,31732,31423,31681,31371,31281,31757,31638,31590,31266,31276,31367,31432,31225,31747,31373,31446,31438,31341,31353,31768,31548,31682,31490,31721,31408,31449,31320,31673,31371,31242,31224,31762,31332,31762,31279,31412,31780,31773,31495,31571,31701,31524,31267,31350,31373,31602,31578,31771,31528,31245,31279,31371,31568,31640,31603,31460,31308,31337,31503,31393,31433,31749,31586,31504,31618,31260,31314,31632,31702,31669,31602,31254,31528,31215,31432,31515,31588,31570,31584,31785,31284,31585,31219,31227,31678,31274,31632,31316,31326,31500,31773,31292,31554,31739,31308,31405,31767,31768,31758,31513,31799,31540,31588,31436,31400,31621,31778,31359,31709,31705,31554,31567,31453,31490,31290,31668,31672,31354,31420,31213,31244,31316,31549,31219,31672,31566,31591,31263,31609,31388,31283,31506,31252,31577,31298,31526,31694,31429,31560,31558,31565,31751,31352,31306,31701,31650,31605,31224,31686,31500,31645,31263,31755,31462,31573,31783,31597,31549,31256,31776,31707,31590,31337,31575,31372,31399,31613,31712,31710,31573,31369,31680,31732,31239,31342,31309,31202,31775,31750,31276,31713,31359,31599,31557,31356,31586,31263,31342,31565,31375,31670,31555,31495,31403,31616,31368,31276,31773,31442,31483,31280,31437,31261,31681,31226,31440,31639,31247,31617,31438,31373,31512,31381,31792,31528,31250,31277,31590,31743,31715,31482,31534,31313,31657,31252,31211,31457,31462,31682,31298,31391,31220,31449,31763,31629,31633,31304,31477,31377,31363,31582,31744,31566,31401,31679,31241,31537,31469,31491,31770,31682,31461,31654,31646,31766,31489,31529,31760,31544,31353,31649,31391,31515,31597,31548,31523,31692,31552,31472,31275,31758,31642,31485,31627,31203,31284,31560,31677,31362,31684,31202,31265,31772,31678,31374,31769,31419,31566,31537,31596,31449,31242,31686,31664,31569,31636,31388,31549,31216,31541,31425,31624,31245,31518,31604,31604,31783,31687,31587,31612,31281,31419,31410,31775,31581,31733,31276,31280,31202,31481,31677,31238,31778,31447,31718,31652,31605,31475,31688,31469,31204,31788,31610,31345,31214,31461,31273,31213,31266,31589,31563,31204,31352,31220,31270,31746,31551,31735,31346,31725,31565,31793,31749,31692,31783,31364,31513,31738,31269,31262,31586,31578,31486,31728,31671,31660,31687,31654,31602,31635,31425,31701,31783,31763,31477,31562,31588,31617,31429,31744,31445,31617,31245,31297,31569,31383,31489,31439,31442,31688,31656,31231,31687,31325,31432,31597,31772,31589,31459,31279,31703,31658,31533,31263,31425,31341,31267,31750,31292,31612,31429,31702,31481,31455,31596,31288,31401,31344,31633,31743,31296,31271,31671,31622,31217,31472,31472,31328,31560,31265,31383,31331,31369,31645,31346,31595,31448,31506,31464,31316,31567,31487,31790,31451,31322,31795,31561,31533,31526,31226,31755,31686,31706,31320,31448,31475,31553,31279,31238,31661,31297,31252,31347,31683,31575,31573,31693,31499,31313,31638,31677,31368,31429,31341,31349,31516,31409,31263,31334,31287,31319,31547,31607,31605,31583,31495,31795,31775,31522,31286,31517,31530,31563,31510,31656,31689,31367,31457,31253,31644,31704,31579,31300,31701,31772,31398,31332,31434,31692,31443,31230,31219,31209,31779,31521,31679,31514,31624,31421,31211,31253,31797,31704,31742,31750,31745,31490,31469,31695,31279,31718,31240,31667,31688,31537,31586,31553,31728,31400,31378,31349,31264,31440,31689,31702,31547,31581,31290,31424,31670,31608,31278,31380,31257,31699,31626,31495,31615,31745,31556,31337,31324,31733,31596,31748,31247,31367,31428,31326,31513,31725,31356,31782,31659,31639,31273,31741,31465,31684,31695,31204,31224,31391,31777,31384,31736,31574,31658,31366,31231,31281,31589,31594,31474,31620,31732,31643,31735,31480,31653,31354,31758,31766,31277,31650,31321,31314,31722,31230,31319,31724,31205,31712,31793,31593,31507,31742,31693,31262,31535,31586,31210,31547,31294,31344,31327,31312,31745,31314,31798,31526,31241,31409,31446,31380,31578,31787,31550,31690,31416,31294,31712,31667,31575,31573,31734,31382,31546,31428,31666,31454,31471,31237,31596,31510,31208,31749,31539,31399,31794,31331,31244,31622,31664,31241,31372,31213,31754,31481,31652,31262,31780,31389,31517,31554,31536,31336,31718,31723,31308,31647,31332,31315,31636,31451,31550,31508,31508,31498,31464,31277,31393,31359,31313,31449,31793,31413,31471,31751,31416,31484,31208,31448,31468,31447,31592,31661,31800,31720,31518,31285,31626,31573,31507,31315,31225,31661,31671,31489,31743,31788,31370,31540,31713,31525,31496,31386,31342,31492,31219,31599,31297,31483,31718,31222,31501,31702,31392,31774,31393,31643,31651,31416,31649,31738,31591,31411,31645,31664,31245,31702,31474,31297,31599,31692,31531,31424,31257,31684,31478,31206,31605,31550,31303,31557,31594,31632,31316,31403,31659,31418,31623,31432,31701,31678,31354,31448,31797,31301,31781,31701,31494,31614,31397,31661,31550,31742,31348,31455,31374,31337,31453,31361,31736,31784,31248,31290,31352,31301,31341,31474,31283,31643,31269,31268,31592,31275,31640,31664,31727,31261,31503,31409,31208,31482,31700,31556,31230,31313,31703,31228,31787,31793,31630,31495,31653,31723,31600,31465,31576,31794,31559,31505,31628,31268,31572,31473,31378,31363,31437,31484,31463,31591,31721,31558,31206,31397,31525,31260,31473,31458,31701,31201,31248,31543,31495,31576,31541,31392,31435,31359,31741,31676,31393,31654,31363,31203,31588,31565,31675,31563,31428,31201,31434,31330,31652,31361,31287,31281,31350,31465,31436,31381,31795,31417,31350,31685,31601,31693,31280,31317,31556,31671,31745,31414,31706,31645,31533,31694,31472,31264,31662,31786,31389,31519,31270,31516,31261,31725,31686,31325,31280,31544,31484,31643,31708,31562,31222,31634,31743,31791,31593,31409,31529,31630,31607,31613,31786,31518,31408,31461,31507,31657,31259,31554,31609,31637,31649,31723,31558,31256,31644,31364,31435,31527,31798,31519,31723,31455,31604,31365,31339,31765,31642,31315,31652,31574,31612,31655,31678,31607,31626,31353,31379,31599,31606,31780,31504,31725,31351,31443,31406,31204,31563,31576,31568,31341,31629,31796,31423,31398,31532,31778,31481,31232,31438,31351,31202,31383,31354,31753,31790,31483,31438,31249,31321,31775,31224,31266,31645,31274,31531,31234,31374,31616,31570,31579,31543,31210,31258,31390,31578,31731,31259,31611,31743,31458,31676,31562,31782,31711,31658,31654,31735,31525,31527,31232,31672,31205,31469,31398,31218,31528,31739,31414,31704,31650,31266,31711,31584,31534,31764,31278,31640,31218,31763,31467,31554,31722,31486,31553,31770,31459,31692,31215,31349,31203,31250,31557,31318,31377,31569,31334,31793,31552,31608,31621,31220,31291,31371,31279,31593,31444,31450,31410,31497,31629,31281,31496,31693,31711,31487,31727,31442,31435,31452,31629,31792,31264,31522,31744,31506,31293,31692,31583,31717,31543,31419,31215,31284,31560,31312,31755,31653,31256,31253,31745,31427,31302,31616,31379,31282,31224,31383,31481,31641,31679,31698,31319,31476,31585,31471,31383,31272,31425,31435,31529,31517,31423,31696,31587,31390,31250,31507,31584,31477,31318,31313,31536,31437,31550,31436,31205,31564,31442,31729,31771,31554,31687,31238,31499,31540,31261,31758,31261,31631,31551,31356,31681,31755,31748,31368,31307,31356,31241,31342,31710,31670,31239,31298,31231,31679,31626,31267,31740,31484,31493,31343,31752,31588,31467,31397,31362,31227,31369,31704,31488,31593,31304,31638,31480,31435,31367,31735,31309,31222,31458,31629,31735,31233,31367,31335,31445,31697,31289,31233,31265,31383,31622,31729,31686,31289,31250,31438,31436,31300,31448,31704,31631,31602,31618,31761,31415,31704,31636,31616,31572,31794,31701,31780,31679,31417,31662,31435,31695,31741,31601,31617,31652,31550,31234,31513,31260,31590,31693,31726,31793,31553,31320,31336,31385,31680,31379,31450,31455,31409,31563,31527,31285,31781,31421,31274,31337,31713,31692,31368,31382,31523,31689,31692,31378,31353,31638,31467,31296,31553,31615,31494,31735,31646,31366,31245,31757,31665,31329,31542,31419,31553,31420,31357,31632,31391,31624,31740,31765,31370,31238,31792,31642,31426,31785,31781,31491,31766,31759,31328,31613,31376,31539,31289,31773,31479,31601,31482,31715,31241,31585,31610,31787,31572,31465,31624,31579,31743,31251,31666,31386,31336,31617,31676,31445,31297,31720,31286,31745,31591,31725,31520,31744,31382,31604,31355,31746,31367,31382,31534,31220,31567,31690,31249,31479,31392,31328,31478,31505,31243,31302,31221,31744,31393,31763,31583,31677,31248,31427,31762,31251,31615,31640,31379,31621,31762,31240,31740,31347,31631,31357,31266,31224,31752,31201,31758,31771,31477,31448,31457,31436,31558,31405,31589,31674,31794,31261,31515,31471,31590,31633,31662,31321,31713,31494,31218,31204,31221,31773,31584,31338,31434,31383,31659,31670,31551,31489,31693,31653,31794,31237,31278,31670,31375,31719,31283,31440,31452,31339,31286,31464,31791,31537,31789,31532,31401,31705,31447,31201,31700,31780,31597,31575,31655,31614,31694,31392,31509,31525,31740,31224,31614,31356,31749,31252,31259,31760,31483,31510,31792,31461,31264,31491,31265,31612,31331,31603,31668,31662,31431,31684,31558,31291,31313,31625,31268,31244,31319,31347,31491,31398,31527,31644,31245,31720,31412,31435,31755,31468,31678,31751,31692,31787,31379,31440,31776,31528,31446,31618,31678,31294,31649,31235,31239,31462,31328,31582,31551,31426,31762,31336,31249,31253,31728,31278,31251,31552,31480,31386,31561,31360,31528,31767,31270,31216,31397,31738,31500,31430,31670,31460,31229,31381,31748,31452,31693,31390,31553,31503,31337,31593,31765,31617,31360,31629,31222,31585,31549,31690,31795,31541,31322,31507,31610,31250,31694,31704,31697,31494,31708,31635,31463,31793,31732,31462,31526,31777,31775,31509,31448,31691,31259,31610,31446,31613,31796,31432,31222,31257,31288,31711,31739,31671,31448,31524,31265,31320,31558,31645,31799,31448,31200,31316,31202,31745,31595,31650,31735,31247,31549,31431,31327,31268,31522,31705,31657,31288,31299,31600,31642,31333,31206,31420,31439,31522,31264,31466,31617,31482,31655,31338,31640,31785,31439,31241,31400,31794,31769,31682,31351,31622,31765,31401,31472,31550,31239,31628,31787,31567,31735,31561,31775,31202,31452,31452,31325,31409,31371,31470,31304,31736,31229,31472,31435,31724,31361,31606,31544,31485,31291,31759,31685,31730,31704,31385,31510,31781,31321,31490,31454,31656,31394,31628,31789,31238,31763,31710,31732,31319,31799,31412,31490,31494,31406,31301,31385,31725,31498,31455,31358,31566,31629,31763,31218,31800,31551,31434,31378,31792,31508,31302,31730,31707,31503,31409,31461,31367,31697,31549,31472,31496,31643,31760,31727,31739,31247,31471,31213,31783,31697,31553,31551,31612,31714,31382,31293,31775,31460,31257,31578,31771,31261,31260,31707,31262,31786,31644,31391,31715,31515,31588,31662,31447,31423,31365,31587,31608,31328,31678,31401,31219,31689,31437,31672,31774,31333,31721,31440,31603,31583,31616,31507,31592,31561,31761,31439,31602,31289,31537,31580,31596,31291,31547,31523,31387,31366,31393,31380,31379,31356,31299,31243,31341,31380,31582,31540,31220,31419,31704,31280,31680,31666,31355,31492,31255,31494,31426,31514,31306,31323,31334,31437,31545,31561,31747,31447,31754,31275,31625,31749,31657,31697,31383,31747,31625,31711,31693,31297,31402,31555,31349,31381,31326,31284,31288,31674,31316,31783,31651,31492,31290,31298,31301,31579,31714,31585,31599,31332,31531,31594,31502,31538,31669,31697,31244,31273,31668,31369,31297,31264,31705,31555,31552,31500,31405,31340,31612,31501,31395,31476,31341,31698,31667,31743,31690,31743,31204,31342,31708,31480,31693,31404,31788,31272,31294,31554,31538,31671,31540,31625,31531,31740,31695,31510,31762,31430,31545,31382,31305,31392,31519,31504,31465,31276,31200,31712,31672,31403,31347,31671,31477,31324,31597,31343,31458,31485,31486,31660,31786,31560,31365,31574,31604,31350,31339,31224,31472,31708,31504,31724,31504,31209,31700,31395,31430,31610,31380,31277,31634,31274,31503,31738,31215,31762,31510,31500,31257,31480,31591,31328,31377,31365,31657,31772,31362,31427,31411,31755,31748,31202,31401,31762,31543,31257,31336,31738,31413,31630,31312,31319,31409,31485,31283,31629,31200,31611,31658,31206,31791,31449,31717,31701,31549,31457,31657,31598,31322,31510,31654,31257,31290,31435,31369,31694,31781,31358,31346,31306,31211,31702,31725,31313,31305,31438,31493,31616,31513,31739,31558,31318,31275,31574,31350,31463,31478,31393,31522,31514,31210,31466,31662,31345,31344,31295,31526,31216,31666,31381,31749,31678,31717,31236,31358,31487,31431,31655,31405,31584,31294,31370,31230,31238,31745,31449,31481,31704,31317,31733,31581,31348,31483,31305,31484,31650,31390,31387,31738,31638,31471,31584,31379,31504,31337,31284,31720,31761,31208,31528,31256,31498,31745,31607,31744,31441,31679,31511,31458,31559,31698,31613,31320,31503,31577,31705,31402,31569,31590,31573,31235,31507,31705,31280,31679,31403,31298,31515,31644,31744,31628,31795,31598,31429,31614,31768,31386,31717,31758,31458,31652,31408,31788,31797,31284,31438,31414,31644,31297,31731,31234,31542,31423,31626,31563,31516,31488,31314,31457,31358,31395,31492,31439,31251,31630,31756,31773,31387,31211,31767,31429,31650,31720,31430,31225,31800,31420,31530,31610,31210,31598,31762,31627,31322,31745,31332,31582,31387,31669,31224,31274,31334,31545,31365,31606,31338,31571,31655,31286,31527,31576,31360,31455,31548,31645,31556,31252,31785,31216,31583,31306,31715,31492,31314,31539,31206,31654,31330,31633,31303,31231,31635,31703,31462,31589,31705,31222,31783,31592,31547,31214,31406,31795,31748,31250,31631,31375,31238,31372,31793,31303,31513,31276,31558,31434,31737,31548,31592,31202,31754,31209,31686,31539,31271,31381,31563,31575,31461,31721,31573,31649,31292,31468,31301,31630,31540,31730,31340,31485,31509,31794,31642,31532,31682,31725,31252,31490,31327,31565,31280,31386,31585,31616,31635,31768,31469,31671,31722,31632,31473,31588,31528,31717,31408,31759,31242,31782,31280,31412,31711,31647,31257,31428,31293,31742,31467,31703,31494,31408,31365,31612,31789,31355,31245,31583,31348,31791,31491,31655,31574,31550,31331,31607,31208,31737,31688,31517,31376,31755,31518,31413,31377,31424,31666,31370,31397,31377,31585,31509,31516,31547,31391,31564,31447,31662,31586,31424,31586,31237,31271,31785,31413,31471,31295,31571,31771,31387,31305,31360,31571,31733,31565,31563,31338,31449,31482,31554,31588,31773,31258,31513,31209,31431,31381,31451,31735,31216,31390,31577,31347,31624,31588,31467,31726,31796,31226,31551,31656,31287,31317,31257,31501,31794,31498,31594,31495,31769,31689,31375,31495,31794,31551,31559,31552,31564,31549,31652,31636,31421,31430,31706,31489,31428,31628,31729,31574,31418,31601,31408,31708,31683,31393,31770,31744,31690,31533,31590,31620,31442,31404,31341,31750,31246,31219,31211,31446,31537,31687,31274,31440,31555,31615,31701,31506,31438,31466,31498,31799,31479,31469,31544,31648,31476,31591,31592,31698,31665,31418,31769,31627,31549,31398,31514,31576,31277,31414,31516,31386,31209,31615,31764,31581,31454,31467,31242,31558,31616,31572,31361,31431,31724,31598,31614,31560,31386,31204,31612,31287,31313,31348,31476,31233,31295,31242,31362,31763,31210,31780,31650,31343,31271,31429,31582,31349,31217,31778,31597,31479,31205,31521,31219,31564,31560,31798,31460,31419,31709,31377,31590,31630,31618,31321,31632,31286,31403,31281,31487,31256,31760,31781,31303,31244,31320,31484,31501,31754,31365,31473,31388,31221,31684,31446,31760,31366,31765,31211,31326,31528,31277,31768,31777,31245,31262,31415,31663,31755,31409,31441,31465,31272,31564,31364,31528,31293,31419,31459,31433,31339,31686,31370,31612,31740,31220,31624,31591,31203,31643,31434,31676,31241,31223,31394,31474,31208,31317,31453,31360,31388,31786,31588,31622,31577,31677,31343,31641,31582,31526,31328,31564,31760,31219,31278,31383,31365,31624,31523,31215,31476,31705,31750,31756,31404,31386,31230,31588,31459,31562,31358,31521,31529,31456,31720,31256,31375,31436,31559,31598,31384,31615,31429,31322,31653,31387,31410,31712,31485,31686,31208,31279,31522,31703,31481,31488,31429,31393,31376,31246,31664,31341,31367,31800,31716,31448,31222,31784,31207,31426,31517,31226,31740,31260,31334,31585,31347,31293,31462,31579,31429,31678,31730,31759,31694,31792,31392,31574,31626,31397,31324,31560,31522,31475,31254,31379,31414,31484,31712,31477,31737,31345,31597,31413,31778,31478,31642,31598,31573,31633,31340,31271,31769,31433,31776,31580,31625,31781,31465,31791,31558,31588,31327,31516,31318,31337,31399,31773,31635,31202,31554,31315,31783,31475,31641,31557,31447,31587,31497,31362,31297,31392,31287,31397,31513,31381,31745,31283,31425,31677,31344,31315,31630,31770,31296,31359,31355,31799,31556,31753,31376,31697,31635,31439,31278,31228,31252,31441,31222,31229,31444,31608,31625,31662,31738,31416,31537,31730,31556,31773,31365,31636,31534,31516,31231,31354,31360,31347,31705,31415,31266,31440,31551,31629,31589,31663,31331,31358,31455,31442,31284,31629,31680,31365,31394,31632,31673,31756,31774,31712,31275,31800,31696,31679,31373,31377,31363,31201,31484,31214,31590,31705,31476,31709,31346,31555,31555,31521,31532,31238,31278,31515,31698,31753,31221,31534,31531,31662,31410,31489,31791,31696,31559,31525,31442,31633,31308,31671,31670,31264,31582,31318,31723,31723,31468,31705,31397,31239,31282,31782,31304,31699,31300,31446,31316,31662,31496,31340,31550,31715,31526,31200,31233,31309,31684,31527,31439,31453,31769,31506,31290,31480,31355,31705,31708,31460,31408,31237,31640,31398,31209,31254,31333,31335,31560,31322,31406,31622,31302,31721,31297,31746,31742,31369,31555,31537,31354,31354,31752,31680,31277,31203,31230,31338,31683,31209,31427,31737,31636,31556,31369,31748,31611,31550,31758,31748,31344,31455,31505,31367,31606,31464,31650,31272,31393,31559,31637,31563,31782,31434,31222,31560,31274,31649,31345,31737,31415,31630,31221,31593,31501,31252,31526,31209,31399,31639,31492,31690,31550,31390,31392,31384,31518,31533,31264,31370,31429,31308,31625,31448,31312,31492,31285,31231,31735,31739,31466,31468,31229,31777,31680,31577,31714,31517,31299,31319,31676,31746,31585,31788,31736,31649,31680,31691,31303,31395,31486,31760,31778,31341,31747,31605,31682,31447,31591,31236,31777,31712,31749,31348,31549,31468,31261,31431,31605,31605,31288,31430,31217,31436,31435,31510,31508,31403,31203,31772,31259,31477,31733,31614,31490,31307,31622,31656,31601,31409,31299,31283,31348,31223,31357,31581,31407,31756,31278,31689,31265,31333,31316,31501,31235,31255,31343,31430,31403,31775,31349,31420,31575,31524,31287,31597,31725,31309,31570,31653,31353,31413,31366,31362,31558,31715,31485,31753,31232,31562,31695,31438,31207,31513,31511,31691,31564,31363,31553,31772,31717,31470,31625,31369,31478,31449,31357,31597,31591,31296,31451,31752,31540,31690,31472,31794,31682,31267,31296,31771,31206,31760,31562,31224,31319,31600,31423,31797,31718,31503,31613,31497,31282,31752,31288,31256,31651,31438,31454,31312,31394,31345,31653,31389,31667,31299,31580,31383,31226,31299,31564,31551,31523,31489,31238,31717,31213,31541,31383,31526,31430,31539,31628,31582,31270,31427,31450,31339,31413,31671,31616,31652,31205,31460,31660,31389,31620,31624,31640,31500,31441,31203,31330,31715,31409,31342,31606,31284,31373,31555,31230,31499,31404,31583,31434,31644,31271,31543,31776,31294,31425,31417,31368,31784,31224,31467,31739,31491,31484,31657,31346,31262,31442,31425,31633,31333,31247,31239,31598,31766,31362,31276,31780,31773,31418,31398,31213,31691,31434,31790,31328,31711,31564,31570,31236,31653,31642,31706,31447,31449,31565,31668,31615,31546,31552,31732,31242,31298,31454,31281,31256,31553,31488,31553,31529,31748,31787,31385,31532,31393,31602,31360,31275,31249,31241,31716,31756,31379,31343,31305,31345,31211,31616,31612,31349,31646,31278,31500,31660,31509,31230,31601,31757,31623,31691,31594,31631,31225,31448,31365,31671,31449,31214,31505,31347,31510,31797,31474,31263,31747,31216,31467,31742,31607,31364,31691,31273,31604,31381,31588,31720,31368,31253,31675,31596,31299,31637,31241,31449,31513,31716,31382,31410,31495,31306,31334,31773,31797,31611,31571,31518,31660,31514,31319,31389,31689,31719,31585,31750,31358,31328,31656,31461,31658,31645,31656,31774,31732,31438,31523,31689,31398,31347,31683,31363,31401,31383,31615,31744,31285,31217,31552,31566,31474,31354,31449,31773,31403,31746,31379,31254,31345,31213,31676,31261,31242,31280,31253,31311,31590,31367,31655,31726,31473,31397,31799,31369,31718,31300,31269,31294,31748,31215,31636,31589,31576,31733,31674,31231,31566,31575,31496,31550,31693,31597,31696,31755,31734,31640,31438,31490,31768,31241,31329,31582,31550,31419,31412,31302,31675,31793,31622,31323,31211,31449,31706,31750,31470,31642,31608,31470,31445,31289,31460,31650,31308,31668,31335,31573,31487,31572,31784,31514,31598,31593,31626,31604,31620,31580,31445,31465,31371,31723,31351,31762,31381,31606,31684,31402,31547,31590,31272,31589,31535,31681,31763,31310,31319,31771,31644,31212,31444,31469,31494,31341,31371,31301,31244,31438,31560,31669,31688,31799,31787,31650,31748,31399,31265,31559,31221,31478,31629,31221,31628,31627,31687,31776,31235,31513,31614,31547,31272,31604,31610,31381,31602,31744,31607,31723,31396,31378,31676,31685,31796,31603,31228,31298,31548,31792,31220,31763,31760,31486,31728,31671,31711,31480,31776,31454,31582,31561,31531,31643,31742,31544,31472,31385,31651,31676,31278,31567,31786,31669,31794,31370,31709,31725,31499,31575,31242,31482,31629,31383,31770,31621,31585,31681,31215,31463,31730,31481,31256,31415,31301,31498,31757,31421,31770,31440,31604,31265,31495,31450,31514,31361,31677,31357,31260,31686,31203,31552,31505,31330,31251,31320,31642,31470,31664,31237,31339,31630,31350,31532,31771,31699,31469,31686,31213,31494,31556,31785,31601,31689,31546,31641,31292,31627,31230,31248,31708,31610,31534,31786,31246,31614,31514,31595,31313,31589,31322,31604,31507,31696,31799,31518,31401,31333,31208,31650,31399,31700,31751,31605,31616,31321,31242,31775,31291,31395,31357,31580,31210,31226,31357,31387,31554,31350,31638,31741,31757,31677,31339,31692,31787,31338,31533,31297,31256,31448,31377,31413,31457,31211,31561,31750,31666,31492,31422,31728,31414,31288,31711,31427,31800,31474,31383,31465,31402,31499,31691,31235,31727,31662,31434,31535,31581,31543,31224,31537,31409,31228,31661,31491,31496,31673,31356,31659,31800,31209,31574,31226,31606,31285,31729,31642,31569,31441,31636,31290,31341,31719,31518,31635,31781,31472,31427,31566,31310,31733,31399,31618,31712,31432,31621,31403,31631,31725,31447,31389,31209,31649,31529,31523,31530,31766,31395,31493,31656,31717,31455,31616,31312,31556,31512,31457,31467,31407,31655,31523,31452,31216,31597,31463,31570,31509,31619,31704,31201,31648,31750,31709,31634,31210,31571,31364,31286,31409,31491,31646,31736,31516,31369,31674,31319,31204,31209,31712,31659,31373,31206,31324,31502,31288,31420,31343,31728,31751,31541,31795,31299,31528,31224,31741,31238,31467,31310,31616,31523,31389,31264,31716,31610,31692,31691,31210,31314,31558,31391,31567,31458,31665,31493,31260,31568,31754,31294,31298,31358,31353,31217,31282,31627,31564,31555,31617,31504,31379,31401,31680,31613,31544,31467,31470,31697,31351,31580,31207,31255,31446,31466,31391,31630,31417,31636,31709,31482,31658,31570,31532,31266,31711,31509,31396,31594,31444,31610,31491,31616,31203,31306,31626,31219,31433,31370,31360,31226,31372,31444,31618,31356,31746,31774,31233,31739,31774,31577,31530,31695,31429,31484,31301,31393,31482,31780,31735,31474,31303,31473,31298,31694,31694,31303,31547,31420,31600,31349,31492,31696,31675,31538,31253,31549,31515,31689,31262,31722,31330,31570,31477,31575,31516,31605,31244,31477,31494,31568,31745,31311,31613,31534,31718,31254,31722,31668,31403,31701,31218,31788,31751,31473,31451,31386,31553,31228,31400,31550,31579,31272,31264,31330,31407,31229,31202,31219,31377,31224,31255,31383,31257,31292,31299,31372,31331,31267,31410,31562,31601,31777,31675,31355,31593,31770,31326,31323,31682,31769,31269,31517,31785,31241,31651,31633,31687,31543,31513,31369,31434,31640,31645,31209,31563,31308,31544,31346,31387,31329,31625,31226,31231,31387,31210,31760,31502,31202,31425,31415,31249,31238,31213,31666,31510,31544,31530,31381,31729,31242,31624,31556,31439,31795,31757,31553,31535,31234,31399,31421,31769,31637,31673,31460,31577,31304,31553,31420,31331,31503,31410,31552,31583,31214,31242,31328,31508,31295,31736,31534,31709,31277,31648,31451,31525,31472,31558,31711,31338,31376,31222,31360,31528,31246,31236,31263,31301,31535,31442,31767,31409,31240,31449,31492,31325,31521,31730,31709,31521,31342,31539,31707,31484,31397,31695,31677,31777,31290,31325,31352,31222,31566,31631,31520,31490,31205,31506,31229,31249,31399,31589,31557,31451,31379,31269,31305,31376,31393,31267,31529,31268,31632,31618,31411,31784,31727,31451,31794,31214,31757,31270,31769,31589,31357,31640,31487,31766,31561,31462,31338,31472,31208,31312,31566,31645,31766,31261,31768,31635,31259,31562,31631,31569,31586,31693,31338,31427,31257,31709,31253,31621,31305,31368,31284,31771,31589,31583,31305,31298,31608,31221,31749,31604,31412,31380,31490,31413,31625,31435,31431,31639,31600,31479,31461,31308,31774,31704,31351,31264,31556,31238,31450,31704,31613,31210,31594,31320,31425,31569,31363,31526,31281,31400,31755,31507,31796,31746,31240,31790,31327,31213,31493,31730,31252,31396,31370,31411,31242,31535,31527,31732,31768,31235,31467,31576,31694,31342,31694,31714,31612,31267,31205,31748,31223,31602,31328,31489,31341,31485,31703,31618,31689,31591,31767,31596,31541,31378,31255,31396,31605,31698,31644,31708,31736,31513,31789,31254,31376,31372,31406,31706,31414,31266,31257,31347,31581,31777,31466,31203,31650,31441,31674,31303,31207,31300,31697,31319,31224,31576,31360,31733,31713,31623,31342,31530,31241,31311,31214,31457,31553,31622,31678,31437,31775,31442,31769,31309,31304,31586,31609,31382,31346,31719,31246,31648,31381,31348,31449,31442,31235,31720,31724,31284,31444,31329,31421,31563,31416,31200,31209,31424,31346,31263,31267,31645,31716,31395,31487,31709,31540,31666,31774,31506,31759,31214,31338,31728,31371,31662,31396,31432,31394,31462,31256,31276,31561,31330,31491,31778,31645,31372,31493,31393,31476,31447,31745,31344,31565,31530,31356,31557,31359,31781,31218,31297,31492,31739,31679,31520,31411,31323,31542,31706,31255,31550,31704,31744,31678,31233,31701,31291,31798,31627,31278,31281,31518,31629,31415,31582,31250,31483,31351,31485,31485,31250,31442,31417,31659,31428,31732,31663,31459,31265,31203,31464,31524,31520,31687,31334,31223,31267,31355,31202,31491,31471,31234,31211,31270,31605,31500,31461,31784,31558,31794,31693,31643,31553,31613,31296,31335,31723,31540,31674,31533,31488,31500,31410,31600,31796,31798,31779,31789,31749,31317,31426,31479,31682,31295,31685,31658,31601,31762,31677,31421,31311,31610,31737,31454,31375,31781,31399,31719,31604,31266,31533,31258,31242,31686,31657,31785,31685,31628,31392,31379,31456,31788,31353,31234,31329,31731,31344,31510,31373,31293,31377,31731,31452,31278,31232,31326,31418,31384,31615,31397,31732,31703,31529,31435,31236,31317,31797,31324,31268,31435,31235,31440,31569,31722,31232,31680,31708,31310,31728,31606,31432,31789,31647,31786,31375,31372,31732,31572,31352,31736,31662,31309,31319,31535,31371,31799,31210,31628,31222,31347,31234,31560,31638,31767,31323,31665,31510,31366,31799,31298,31359,31255,31276,31451,31473,31791,31726,31727,31240,31490,31767,31749,31469,31404,31458,31418,31673,31478,31745,31732,31692,31478,31318,31305,31348,31452,31384,31611,31213,31565,31300,31698,31442,31584,31630,31642,31766,31420,31743,31681,31736,31400,31308,31530,31448,31307,31507,31714,31718,31377,31237,31397,31424,31203,31266,31297,31208,31345,31495,31479,31598,31395,31629,31484,31733,31575,31392,31522,31227,31289,31401,31316,31673,31284,31654,31423,31740,31531,31214,31710,31742,31594,31652,31471,31216,31654,31541,31352,31257,31352,31739,31483,31584,31250,31354,31595,31290,31606,31365,31763,31374,31469,31289,31220,31720,31732,31701,31741,31551,31429,31669,31254,31272,31246,31542,31602,31457,31215,31683,31480,31500,31282,31730,31247,31543,31681,31201,31795,31718,31737,31699,31498,31692,31669,31409,31788,31693,31248,31287,31276,31269,31607,31737,31496,31302,31775,31720,31450,31500,31334,31523,31581,31555,31687,31651,31403,31640,31296,31329,31791,31416,31566,31754,31490,31545,31281,31623,31202,31628,31774,31347,31384,31663,31406,31390,31268,31255,31689,31312,31592,31517,31313,31371,31227,31642,31516,31380,31637,31494,31561,31302,31625,31202,31581,31373,31717,31398,31785,31321,31446,31507,31306,31781,31411,31306,31510,31575,31462,31660,31715,31487,31675,31285,31610,31756,31788,31475,31531,31589,31701,31606,31311,31692,31620,31323,31706,31628,31311,31514,31339,31763,31276,31475,31484,31283,31458,31676,31577,31417,31701,31782,31775,31627,31707,31624,31681,31627,31282,31676,31284,31707,31322,31350,31543,31657,31534,31426,31757,31518,31215,31560,31675,31737,31790,31223,31407,31389,31596,31774,31362,31679,31383,31296,31562,31406,31671,31650,31525,31268,31388,31228,31294,31413,31571,31531,31439,31251,31358,31786,31530,31562,31314,31468,31422,31267,31523,31800,31655,31725,31686,31428,31351,31234,31545,31558,31653,31428,31447,31406,31285,31730,31294,31736,31271,31621,31214,31491,31312,31443,31389,31402,31678,31403,31308,31423,31432,31236,31410,31336,31418,31686,31415,31245,31727,31563,31475,31210,31741,31393,31699,31789,31302,31283,31465,31755,31487,31277,31314,31400,31464,31570,31361,31494,31650,31343,31799,31251,31580,31604,31607,31560,31452,31426,31249,31719,31782,31661,31514,31472,31574,31543,31504,31230,31593,31786,31455,31397,31695,31531,31498,31718,31460,31310,31529,31758,31721,31288,31527,31613,31376,31283,31464,31432,31537,31751,31709,31638,31293,31632,31323,31436,31324,31365,31397,31332,31684,31397,31444,31633,31623,31504,31203,31250,31714,31622,31699,31729,31685,31371,31449,31651,31741,31571,31511,31244,31637,31460,31713,31219,31211,31755,31785,31711,31289,31523,31679,31470,31419,31418,31628,31213,31280,31729,31400,31417,31661,31360,31429,31764,31550,31543,31746,31739,31436,31483,31595,31602,31716,31457,31528,31355,31359,31418,31321,31663,31404,31657,31723,31236,31236,31751,31603,31502,31565,31650,31797,31446,31463,31496,31286,31695,31288,31533,31618,31201,31776,31627,31783,31733,31301,31752,31464,31248,31692,31762,31383,31234,31419,31640,31787,31573,31458,31453,31754,31388,31620,31729,31659,31689,31717,31760,31413,31402,31570,31754,31718,31487,31606,31671,31601,31364,31763,31719,31623,31536,31456,31340,31621,31416,31556,31494,31788,31529,31285,31754,31500,31635,31636,31418,31715,31670,31627,31495,31486,31782,31482,31498,31707,31263,31464,31655,31736,31665,31324,31733,31631,31700,31308,31350,31723,31534,31417,31200,31611,31335,31741,31254,31289,31500,31774,31565,31395,31270,31743,31292,31470,31520,31671,31455,31522,31744,31611,31442,31714,31448,31762,31381,31501,31607,31377,31660,31662,31367,31664,31278,31494,31681,31753,31618,31525,31576,31325,31676,31306,31717,31673,31356,31547,31322,31589,31760,31418,31796,31666,31492,31769,31360,31778,31439,31572,31576,31559,31297,31430,31338,31339,31592,31777,31479,31219,31474,31261,31794,31697,31515,31227,31470,31431,31238,31456,31768,31250,31309,31337,31339,31476,31539,31326,31756,31795,31374,31653,31685,31421,31562,31350,31315,31445,31603,31385,31252,31781,31737,31614,31728,31583,31382,31277,31423,31334,31590,31331,31317,31230,31405,31216,31348,31353,31312,31268,31769,31286,31762,31500,31661,31759,31353,31400,31705,31345,31496,31356,31711,31406,31688,31502,31690,31409,31511,31219,31379,31515,31259,31578,31382,31401,31512,31715,31573,31332,31435,31612,31557,31694,31624,31341,31595,31338,31775,31440,31264,31765,31455,31403,31260,31635,31548,31680,31698,31443,31416,31238,31633,31395,31743,31323,31538,31626,31520,31620,31680,31714,31628,31345,31631,31284,31661,31482,31799,31456,31734,31370,31499,31206,31467,31282,31360,31748,31286,31536,31389,31508,31474,31638,31681,31665,31723,31384,31498,31259,31376,31305,31445,31460,31283,31291,31628,31438,31448,31238,31391,31735,31758,31641,31723,31490,31206,31425,31354,31736,31735,31271,31675,31783,31275,31680,31463,31709,31372,31452,31644,31242,31396,31648,31689,31360,31418,31598,31382,31507,31359,31223,31742,31377,31781,31395,31551,31495,31357,31264,31509,31236,31201,31432,31587,31760,31487,31223,31353,31317,31383,31532,31413,31447,31311,31680,31474,31274,31615,31760,31293,31541,31471,31218,31610,31379,31407,31268,31550,31590,31293,31286,31740,31769,31643,31533,31316,31415,31759,31371,31213,31368,31540,31712,31793,31205,31735,31211,31772,31524,31496,31253,31476,31219,31717,31618,31732,31242,31218,31252,31435,31236,31471,31554,31659,31581,31703,31511,31473,31367,31591,31300,31382,31706,31327,31377,31521,31329,31388,31321,31498,31580,31694,31336,31551,31715,31707,31249,31710,31617,31752,31492,31306,31208,31762,31727,31642,31482,31244,31534,31280,31589,31444,31267,31298,31241,31645,31554,31641,31635,31222,31297,31312,31535,31787,31422,31265,31364,31784,31634,31319,31437,31603,31281,31349,31526,31792,31249,31477,31441,31526,31325,31616,31363,31784,31674,31741,31791,31340,31458,31384,31634,31704,31706,31507,31753,31446,31302,31440,31773,31503,31444,31289,31794,31375,31727,31250,31782,31288,31225,31255,31493,31232,31508,31735,31205,31579,31476,31292,31462,31444,31763,31582,31261,31564,31512,31244,31458,31253,31678,31718,31702,31338,31343,31700,31712,31292,31794,31752,31599,31425,31769,31477,31769,31369,31789,31730,31662,31515,31766,31211,31754,31280,31576,31258,31373,31422,31241,31662,31300,31401,31334,31329,31780,31687,31403,31271,31491,31309,31226,31480,31485,31531,31598,31317,31337,31595,31300,31357,31569,31530,31343,31653,31239,31752,31218,31306,31354,31298,31606,31539,31294,31353,31449,31394,31311,31205,31396,31759,31470,31571,31471,31238,31310,31602,31459,31592,31751,31492,31502,31793,31655,31550,31352,31656,31260,31759,31779,31239,31675,31549,31303,31278,31322,31690,31465,31573,31268,31385,31312,31763,31485,31350,31442,31454,31276,31687,31283,31286,31743,31358,31293,31293,31695,31414,31776,31242,31792,31738,31667,31257,31345,31280,31485,31503,31528,31593,31431,31499,31592,31577,31757,31746,31517,31409,31587,31590,31242,31668,31712,31472,31589,31308,31294,31336,31581,31713,31693,31790,31377,31601,31631,31415,31274,31565,31525,31210,31321,31246,31795,31261,31765,31237,31222,31605,31560,31585,31242,31604,31343,31554,31566,31350,31532,31717,31289,31522,31460,31618,31563,31440,31487,31301,31512,31464,31213,31697,31466,31599,31422,31219,31644,31781,31703,31373,31688,31296,31441,31254,31626,31539,31312,31436,31293,31227,31394,31261,31514,31275,31445,31423,31776,31428,31300,31283,31468,31432,31637,31267,31401,31674,31746,31259,31800,31628,31760,31476,31656,31221,31345,31465,31442,31792,31535,31278,31749,31771,31676,31764,31332,31437,31347,31661,31352,31694,31636,31753,31639,31473,31279,31493,31233,31417,31264,31249,31302,31484,31510,31597,31563,31580,31611,31232,31488,31476,31345,31728,31283,31693,31585,31576,31797,31643,31492,31215,31742,31279,31678,31773,31235,31332,31395,31718,31799,31313,31307,31659,31787,31526,31318,31562,31625,31608,31526,31435,31722,31315,31621,31776,31566,31747,31611,31543,31347,31635,31278,31448,31309,31506,31735,31393,31245,31503,31448,31569,31248,31236,31437,31666,31234,31215,31432,31585,31618,31761,31661,31479,31683,31280,31501,31619,31582,31597,31634,31319,31384,31372,31729,31463,31359,31331,31750,31234,31316,31619,31274,31784,31282,31613,31597,31746,31292,31417,31572,31367,31427,31242,31302,31518,31643,31484,31614,31602,31562,31286,31550,31315,31547,31563,31788,31203,31538,31686,31534,31209,31562,31534,31671,31665,31785,31468,31715,31284,31308,31539,31383,31589,31472,31209,31502,31784,31278,31765,31436,31692,31512,31735,31546,31363,31219,31256,31752,31526,31707,31796,31543,31403,31358,31347,31439,31708,31708,31661,31232,31625,31646,31756,31503,31373,31689,31290,31796,31328,31700,31313,31791,31298,31394,31728,31245,31445,31652,31409,31339,31508,31427,31663,31442,31247,31674,31796,31759,31709,31488,31699,31545,31511,31769,31444,31687,31550,31448,31392,31490,31318,31693,31755,31250,31663,31208,31666,31776,31360,31735,31474,31685,31597,31376,31791,31610,31272,31398,31280,31322,31505,31286,31603,31217,31337,31309,31412,31646,31592,31511,31603,31430,31358,31429,31229,31228,31678,31680,31264,31323,31360,31455,31732,31477,31443,31207,31424,31206,31427,31475,31657,31531,31238,31518,31264,31336,31637,31521,31605,31386,31640,31251,31673,31253,31665,31672,31680,31461,31219,31502,31510,31798,31799,31341,31356,31215,31642,31619,31778,31463,31798,31784,31647,31569,31262,31208,31685,31505,31561,31672,31615,31506,31564,31370,31330,31263,31444,31565,31794,31413,31439,31219,31658,31211,31302,31765,31705,31634,31404,31396,31692,31521,31426,31470,31442,31271,31512,31480,31620,31703,31546,31291,31378,31348,31297,31534,31377,31526,31615,31534,31493,31402,31656,31419,31719,31570,31477,31618,31689,31682,31236,31554,31392,31402,31799,31710,31527,31793,31679,31351,31532,31223,31463,31205,31615,31403,31364,31613,31426,31603,31242,31600,31408,31281,31300,31335,31242,31408,31246,31499,31540,31505,31584,31488,31374,31766,31251,31784,31743,31569,31565,31780,31214,31372,31764,31742,31597,31707,31665,31561,31740,31581,31605,31300,31674,31621,31668,31447,31628,31481,31358,31567,31728,31222,31585,31635,31603,31667,31576,31701,31238,31528,31445,31715,31401,31379,31507,31652,31693,31535,31527,31664,31535,31543,31705,31635,31270,31251,31544,31382,31533,31757,31442,31307,31266,31799,31761,31275,31579,31625,31294,31493,31794,31608,31776,31442,31403,31518,31211,31483,31689,31206,31206,31300,31311,31244,31437,31671,31260,31415,31288,31348,31418,31222,31797,31410,31343,31255,31317,31748,31785,31695,31460,31569,31727,31720,31800,31356,31600,31713,31497,31311,31248,31227,31610,31758,31300,31688,31575,31661,31452,31330,31557,31717,31432,31608,31652,31585,31250,31699,31600,31741,31556,31751,31461,31722,31550,31493,31646,31347,31268,31674,31788,31669,31783,31644,31390,31712,31679,31501,31645,31672,31308,31604,31418,31203,31493,31632,31607,31796,31385,31514,31663,31402,31485,31645,31391,31424,31533,31203,31202,31457,31536,31702,31551,31537,31747,31333,31254,31605,31310,31558,31404,31293,31522,31723,31605,31613,31382,31675,31533,31441,31336,31700,31636,31606,31740,31587,31782,31346,31741,31740,31402,31442,31305,31707,31699,31218,31392,31315,31387,31563,31441,31533,31271,31438,31693,31709,31264,31641,31662,31480,31539,31794,31765,31694,31471,31772,31269,31405,31700,31231,31700,31361,31365,31267,31467,31576,31644,31288,31271,31425,31702,31551,31460,31205,31409,31729,31454,31610,31353,31612,31343,31627,31679,31582,31710,31698,31618,31310,31386,31662,31596,31635,31639,31755,31441,31737,31629,31760,31440,31215,31204,31665,31692,31646,31731,31730,31388,31770,31532,31793,31223,31422,31600,31571,31331,31210,31436,31351,31215,31632,31340,31313,31475,31365,31495,31679,31665,31319,31760,31679,31480,31760,31746,31656,31204,31772,31688,31511,31344,31484,31772,31259,31246,31496,31286,31645,31292,31583,31498,31743,31682,31653,31350,31576,31359,31537,31479,31779,31673,31509,31535,31770,31288,31739,31397,31372,31384,31653,31242,31567,31465,31331,31284,31517,31270,31783,31461,31324,31450,31622,31783,31522,31660,31496,31798,31229,31720,31645,31373,31348,31777,31473,31625,31800,31492,31512,31711,31418,31689,31706,31222,31225,31496,31358,31591,31328,31255,31387,31550,31283,31202,31473,31298,31571,31383,31729,31454,31573,31620,31438,31396,31588,31623,31601,31741,31586,31383,31312,31474,31732,31767,31304,31437,31736,31596,31279,31468,31790,31582,31769,31547,31409,31501,31352,31398,31646,31791,31738,31470,31594,31200,31561,31615,31519,31342,31314,31705,31207,31789,31327,31376,31760,31605,31629,31539,31265,31783,31777,31515,31306,31635,31589,31478,31275,31540,31626,31445,31349,31743,31291,31754,31225,31456,31356,31471,31310,31487,31416,31547,31624,31799,31586,31796,31641,31374,31458,31720,31410,31225,31240,31367,31600,31699,31773,31795,31766,31595,31206,31719,31290,31551,31311,31403,31604,31381,31780,31555,31729,31370,31210,31229,31325,31758,31331,31218,31246,31410,31758,31629,31664,31621,31225,31291,31506,31302,31330,31222,31635,31257,31507,31438,31670,31506,31467,31657,31312,31794,31563,31520,31350,31729,31572,31485,31670,31360,31543,31700,31433,31732,31478,31680,31438,31267,31752,31520,31583,31239,31266,31577,31314,31637,31688,31242,31442,31459,31298,31682,31477,31558,31510,31758,31630,31515,31558,31508,31282,31567,31482,31235,31341,31276,31672,31589,31439,31778,31502,31496,31392,31410,31475,31226,31692,31283,31498,31581,31603,31371,31663,31506,31759,31578,31259,31515,31296,31312,31655,31587,31418,31272,31378,31453,31223,31435,31345,31689,31743,31506,31332,31399,31645,31637,31719,31489,31557,31298,31743,31658,31243,31433,31509,31608,31648,31335,31265,31529,31611,31500,31535,31597,31349,31372,31705,31527,31240,31343,31596,31460,31267,31677,31619,31765,31310,31725,31201,31361,31427,31728,31635,31561,31483,31204,31522,31257,31287,31266,31734,31405,31402,31230,31358,31414,31215,31364,31599,31725,31384,31567,31312,31543,31657,31583,31703,31741,31294,31467,31387,31297,31307,31696,31418,31653,31341,31528,31675,31773,31216,31314,31544,31684,31608,31304,31759,31463,31276,31451,31386,31237,31210,31670,31357,31655,31314,31622,31302,31428,31520,31489,31352,31215,31662,31252,31410,31472,31410,31682,31400,31776,31238,31517,31567,31210,31240,31796,31414,31201,31743,31595,31635,31484,31723,31781,31233,31478,31530,31493,31633,31229,31741,31225,31458,31485,31408,31390,31722,31476,31320,31444,31526,31416,31443,31659,31662,31588,31235,31293,31362,31613,31757,31793,31486,31355,31752,31357,31716,31746,31211,31620,31775,31347,31429,31744,31731,31246,31582,31703,31780,31533,31572,31786,31673,31249,31383,31245,31298,31418,31471,31307,31774,31626,31765,31625,31625,31526,31377,31230,31573,31599,31290,31231,31778,31487,31659,31771,31345,31460,31621,31373,31365,31584,31464,31685,31731,31512,31627,31228,31638,31651,31427,31649,31410,31388,31339,31674,31327,31248,31520,31275,31711,31473,31672,31229,31765,31343,31531,31201,31375,31298,31231,31513,31467,31301,31526,31636,31768,31628,31568,31228,31316,31523,31792,31435,31764,31472,31201,31708,31211,31262,31641,31599,31508,31681,31551,31287,31323,31660,31540,31381,31778,31720,31667,31291,31552,31216,31369,31240,31775,31440,31532,31424,31429,31740,31775,31550,31787,31688,31523,31354,31700,31570,31261,31289,31773,31735,31574,31606,31518,31697,31730,31399,31445,31292,31725,31746,31362,31797,31468,31254,31675,31317,31686,31471,31275,31200,31284,31461,31223,31292,31265,31658,31623,31336,31584,31306,31423,31574,31692,31556,31799,31420,31433,31438,31704,31643,31553,31709,31561,31257,31287,31776,31695,31278,31518,31394,31771,31346,31544,31394,31341,31766,31780,31719,31266,31313,31662,31461,31305,31706,31496,31311,31579,31723,31782,31491,31425,31483,31605,31240,31274,31356,31211,31418,31563,31751,31240,31618,31615,31332,31572,31392,31664,31304,31239,31441,31345,31759,31667,31654,31555,31557,31355,31447,31611,31408,31461,31789,31633,31657,31580,31476,31723,31510,31241,31487,31451,31704,31496,31548,31218,31240,31685,31590,31434,31596,31230,31513,31782,31718,31718,31435,31278,31749,31266,31366,31676,31682,31652,31456,31449,31207,31556,31414,31544,31584,31717,31399,31746,31470,31570,31249,31601,31369,31403,31768,31773,31405,31510,31797,31361,31264,31586,31434,31721,31578,31734,31338,31351,31525,31546,31708,31269,31510,31731,31689,31600,31307,31532,31624,31507,31791,31241,31604,31757,31527,31475,31296,31400,31374,31228,31560,31562,31461,31352,31692,31212,31223,31752,31742,31316,31776,31800,31736,31521,31688,31272,31369,31634,31509,31540,31623,31669,31465,31572,31412,31800,31437,31461,31424,31675,31452,31593,31476,31684,31327,31371,31434,31591,31317,31649,31777,31569,31406,31748,31334,31306,31624,31393,31296,31470,31223,31499,31655,31546,31313,31456,31275,31243,31253,31393,31744,31620,31571,31581,31679,31420,31575,31405,31368,31202,31752,31222,31245,31226,31768,31570,31349,31244,31534,31636,31222,31499,31518,31403,31553,31680,31699,31694,31708,31754,31600,31454,31498,31672,31669,31274,31775,31619,31729,31245,31332,31651,31200,31583,31635,31749,31749,31760,31697,31553,31693,31258,31479,31710,31614,31461,31447,31684,31246,31356,31767,31661,31793,31313,31603,31664,31390,31591,31689,31336,31587,31626,31253,31786,31404,31347,31591,31332,31318,31258,31767,31715,31553,31792,31684,31644,31355,31415,31303,31671,31306,31520,31613,31572,31767,31647,31514,31661,31576,31505,31608,31752,31391,31548,31503,31452,31779,31758,31433,31539,31690,31755,31472,31312,31666,31489,31395,31796,31552,31769,31469,31539,31550,31506,31258,31469,31688,31473,31567,31466,31436,31431,31669,31515,31237,31266,31453,31289,31752,31421,31686,31743,31201,31418,31505,31750,31663,31520,31328,31374,31396,31299,31652,31761,31486,31753,31596,31773,31498,31693,31393,31516,31483,31728,31283,31680,31237,31683,31326,31702,31763,31403,31340,31293,31212,31552,31632,31607,31355,31689,31568,31777,31731,31319,31738,31544,31527,31688,31476,31777,31381,31608,31333,31672,31325,31334,31414,31371,31562,31370,31798,31768,31651,31250,31225,31517,31212,31545,31468,31489,31768,31351,31470,31231,31631,31257,31782,31771,31261,31474,31321,31593,31304,31630,31417,31562,31696,31261,31241,31561,31571,31797,31445,31266,31399,31729,31440,31241,31349,31595,31235,31555,31295,31283,31353,31355,31208,31699,31782,31404,31760,31646,31359,31616,31609,31456,31218,31338,31477,31262,31753,31756,31310,31672,31709,31247,31552,31640,31647,31401,31706,31761,31462,31675,31226,31397,31604,31798,31211,31441,31559,31319,31314,31460,31294,31385,31440,31543,31576,31207,31236,31287,31515,31413,31217,31458,31574,31595,31507,31448,31242,31379,31712,31289,31705,31489,31506,31710,31354,31534,31595,31443,31579,31730,31283,31622,31488,31610,31241,31501,31582,31511,31696,31699,31242,31365,31429,31643,31417,31643,31238,31759,31489,31451,31690,31550,31673,31635,31653,31629,31695,31701,31634,31501,31390,31311,31624,31405,31277,31609,31385,31589,31408,31226,31571,31512,31744,31567,31294,31765,31500,31788,31620,31255,31714,31294,31282,31432,31397,31684,31528,31594,31301,31502,31760,31617,31248,31602,31516,31333,31541,31493,31327,31468,31538,31391,31294,31234,31545,31659,31454,31247,31638,31268,31718,31213,31475,31360,31571,31595,31594,31452,31434,31704,31311,31596,31206,31480,31796,31464,31572,31661,31257,31781,31633,31625,31363,31666,31773,31292,31502,31293,31708,31460,31591,31763,31371,31427,31556,31238,31572,31341,31310,31201,31316,31206,31247,31330,31209,31303,31778,31356,31693,31249,31546,31368,31616,31770,31619,31649,31692,31416,31313,31546,31602,31344,31349,31255,31642,31331,31595,31307,31455,31481,31345,31335,31489,31502,31408,31487,31549,31277,31391,31537,31383,31708,31494,31461,31238,31719,31265,31365,31287,31314,31571,31472,31332,31790,31246,31224,31532,31784,31594,31256,31311,31412,31259,31483,31632,31704,31217,31253,31515,31405,31584,31761,31535,31285,31627,31795,31509,31235,31536,31283,31778,31340,31294,31272,31510,31203,31248,31437,31315,31450,31663,31550,31525,31553,31614,31694,31322,31642,31550,31317,31666,31622,31234,31344,31442,31323,31540,31749,31528,31395,31613,31336,31635,31705,31739,31778,31634,31307,31460,31615,31240,31393,31448,31456,31307,31394,31664,31621,31213,31450,31728,31494,31503,31303,31417,31371,31602,31737,31454,31311,31217,31204,31445,31281,31675,31347,31572,31460,31325,31564,31274,31368,31388,31453,31546,31652,31714,31446,31713,31359,31695,31701,31255,31572,31767,31582,31260,31347,31248,31281,31455,31416,31201,31293,31641,31206,31737,31683,31351,31223,31785,31451,31422,31649,31421,31471,31553,31584,31477,31380,31301,31438,31485,31448,31757,31462,31530,31280,31223,31735,31532,31227,31786,31650,31318,31441,31200,31533,31590,31621,31339,31562,31283,31459,31430,31319,31253,31637,31645,31261,31346,31580,31387,31744,31457,31609,31673,31609,31675,31306,31761,31603,31765,31611,31366,31241,31256,31698,31465,31764,31409,31602,31221,31400,31643,31672,31595,31394,31328,31408,31784,31216,31467,31411,31265,31273,31219,31641,31410,31256,31482,31588,31227,31630,31246,31391,31519,31293,31285,31539,31602,31592,31236,31222,31412,31371,31677,31381,31787,31380,31349,31423,31343,31666,31422,31731,31470,31310,31741,31238,31510,31216,31629,31739,31547,31486,31328,31331,31328,31475,31748,31532,31567,31384,31371,31438,31428,31327,31285,31633,31458,31638,31270,31241,31619,31450,31383,31268,31483,31277,31397,31550,31547,31337,31376,31700,31794,31622,31246,31274,31725,31401,31747,31752,31457,31291,31418,31572,31485,31397,31423,31687,31642,31522,31210,31731,31361,31325,31490,31649,31761,31712,31372,31462,31527,31686,31473,31454,31414,31271,31666,31338,31737,31457,31455,31698,31508,31370,31276,31722,31670,31406,31254,31428,31262,31357,31481,31597,31473,31515,31391,31547,31205,31545,31612,31407,31673,31717,31763,31649,31554,31600,31616,31731,31201,31238,31544,31462,31707,31705,31771,31661,31450,31437,31255,31402,31492,31717,31613,31717,31324,31294,31369,31284,31485,31731,31795,31360,31507,31363,31467,31380,31685,31278,31738,31218,31368,31624,31262,31213,31239,31405,31369,31730,31272,31580,31719,31394,31301,31709,31374,31280,31490,31294,31237,31235,31220,31396,31210,31477,31692,31459,31217,31484,31428,31529,31581,31636,31723,31380,31288,31752,31372,31559,31496,31754,31586,31339,31298,31679,31336,31297,31300,31555,31715,31467,31239,31501,31564,31268,31365,31798,31237,31366,31779,31359,31798,31398,31666,31212,31211,31670,31620,31645,31566,31654,31770,31717,31316,31543,31791,31445,31599,31341,31733,31553,31262,31606,31615,31655,31593,31496,31430,31660,31649,31735,31638,31380,31556,31390,31471,31382,31568,31472,31262,31336,31772,31725,31748,31610,31581,31282,31317,31237,31270,31620,31670,31704,31733,31447,31618,31296,31362,31332,31476,31574,31791,31705,31685,31222,31420,31797,31255,31635,31499,31600,31738,31220,31448,31208,31630,31502,31457,31324,31540,31520,31251,31456,31392,31665,31408,31666,31578,31521,31364,31379,31467,31630,31306,31260,31508,31531,31358,31347,31526,31557,31747,31674,31205,31620,31668,31316,31363,31635,31331,31580,31533,31392,31580,31601,31238,31746,31281,31208,31627,31595,31726,31377,31485,31399,31292,31491,31707,31584,31481,31690,31736,31337,31421,31260,31300,31588,31594,31499,31513,31770,31644,31485,31481,31636,31577,31494,31236,31254,31287,31291,31494,31676,31633,31676,31766,31788,31381,31655,31513,31473,31447,31734,31416,31659,31404,31737,31663,31291,31348,31718,31531,31443,31679,31709,31209,31668,31506,31246,31626,31640,31461,31422,31597,31464,31753,31310,31705,31730,31584,31660,31282,31257,31487,31774,31697,31671,31297,31482,31783,31548,31655,31456,31717,31789,31349,31414,31304,31460,31463,31495,31245,31646,31365,31720,31465,31332,31571,31581,31345,31553,31506,31387,31354,31657,31299,31541,31590,31629,31291,31713,31366,31511,31284,31642,31267,31228,31317,31414,31654,31268,31367,31462,31376,31361,31543,31576,31665,31392,31250,31518,31531,31229,31570,31723,31438,31224,31345,31773,31657,31713,31481,31329,31240,31587,31645,31590,31211,31205,31267,31315,31444,31701,31775,31619,31566,31749,31756,31781,31790,31426,31750,31673,31217,31526,31323,31746,31202,31302,31778,31785,31375,31235,31640,31734,31418,31541,31498,31383,31661,31400,31571,31289,31655,31360,31576,31360,31346,31790,31252,31776,31781,31446,31441,31230,31793,31361,31785,31313,31396,31567,31254,31615,31355,31470,31531,31453,31491,31665,31718,31387,31227,31224,31522,31574,31591,31739,31438,31376,31289,31659,31667,31543,31675,31233,31327,31514,31669,31303,31279,31593,31610,31661,31251,31455,31654,31721,31694,31272,31602,31418,31629,31534,31575,31679,31286,31267,31334,31627,31762,31677,31332,31300,31732,31308,31328,31655,31735,31480,31379,31632,31777,31655,31354,31433,31267,31281,31677,31247,31622,31522,31618,31271,31792,31508,31456,31542,31782,31335,31646,31312,31651,31786,31448,31231,31358,31498,31482,31483,31467,31656,31623,31361,31226,31339,31658,31450,31260,31638,31474,31503,31475,31415,31675,31467,31505,31361,31215,31484,31422,31371,31226,31594,31252,31608,31266,31747,31458,31248,31480,31442,31409,31798,31394,31294,31309,31555,31442,31378,31372,31635,31304,31757,31794,31578,31667,31488,31720,31629,31275,31563,31768,31430,31360,31668,31776,31546,31745,31300,31665,31531,31460,31383,31396,31530,31267,31451,31733,31201,31264,31525,31605,31613,31712,31236,31299,31430,31667,31209,31209,31466,31659,31532,31380,31242,31451,31524,31755,31701,31366,31770,31252,31646,31559,31512,31736,31612,31287,31474,31313,31798,31480,31536,31258,31542,31476,31628,31537,31453,31702,31254,31653,31489,31788,31213,31722,31478,31731,31368,31561,31664,31499,31546,31348,31698,31526,31231,31408,31525,31444,31550,31385,31653,31281,31482,31575,31368,31405,31261,31693,31676,31457,31304,31531,31529,31769,31608,31335,31712,31740,31220,31287,31244,31441,31221,31536,31740,31473,31581,31365,31692,31777,31297,31628,31620,31664,31742,31535,31733,31629,31713,31653,31551,31623,31380,31794,31347,31294,31419,31704,31237,31503,31402,31458,31584,31636,31778,31657,31301,31537,31352,31249,31580,31788,31203,31230,31412,31627,31603,31208,31487,31382,31300,31225,31353,31484,31511,31528,31328,31671,31265,31268,31475,31633,31608,31555,31325,31727,31531,31541,31341,31573,31674,31734,31455,31440,31400,31457,31300,31323,31599,31616,31646,31522,31276,31543,31696,31619,31374,31719,31742,31794,31341,31640,31669,31322,31271,31764,31702,31657,31683,31282,31652,31302,31527,31553,31322,31560,31664,31567,31588,31429,31582,31774,31768,31427,31379,31327,31508,31319,31569,31792,31524,31217,31410,31755,31422,31737,31676,31739,31330,31220,31545,31761,31315,31530,31499,31605,31733,31675,31351,31659,31253,31327,31741,31332,31602,31504,31757,31222,31792,31772,31388,31235,31247,31553,31222,31437,31397,31762,31305,31522,31240,31353,31410,31676,31309,31364,31519,31739,31439,31343,31635,31253,31745,31628,31491,31219,31471,31785,31716,31417,31591,31616,31692,31480,31424,31377,31345,31533,31472,31297,31343,31588,31317,31289,31311,31609,31448,31576,31647,31398,31365,31208,31222,31424,31619,31714,31689,31556,31224,31572,31719,31543,31734,31618,31572,31570,31696,31590,31611,31449,31577,31211,31420,31475,31472,31429,31296,31309,31406,31717,31384,31485,31707,31665,31517,31721,31238,31643,31412,31535,31743,31797,31306,31784,31248,31418,31248,31644,31496,31358,31451,31700,31778,31676,31501,31609,31400,31778,31506,31520,31201,31298,31501,31711,31722,31683,31541,31441,31498,31337,31227,31514,31283,31539,31740,31466,31634,31266,31330,31688,31205,31750,31422,31789,31638,31696,31785,31274,31680,31385,31579,31221,31539,31800,31337,31780,31394,31478,31652,31374,31798,31345,31362,31788,31778,31298,31345,31355,31692,31561,31354,31567,31359,31294,31265,31400,31294,31592,31747,31651,31588,31445,31621,31511,31778,31785,31388,31592,31509,31393,31672,31421,31354,31470,31387,31263,31360,31606,31540,31496,31715,31335,31432,31274,31529,31304,31249,31381,31560,31314,31607,31265,31638,31587,31690,31318,31726,31783,31456,31346,31713,31213,31258,31723,31515,31501,31696,31532,31725,31739,31326,31513,31311,31434,31779,31537,31513,31257,31412,31637,31760,31620,31456,31648,31566,31327,31483,31456,31702,31642,31721,31627,31770,31209,31709,31559,31753,31458,31369,31430,31476,31736,31490,31482,31492,31586,31291,31719,31688,31244,31516,31250,31647,31296,31251,31570,31254,31415,31358,31611,31759,31539,31365,31389,31332,31745,31423,31341,31449,31491,31717,31768,31610,31661,31701,31610,31797,31300,31422,31422,31387,31603,31290,31581,31433,31610,31261,31558,31756,31515,31545,31288,31358,31485,31616,31434,31378,31253,31452,31792,31281,31319,31386,31660,31587,31636,31750,31429,31749,31647,31591,31507,31220,31446,31376,31691,31606,31585,31620,31306,31551,31578,31716,31409,31274,31298,31263,31602,31459,31798,31800,31245,31609,31753,31341,31744,31563,31548,31725,31262,31496,31645,31635,31333,31373,31277,31646,31662,31249,31203,31780,31299,31754,31525,31337,31546,31438,31541,31280,31561,31708,31553,31419,31203,31475,31626,31648,31716,31561,31421,31365,31665,31627,31314,31287,31400,31475,31299,31511,31554,31297,31498,31518,31513,31781,31764,31473,31244,31339,31309,31378,31480,31552,31509,31262,31452,31634,31751,31760,31243,31468,31394,31340,31745,31219,31429,31671,31760,31788,31723,31786,31273,31411,31767,31458,31239,31525,31229,31724,31775,31778,31559,31457,31443,31489,31408,31384,31245,31591,31621,31657,31260,31777,31650,31606,31386,31707,31756,31367,31438,31788,31571,31541,31384,31620,31415,31378,31738,31655,31337,31281,31540,31474,31767,31442,31671,31481,31724,31364,31656,31277,31532,31800,31223,31656,31676,31617,31458,31435,31492,31621,31352,31620,31443,31619,31512,31453,31600,31780,31499,31784,31644,31764,31659,31641,31669,31247,31794,31458,31353,31721,31614,31293,31244,31202,31699,31393,31388,31240,31604,31289,31748,31720,31509,31412,31410,31759,31732,31645,31702,31616,31201,31515,31204,31435,31762,31466,31261,31752,31474,31721,31270,31673,31291,31229,31729,31525,31376,31317,31260,31664,31646,31652,31409,31323,31457,31755,31353,31358,31736,31438,31516,31605,31290,31386,31400,31766,31371,31756,31340,31335,31362,31383,31648,31584,31268,31780,31529,31574,31731,31794,31593,31341,31454,31381,31573,31734,31462,31427,31574,31379,31285,31581,31234,31742,31595,31279,31622,31794,31406,31530,31535,31505,31566,31761,31528,31721,31721,31257,31679,31336,31212,31346,31639,31262,31498,31219,31602,31741,31576,31372,31208,31382,31716,31499,31240,31760,31659,31267,31797,31344,31228,31713,31704,31371,31256,31686,31691,31774,31654,31722,31365,31731,31242,31735,31463,31473,31457,31656,31389,31625,31606,31569,31705,31629,31707,31722,31382,31291,31563,31446,31214,31446,31549,31502,31412,31655,31291,31774,31554,31470,31386,31444,31232,31457,31365,31548,31738,31599,31371,31497,31692,31267,31743,31738,31568,31374,31770,31365,31331,31535,31251,31614,31489,31762,31684,31265,31505,31369,31443,31346,31430,31628,31368,31364,31613,31410,31724,31537,31324,31472,31524,31565,31200,31347,31769,31642,31564,31734,31628,31742,31615,31518,31776,31505,31413,31663,31409,31418,31330,31790,31784,31744,31761,31419,31570,31357,31538,31405,31778,31545,31616,31616,31606,31264,31364,31449,31717,31567,31261,31430,31314,31225,31340,31553,31659,31702,31658,31254,31543,31798,31433,31367,31793,31426,31706,31573,31674,31588,31513,31307,31744,31404,31452,31686,31521,31275,31676,31771,31371,31621,31756,31265,31606,31729,31696,31408,31665,31304,31488,31800,31590,31377,31553,31210,31780,31274,31280,31643,31422,31221,31384,31284,31531,31583,31425,31350,31235,31672,31462,31755,31237,31444,31493,31666,31392,31214,31527,31484,31314,31211,31793,31639,31509,31275,31785,31567,31741,31653,31455,31257,31552,31568,31306,31684,31375,31447,31541,31298,31572,31678,31650,31308,31623,31523,31218,31725,31520,31338,31693,31482,31413,31209,31308,31552,31448,31743,31735,31358,31575,31764,31295,31315,31308,31651,31512,31766,31685,31694,31727,31425,31370,31560,31384,31622,31630,31666,31790,31478,31669,31582,31636,31629,31623,31463,31484,31273,31515,31316,31774,31503,31675,31764,31376,31465,31553,31238,31784,31705,31706,31690,31438,31287,31757,31625,31725,31683,31268,31696,31253,31222,31256,31752,31218,31649,31219,31362,31242,31215,31427,31227,31299,31623,31337,31569,31200,31421,31296,31206,31591,31700,31672,31598,31549,31570,31765,31201,31670,31446,31554,31234,31709,31414,31351,31260,31598,31488,31315,31722,31299,31585,31385,31504,31445,31744,31200,31767,31432,31669,31653,31271,31211,31557,31784,31420,31394,31268,31270,31319,31513,31581,31589,31433,31572,31467,31404,31403,31222,31610,31407,31479,31435,31386,31680,31569,31506,31350,31781,31412,31332,31752,31223,31750,31515,31357,31547,31315,31387,31735,31370,31559,31458,31206,31366,31666,31505,31584,31296,31297,31438,31681,31621,31450,31472,31560,31775,31672,31655,31772,31436,31538,31634,31213,31751,31626,31288,31457,31348,31576,31429,31389,31345,31677,31761,31303,31360,31644,31339,31406,31345,31636,31607,31773,31482,31723,31606,31685,31263,31657,31532,31434,31275,31676,31574,31418,31329,31515,31488,31794,31735,31667,31763,31282,31269,31730,31549,31738,31475,31204,31754,31712,31607,31351,31439,31639,31267,31432,31772,31312,31520,31447,31381,31622,31492,31328,31212,31764,31407,31320,31763,31642,31616,31215,31621,31524,31412,31743,31303,31731,31402,31522,31331,31534,31688,31726,31283,31655,31221,31469,31693,31231,31283,31279,31377,31266,31203,31736,31391,31370,31585,31680,31405,31547,31302,31310,31495,31290,31623,31378,31555,31616,31749,31289,31757,31657,31215,31326,31312,31609,31220,31361,31724,31467,31779,31520,31671,31511,31239,31521,31405,31445,31775,31782,31463,31742,31283,31408,31505,31522,31729,31627,31693,31427,31565,31557,31782,31530,31372,31212,31676,31284,31624,31334,31758,31455,31695,31355,31587,31368,31795,31733,31755,31707,31395,31313,31314,31360,31696,31288,31214,31705,31696,31543,31610,31276,31339,31631,31408,31763,31540,31462,31503,31681,31713,31480,31462,31705,31447,31473,31720,31524,31283,31476,31500,31762,31753,31342,31560,31351,31227,31475,31241,31522,31705,31385,31605,31760,31619,31381,31520,31246,31766,31654,31350,31750,31235,31624,31596,31556,31490,31574,31295,31263,31204,31470,31628,31632,31672,31532,31506,31620,31293,31269,31491,31359,31236,31505,31329,31365,31635,31276,31758,31720,31312,31661,31700,31753,31372,31251,31407,31234,31567,31218,31462,31299,31280,31370,31739,31694,31366,31567,31330,31769,31670,31676,31320,31484,31738,31393,31760,31206,31566,31367,31516,31695,31378,31352,31245,31609,31401,31659,31773,31474,31458,31240,31700,31579,31383,31380,31354,31577,31529,31569,31518,31702,31792,31421,31565,31200,31440,31307,31774,31566,31302,31241,31772,31506,31667,31229,31681,31280,31776,31350,31687,31568,31457,31361,31305,31659,31328,31322,31539,31576,31441,31341,31295,31287,31423,31598,31588,31306,31463,31778,31577,31324,31654,31493,31660,31769,31674,31400,31285,31749,31676,31446,31493,31211,31601,31715,31549,31583,31648,31259,31256,31761,31636,31301,31635,31443,31675,31417,31633,31659,31649,31219,31384,31342,31528,31270,31347,31702,31243,31400,31599,31360,31558,31319,31626,31679,31310,31420,31632,31630,31278,31642,31527,31266,31444,31466,31383,31376,31624,31694,31279,31725,31732,31374,31238,31707,31352,31522,31664,31662,31771,31439,31511,31365,31658,31507,31446,31486,31418,31643,31742,31331,31510,31534,31392,31245,31413,31577,31600,31373,31309,31399,31248,31478,31313,31282,31704,31690,31547,31266,31657,31465,31643,31559,31467,31313,31620,31352,31784,31348,31201,31674,31285,31699,31511,31503,31425,31351,31475,31587,31292,31399,31612,31316,31475,31647,31566,31498,31369,31625,31279,31632,31613,31687,31327,31476,31251,31312,31495,31263,31240,31394,31765,31254,31644,31453,31399,31245,31788,31737,31374,31374,31732,31251,31510,31465,31511,31344,31456,31650,31423,31745,31790,31354,31288,31307,31564,31554,31531,31371,31546,31459,31598,31417,31250,31270,31767,31332,31589,31343,31490,31798,31578,31402,31701,31239,31590,31657,31439,31528,31534,31682,31763,31281,31762,31648,31489,31451,31554,31566,31204,31259,31622,31209,31466,31406,31479,31443,31255,31578,31356,31226,31794,31373,31244,31260,31332,31576,31298,31662,31456,31774,31547,31462,31451,31653,31666,31410,31483,31468,31790,31567,31401,31337,31547,31393,31700,31359,31353,31729,31726,31631,31654,31202,31572,31535,31381,31585,31220,31797,31686,31507,31406,31332,31541,31567,31665,31327,31596,31770,31532,31210,31407,31474,31716,31387,31315,31775,31261,31407,31446,31771,31676,31433,31392,31454,31667,31609,31496,31448,31746,31788,31568,31310,31435,31580,31326,31291,31771,31589,31204,31220,31365,31581,31694,31353,31625,31324,31527,31589,31354,31775,31670,31549,31652,31603,31539,31524,31712,31534,31703,31446,31522,31316,31370,31381,31651,31337,31602,31728,31489,31396,31469,31458,31595,31243,31485,31552,31717,31354,31512,31530,31673,31494,31555,31500,31273,31276,31374,31730,31397,31707,31357,31355,31515,31480,31310,31527,31349,31450,31717,31794,31396,31579,31295,31646,31298,31313,31667,31480,31209,31389,31257,31761,31404,31428,31763,31328,31439,31547,31446,31739,31488,31354,31723,31766,31769,31307,31344,31790,31519,31777,31443,31559,31340,31528,31549,31751,31470,31579,31597,31718,31351,31423,31768,31752,31640,31368,31777,31335,31513,31790,31780,31238,31292,31664,31777,31297,31435,31634,31639,31464,31796,31304,31442,31235,31624,31783,31235,31373,31325,31427,31388,31506,31305,31714,31265,31374,31370,31793,31674,31310,31341,31373,31580,31506,31567,31603,31632,31252,31720,31400,31433,31667,31390,31780,31339,31512,31266,31740,31546,31750,31303,31318,31511,31665,31224,31573,31735,31295,31457,31214,31446,31755,31220,31751,31258,31264,31741,31316,31287,31591,31766,31231,31301,31492,31240,31507,31426,31719,31566,31786,31350,31681,31288,31344,31772,31283,31227,31468,31359,31339,31409,31731,31471,31366,31583,31601,31675,31595,31655,31616,31451,31522,31272,31694,31387,31763,31411,31329,31516,31584,31672,31260,31666,31435,31523,31541,31220,31396,31582,31683,31541,31412,31313,31403,31614,31788,31281,31581,31330,31560,31609,31798,31786,31445,31708,31757,31621,31272,31744,31471,31760,31378,31389,31470,31463,31224,31343,31355,31259,31642,31394,31352,31202,31787,31321,31707,31246,31683,31473,31619,31576,31378,31640,31284,31262,31474,31652,31728,31279,31329,31210,31216,31748,31273,31721,31777,31773,31619,31318,31214,31479,31228,31710,31490,31518,31222,31627,31494,31311,31434,31593,31347,31798,31384,31658,31652,31511,31666,31289,31488,31745,31432,31560,31719,31462,31577,31447,31581,31584,31454,31569,31477,31707,31758,31605,31422,31306,31488,31704,31333,31303,31435,31217,31613,31346,31655,31740,31355,31554,31383,31529,31666,31406,31573,31668,31639,31415,31308,31701,31343,31607,31661,31424,31539,31526,31500,31411,31378,31538,31714,31782,31384,31707,31202,31444,31731,31525,31442,31528,31602,31746,31284,31493,31511,31423,31275,31350,31702,31754,31394,31415,31462,31334,31333,31779,31239,31571,31534,31323,31613,31526,31506,31486,31515,31276,31713,31456,31303,31341,31478,31448,31317,31231,31448,31424,31351,31265,31550,31647,31776,31254,31367,31721,31562,31705,31569,31531,31447,31368,31433,31438,31203,31295,31304,31250,31543,31535,31435,31720,31273,31424,31629,31639,31609,31423,31481,31249,31733,31610,31437,31208,31459,31785,31615,31792,31792,31783,31315,31275,31379,31750,31210,31592,31519,31692,31629,31538,31233,31421,31327,31259,31327,31547,31231,31490,31681,31342,31206,31778,31345,31644,31608,31770,31685,31440,31501,31400,31542,31603,31430,31343,31422,31591,31480,31310,31747,31713,31459,31744,31499,31293,31456,31262,31423,31770,31238,31639,31264,31547,31421,31271,31446,31246,31588,31368,31679,31731,31257,31656,31370,31587,31500,31275,31585,31283,31734,31798,31723,31509,31276,31200,31785,31467,31273,31745,31548,31601,31430,31508,31345,31720,31753,31759,31691,31548,31674,31569,31246,31237,31616,31671,31345,31318,31722,31706,31367,31482,31662,31394,31763,31363,31701,31426,31572,31663,31300,31246,31537,31204,31274,31356,31252,31564,31408,31314,31664,31713,31734,31565,31673,31501,31233,31776,31279,31338,31425,31335,31660,31706,31581,31338,31643,31441,31276,31727,31282,31376,31368,31531,31696,31797,31616,31399,31667,31493,31499,31210,31524,31269,31715,31658,31304,31671,31752,31637,31786,31349,31326,31553,31764,31343,31621,31562,31443,31583,31673,31592,31622,31512,31246,31550,31258,31345,31386,31614,31494,31260,31581,31216,31530,31370,31713,31223,31482,31270,31635,31538,31646,31352,31584,31734,31764,31668,31240,31401,31219,31237,31627,31257,31242,31363,31712,31334,31709,31596,31211,31597,31232,31476,31509,31397,31494,31689,31367,31692,31628,31448,31235,31221,31298,31752,31364,31566,31318,31335,31413,31215,31557,31364,31433,31305,31519,31454,31613,31224,31266,31761,31775,31609,31711,31583,31682,31346,31431,31319,31675,31626,31558,31744,31203,31536,31556,31619,31303,31700,31750,31511,31270,31318,31613,31377,31205,31595,31485,31409,31566,31571,31520,31512,31410,31779,31567,31572,31784,31370,31605,31516,31515,31646,31370,31225,31364,31538,31767,31422,31381,31522,31575,31595,31554,31629,31579,31355,31462,31236,31766,31208,31303,31587,31243,31676,31514,31695,31240,31364,31726,31569,31538,31781,31626,31304,31219,31501,31506,31683,31233,31496,31737,31280,31690,31280,31252,31385,31231,31576,31370,31728,31364,31245,31523,31410,31657,31695,31411,31338,31535,31728,31767,31757,31340,31470,31794,31682,31567,31204,31244,31563,31290,31245,31424,31471,31392,31564,31699,31518,31770,31710,31360,31401,31403,31791,31220,31307,31771,31677,31636,31226,31421,31237,31330,31609,31445,31256,31413,31328,31324,31424,31335,31665,31501,31477,31583,31248,31577,31216,31545,31544,31332,31524,31311,31485,31206,31206,31624,31775,31579,31315,31488,31315,31336,31430,31612,31463,31603,31504,31276,31282,31237,31654,31400,31720,31710,31686,31698,31677,31513,31397,31683,31450,31750,31209,31543,31268,31587,31229,31381,31388,31719,31413,31501,31797,31673,31328,31735,31692,31271,31456,31659,31729,31627,31536,31335,31568,31771,31653,31330,31616,31318,31753,31732,31460,31274,31785,31644,31347,31470,31734,31223,31364,31514,31760,31508,31511,31644,31646,31310,31357,31685,31332,31666,31796,31575,31394,31331,31348,31557,31462,31390,31520,31451,31599,31577,31769,31733,31588,31481,31786,31688,31725,31568,31399,31300,31564,31716,31627,31716,31484,31340,31270,31765,31502,31241,31753,31235,31414,31300,31701,31490,31380,31695,31710,31428,31789,31404,31565,31711,31515,31256,31632,31261,31408,31494,31417,31588,31763,31455,31374,31641,31701,31241,31451,31766,31650,31558,31800,31773,31614,31250,31798,31442,31370,31504,31379,31585,31350,31557,31576,31311,31289,31558,31469,31297,31631,31462,31343,31770,31640,31489,31425,31319,31549,31667,31206,31286,31393,31279,31498,31770,31733,31571,31486,31662,31260,31276,31758,31203,31754,31569,31284,31548,31612,31385,31591,31227,31641,31638,31625,31401,31726,31280,31302,31272,31775,31392,31350,31281,31647,31771,31690,31482,31275,31648,31658,31416,31781,31499,31293,31784,31232,31697,31724,31648,31484,31716,31694,31747,31446,31300,31369,31289,31548,31348,31470,31591,31667,31545,31275,31448,31280,31525,31443,31780,31603,31296,31243,31645,31343,31299,31503,31436,31776,31376,31215,31501,31474,31469,31739,31682,31660,31772,31662,31294,31334,31316,31390,31586,31509,31445,31312,31443,31351,31336,31682,31573,31224,31416,31640,31386,31666,31649,31337,31493,31727,31681,31629,31732,31593,31224,31513,31421,31732,31482,31584,31346,31779,31242,31499,31579,31771,31800,31257,31695,31402,31551,31645,31223,31283,31291,31683,31584,31731,31798,31675,31580,31596,31781,31761,31508,31593,31337,31210,31585,31694,31652,31273,31453,31356,31496,31361,31647,31271,31229,31418,31358,31292,31332,31505,31704,31252,31794,31561,31540,31354,31518,31335,31550,31555,31725,31646,31442,31742,31651,31266,31795,31410,31712,31509,31685,31797,31278,31641,31763,31427,31486,31366,31619,31618,31659,31530,31422,31419,31526,31313,31401,31504,31258,31778,31299,31512,31630,31454,31640,31719,31679,31583,31233,31399,31399,31568,31401,31645,31276,31209,31309,31587,31610,31272,31265,31307,31219,31668,31222,31578,31239,31495,31651,31556,31543,31256,31279,31728,31349,31547,31518,31456,31357,31519,31559,31471,31696,31587,31776,31485,31244,31549,31524,31672,31693,31667,31483,31331,31648,31670,31455,31586,31326,31598,31616,31321,31564,31720,31243,31558,31210,31784,31682,31210,31386,31677,31772,31242,31397,31614,31681,31408,31557,31752,31501,31498,31285,31610,31391,31421,31669,31543,31391,31621,31700,31247,31410,31799,31334,31225,31402,31483,31292,31712,31283,31526,31268,31462,31491,31791,31636,31660,31772,31595,31571,31552,31787,31504,31778,31342,31700,31540,31681,31397,31546,31207,31619,31428,31455,31358,31759,31435,31542,31443,31324,31404,31629,31750,31566,31332,31542,31564,31505,31278,31658,31577,31387,31282,31797,31775,31341,31307,31427,31768,31471,31576,31728,31350,31302,31580,31292,31444,31284,31343,31562,31633,31753,31390,31554,31712,31534,31216,31329,31402,31504,31201,31667,31286,31371,31796,31411,31460,31226,31669,31657,31445,31540,31624,31390,31294,31483,31755,31329,31697,31612,31201,31471,31544,31212,31773,31705,31442,31667,31678,31353,31796,31700,31659,31783,31327,31323,31747,31792,31604,31502,31207,31620,31761,31569,31508,31764,31605,31518,31672,31468,31686,31620,31250,31745,31387,31327,31402,31618,31540,31243,31589,31440,31764,31434,31263,31766,31404,31670,31424,31359,31514,31530,31783,31266,31305,31347,31757,31603,31470,31239,31403,31625,31341,31241,31231,31487,31752,31315,31348,31336,31408,31642,31540,31376,31568,31433,31593,31259,31304,31232,31610,31397,31320,31543,31610,31759,31566,31708,31225,31637,31778,31618,31528,31745,31368,31342,31263,31299,31517,31212,31573,31446,31714,31312,31708,31316,31700,31237,31576,31470,31545,31788,31464,31531,31398,31494,31478,31621,31644,31205,31612,31556,31418,31700,31416,31483,31391,31702,31684,31565,31468,31427,31597,31378,31573,31514,31287,31315,31613,31675,31429,31582,31316,31369,31539,31317,31461,31543,31218,31270,31782,31701,31528,31224,31385,31760,31379,31521,31596,31667,31671,31455,31486,31457,31670,31436,31395,31502,31215,31514,31621,31426,31782,31592,31372,31538,31288,31288,31502,31519,31572,31630,31715,31440,31600,31361,31497,31355,31259,31249,31743,31305,31450,31606,31406,31719,31491,31332,31780,31261,31657,31727,31527,31590,31622,31678,31766,31338,31366,31437,31786,31202,31516,31596,31264,31545,31759,31342,31544,31427,31375,31575,31768,31547,31417,31792,31580,31744,31766,31430,31262,31500,31428,31680,31306,31375,31414,31468,31438,31610,31382,31328,31457,31387,31438,31609,31733,31393,31573,31327,31580,31600,31375,31670,31556,31326,31533,31319,31777,31451,31515,31512,31247,31588,31275,31241,31607,31721,31603,31418,31218,31786,31352,31207,31358,31767,31777,31290,31700,31341,31686,31254,31296,31654,31293,31589,31235,31204,31588,31731,31592,31311,31752,31517,31795,31714,31429,31479,31243,31358,31505,31450,31666,31485,31319,31474,31350,31349,31265,31267,31472,31603,31209,31382,31416,31273,31219,31621,31585,31563,31275,31209,31479,31324,31734,31309,31733,31203,31646,31462,31224,31262,31693,31477,31514,31729,31430,31660,31599,31358,31331,31631,31438,31300,31215,31382,31418,31478,31482,31270,31766,31611,31767,31274,31497,31260,31780,31268,31554,31656,31603,31596,31612,31436,31693,31569,31541,31390,31741,31420,31343,31201,31766,31349,31670,31746,31585,31222,31716,31239,31797,31355,31786,31380,31527,31524,31562,31508,31683,31465,31435,31767,31726,31356,31691,31567,31203,31775,31558,31729,31643,31672,31598,31540,31281,31291,31513,31607,31484,31264,31484,31642,31605,31744,31482,31654,31438,31771,31732,31483,31791,31448,31725,31204,31519,31712,31244,31528,31777,31364,31773,31219,31360,31307,31305,31306,31571,31402,31787,31605,31785,31374,31554,31283,31348,31248,31738,31746,31647,31238,31617,31743,31467,31235,31651,31214,31764,31728,31780,31377,31623,31230,31674,31313,31646,31785,31238,31662,31308,31427,31667,31715,31461,31657,31790,31698,31201,31560,31428,31519,31538,31725,31333,31482,31428,31621,31227,31405,31741,31356,31402,31779,31577,31388,31290,31419,31320,31355,31699,31767,31748,31576,31705,31718,31608,31408,31274,31531,31454,31744,31553,31387,31281,31630,31681,31280,31276,31353,31489,31560,31367,31651,31544,31361,31413,31214,31557,31503,31629,31522,31435,31683,31250,31508,31577,31216,31489,31749,31753,31509,31647,31382,31689,31246,31680,31575,31625,31331,31430,31532,31334,31634,31415,31247,31287,31617,31588,31389,31503,31451,31796,31774,31711,31541,31484,31240,31610,31601,31392,31661,31242,31353,31527,31306,31457,31473,31369,31634,31516,31271,31377,31482,31776,31713,31611,31319,31235,31763,31221,31400,31579,31221,31370,31578,31494,31538,31323,31265,31644,31669,31552,31800,31399,31253,31493,31336,31762,31646,31465,31207,31722,31666,31369,31237,31331,31463,31745,31589,31353,31418,31387,31212,31300,31712,31424,31238,31737,31283,31454,31463,31621,31653,31445,31732,31726,31648,31785,31532,31780,31783,31323,31471,31727,31717,31682,31313,31254,31329,31351,31399,31657,31797,31234,31453,31780,31406,31504,31480,31331,31488,31682,31654,31685,31716,31282,31599,31541,31481,31630,31553,31727,31201,31462,31510,31568,31601,31670,31571,31557,31337,31750,31499,31561,31359,31387,31281,31432,31427,31392,31476,31660,31724,31552,31763,31327,31676,31514,31734,31596,31390,31203,31233,31326,31741,31461,31631,31738,31741,31567,31652,31566,31325,31433,31370,31422,31775,31466,31357,31607,31315,31420,31497,31534,31237,31246,31426,31410,31300,31308,31329,31630,31277,31265,31229,31694,31303,31589,31712,31513,31672,31799,31581,31324,31326,31416,31532,31675,31668,31317,31466,31607,31506,31440,31787,31442,31354,31408,31357,31231,31475,31595,31630,31793,31602,31517,31247,31547,31538,31563,31675,31474,31234,31552,31733,31672,31795,31582,31210,31299,31239,31284,31736,31241,31380,31302,31379,31707,31373,31765,31503,31671,31478,31263,31200,31418,31527,31345,31727,31708,31671,31457,31623,31269,31528,31465,31549,31422,31620,31340,31419,31660,31746,31542,31705,31650,31235,31350,31374,31604,31435,31658,31628,31686,31364,31262,31603,31548,31390,31449,31301,31247,31333,31288,31652,31549,31655,31227,31457,31683,31417,31712,31773,31647,31555,31587,31408,31715,31350,31316,31584,31244,31416,31770,31675,31436,31334,31531,31601,31561,31471,31341,31697,31598,31622,31219,31279,31325,31692,31331,31281,31490,31315,31693,31381,31739,31277,31673,31333,31480,31532,31246,31670,31792,31791,31486,31667,31599,31728,31479,31744,31669,31648,31224,31337,31361,31252,31796,31309,31598,31662,31280,31306,31729,31320,31243,31403,31337,31267,31567,31737,31529,31654,31477,31432,31674,31489,31451,31644,31590,31446,31424,31423,31458,31745,31219,31498,31607,31651,31360,31775,31363,31508,31247,31482,31586,31440,31527,31326,31557,31284,31537,31234,31600,31286,31420,31400,31292,31714,31269,31635,31308,31337,31662,31675,31550,31747,31495,31722,31697,31749,31512,31218,31270,31798,31253,31221,31450,31691,31306,31284,31402,31617,31558,31521,31679,31439,31709,31386,31244,31577,31247,31763,31547,31410,31339,31714,31725,31206,31566,31257,31673,31270,31422,31377,31310,31712,31747,31438,31772,31677,31375,31743,31332,31550,31651,31434,31684,31596,31226,31800,31436,31302,31738,31672,31589,31205,31464,31790,31360,31559,31414,31455,31672,31425,31516,31800,31425,31772,31562,31705,31283,31380,31586,31332,31568,31764,31677,31389,31418,31534,31316,31421,31328,31486,31602,31711,31524,31612,31265,31776,31296,31222,31509,31658,31612,31271,31799,31609,31572,31414,31446,31473,31524,31590,31231,31222,31443,31405,31471,31241,31248,31598,31475,31714,31518,31621,31213,31469,31532,31461,31245,31606,31739,31611,31478,31323,31223,31655,31362,31287,31705,31573,31430,31465,31714,31432,31227,31691,31673,31280,31496,31726,31254,31716,31471,31256,31658,31403,31721,31720,31600,31478,31771,31308,31548,31404,31420,31239,31616,31294,31522,31381,31669,31315,31345,31315,31791,31572,31498,31687,31427,31437,31475,31255,31215,31706,31534,31698,31694,31793,31496,31504,31532,31747,31794,31402,31718,31221,31225,31649,31246,31446,31472,31265,31391,31277,31713,31638,31420,31492,31551,31426,31624,31659,31555,31267,31490,31318,31421,31209,31436,31712,31598,31779,31754,31359,31210,31303,31331,31461,31747,31639,31211,31651,31661,31350,31733,31738,31476,31313,31432,31560,31489,31635,31335,31214,31381,31375,31638,31305,31526,31262,31593,31531,31473,31789,31602,31209,31750,31407,31644,31754,31314,31312,31783,31723,31628,31300,31787,31535,31414,31791,31710,31603,31681,31241,31582,31292,31484,31340,31483,31266,31206,31782,31764,31391,31411,31223,31435,31433,31302,31290,31555,31534,31588,31682,31454,31534,31513,31675,31622,31582,31207,31512,31361,31531,31401,31270,31630,31318,31677,31365,31754,31202,31555,31792,31734,31753,31731,31251,31424,31217,31240,31719,31451,31648,31253,31525,31571,31485,31365,31763,31305,31475,31610,31769,31658,31786,31742,31749,31784,31783,31485,31469,31307,31752,31316,31204,31217,31330,31560,31577,31217,31681,31451,31422,31399,31648,31229,31768,31679,31389,31487,31202,31469,31430,31700,31332,31305,31684,31619,31307,31728,31292,31683,31792,31427,31438,31544,31669,31451,31567,31200,31256,31209,31517,31295,31605,31564,31436,31790,31632,31276,31682,31341,31590,31750,31624,31576,31372,31717,31480,31741,31294,31329,31560,31238,31330,31534,31591,31670,31593,31297,31683,31595,31437,31561,31792,31506,31671,31556,31558,31466,31487,31504,31637,31284,31484,31308,31310,31411,31230,31644,31540,31517,31644,31724,31622,31672,31390,31772,31212,31212,31274,31688,31263,31230,31405,31758,31788,31441,31754,31503,31472,31407,31305,31205,31493,31438,31758,31619,31800,31382,31336,31745,31394,31769,31255,31648,31477,31200,31551,31764,31293,31462,31625,31510,31717,31638,31283,31427,31439,31799,31367,31749,31344,31701,31304,31628,31616,31550,31442,31402,31396,31643,31376,31469,31755,31723,31498,31757,31318,31275,31248,31522,31303,31447,31747,31597,31749,31358,31576,31405,31634,31755,31299,31779,31318,31477,31309,31460,31284,31592,31363,31284,31338,31328,31673,31482,31245,31670,31446,31604,31265,31730,31414,31439,31685,31386,31280,31377,31610,31777,31312,31542,31582,31595,31489,31472,31636,31321,31459,31471,31289,31736,31723,31658,31635,31210,31719,31301,31612,31329,31429,31479,31797,31511,31691,31628,31408,31706,31570,31267,31408,31538,31589,31456,31785,31254,31413,31682,31615,31648,31609,31713,31261,31586,31550,31514,31682,31715,31235,31426,31719,31658,31355,31760,31683,31261,31465,31300,31306,31574,31236,31259,31630,31725,31259,31761,31540,31284,31757,31336,31484,31254,31204,31237,31775,31749,31562,31380,31421,31655,31242,31372,31761,31569,31237,31345,31317,31786,31247,31511,31523,31713,31207,31480,31625,31720,31330,31733,31560,31313,31418,31297,31600,31281,31785,31271,31364,31374,31491,31422,31418,31726,31592,31429,31563,31684,31507,31350,31648,31530,31620,31659,31619,31650,31225,31648,31434,31695,31761,31591,31727,31640,31508,31668,31310,31675,31648,31732,31567,31653,31498,31379,31645,31791,31399,31490,31406,31483,31438,31513,31526,31765,31792,31223,31429,31646,31291,31491,31714,31742,31247,31264,31631,31478,31356,31634,31364,31654,31376,31715,31710,31472,31209,31315,31390,31599,31399,31681,31600,31661,31471,31271,31230,31505,31253,31364,31490,31297,31305,31719,31525,31397,31683,31784,31656,31699,31515,31519,31220,31367,31727,31462,31590,31600,31754,31495,31268,31364,31311,31290,31703,31480,31790,31407,31328,31712,31290,31603,31777,31636,31477,31570,31282,31572,31730,31505,31707,31653,31516,31728,31464,31212,31208,31703,31525,31258,31667,31321,31426,31451,31714,31703,31405,31521,31322,31274,31345,31271,31306,31439,31702,31511,31331,31370,31200,31726,31645,31357,31560,31512,31649,31599,31639,31475,31237,31728,31292,31586,31680,31631,31793,31671,31785,31494,31361,31390,31383,31312,31512,31730,31677,31247,31507,31439,31787,31522,31396,31506,31674,31701,31538,31256,31541,31573,31527,31777,31709,31338,31663,31248,31608,31769,31264,31405,31289,31494,31741,31510,31743,31595,31535,31602,31607,31395,31536,31471,31446,31622,31571,31561,31534,31700,31284,31509,31724,31516,31455,31476,31683,31551,31329,31796,31609,31734,31683,31579,31434,31495,31327,31545,31512,31700,31592,31401,31514,31727,31627,31492,31756,31711,31634,31411,31455,31210,31572,31566,31554,31503,31554,31383,31750,31518,31576,31268,31240,31272,31662,31249,31552,31599,31710,31297,31584,31585,31242,31254,31665,31760,31337,31653,31254,31405,31597,31588,31393,31777,31253,31518,31543,31558,31635,31432,31348,31335,31778,31667,31592,31358,31337,31279,31737,31670,31230,31720,31429,31227,31225,31496,31576,31784,31400,31427,31479,31757,31577,31534,31491,31361,31580,31572,31569,31627,31632,31258,31299,31592,31332,31627,31356,31240,31353,31729,31306,31717,31303,31773,31258,31345,31493,31342,31229,31446,31776,31402,31587,31470,31637,31201,31782,31562,31631,31236,31268,31249,31738,31546,31663,31204,31725,31582,31518,31460,31726,31582,31677,31471,31755,31230,31508,31245,31455,31447,31249,31338,31520,31674,31737,31722,31337,31778,31416,31420,31479,31529,31618,31641,31590,31629,31258,31291,31575,31580,31766,31264,31749,31378,31421,31753,31309,31397,31523,31321,31229,31382,31599,31353,31664,31685,31595,31306,31554,31707,31226,31246,31542,31647,31674,31254,31781,31288,31701,31421,31579,31273,31503,31421,31274,31461,31403,31273,31721,31677,31715,31648,31370,31611,31300,31521,31688,31210,31445,31204,31588,31554,31547,31558,31555,31454,31476,31239,31339,31444,31394,31327,31603,31368,31207,31597,31356,31744,31548,31536,31780,31585,31740,31764,31332,31349,31606,31464,31710,31610,31500,31270,31352,31368,31347,31571,31554,31480,31693,31353,31477,31212,31391,31797,31710,31544,31493,31550,31659,31596,31393,31472,31486,31725,31534,31443,31602,31223,31387,31592,31494,31267,31745,31793,31576,31290,31593,31247,31287,31318,31293,31566,31336,31615,31292,31581,31579,31475,31249,31675,31599,31347,31258,31482,31741,31504,31725,31290,31562,31442,31457,31495,31611,31799,31411,31793,31750,31427,31659,31618,31562,31660,31632,31784,31636,31608,31496,31367,31566,31259,31486,31592,31459,31485,31323,31339,31443,31550,31344,31294,31449,31530,31552,31236,31738,31759,31690,31660,31770,31752,31713,31403,31723,31792,31243,31309,31355,31798,31264,31401,31205,31741,31532,31764,31372,31488,31380,31237,31292,31633,31799,31665,31745,31400,31717,31446,31569,31540,31727,31684,31702,31607,31749,31548,31791,31745,31547,31338,31486,31294,31495,31270,31372,31307,31551,31232,31363,31561,31326,31214,31500,31715,31511,31235,31534,31389,31649,31678,31573,31328,31779,31603,31417,31612,31322,31719,31541,31294,31266,31782,31305,31756,31475,31337,31658,31691,31701,31471,31323,31715,31533,31428,31323,31216,31419,31453,31408,31731,31473,31392,31285,31709,31304,31334,31208,31283,31733,31598,31504,31672,31710,31275,31753,31788,31786,31570,31488,31743,31670,31242,31673,31350,31756,31203,31726,31549,31567,31526,31291,31493,31269,31533,31430,31653,31446,31584,31353,31536,31465,31347,31625,31532,31243,31609,31485,31586,31620,31651,31231,31405,31420,31641,31455,31595,31278,31610,31242,31592,31581,31288,31206,31630,31304,31403,31603,31369,31458,31608,31791,31386,31376,31492,31352,31346,31624,31301,31440,31404,31564,31390,31619,31496,31324,31497,31295,31414,31713,31345,31206,31307,31290,31512,31628,31203,31307,31465,31423,31628,31553,31708,31530,31768,31472,31511,31496,31647,31210,31574,31681,31617,31714,31469,31450,31248,31693,31447,31751,31768,31260,31306,31290,31212,31740,31244,31346,31341,31615,31310,31606,31207,31526,31792,31591,31387,31571,31366,31326,31528,31286,31394,31601,31778,31797,31700,31721,31345,31760,31613,31308,31368,31230,31415,31482,31494,31690,31584,31492,31794,31553,31374,31295,31288,31375,31784,31468,31208,31789,31351,31608,31378,31395,31423,31705,31511,31382,31390,31433,31735,31469,31744,31740,31217,31257,31797,31795,31628,31588,31627,31431,31246,31636,31488,31515,31729,31410,31436,31404,31316,31365,31301,31283,31718,31685,31743,31336,31497,31475,31317,31356,31637,31774,31444,31705,31392,31625,31758,31681,31581,31401,31706,31722,31408,31790,31656,31596,31786,31594,31449,31707,31345,31690,31763,31347,31562,31558,31648,31418,31573,31291,31624,31380,31729,31396,31372,31693,31751,31313,31516,31566,31482,31367,31666,31754,31726,31233,31416,31751,31660,31763,31367,31401,31233,31626,31223,31320,31678,31734,31575,31402,31368,31663,31485,31685,31762,31682,31640,31319,31705,31581,31613,31363,31643,31769,31413,31583,31426,31736,31729,31523,31626,31689,31787,31565,31632,31547,31580,31221,31620,31536,31348,31265,31464,31532,31348,31696,31696,31271,31421,31334,31441,31660,31458,31734,31766,31250,31225,31654,31656,31480,31326,31289,31704,31610,31694,31285,31742,31244,31549,31296,31682,31600,31533,31700,31225,31654,31441,31550,31773,31380,31491,31700,31799,31787,31331,31489,31452,31205,31479,31450,31508,31736,31718,31209,31479,31713,31778,31539,31266,31351,31400,31308,31474,31516,31707,31716,31543,31745,31753,31344,31439,31480,31644,31442,31317,31204,31397,31461,31228,31327,31796,31411,31587,31325,31358,31532,31312,31637,31478,31529,31677,31558,31562,31482,31460,31578,31602,31587,31766,31554,31618,31244,31512,31397,31657,31637,31223,31226,31395,31678,31369,31551,31498,31754,31718,31478,31750,31770,31711,31628,31651,31266,31358,31661,31341,31515,31313,31528,31497,31256,31221,31658,31658,31654,31714,31406,31799,31706,31705,31404,31746,31282,31570,31346,31323,31268,31487,31598,31233,31641,31543,31625,31456,31550,31580,31258,31495,31439,31625,31700,31670,31727,31395,31559,31601,31366,31343,31267,31441,31535,31419,31657,31495,31461,31286,31271,31262,31295,31500,31661,31368,31788,31591,31467,31766,31510,31336,31492,31296,31355,31631,31228,31601,31401,31299,31783,31622,31529,31430,31497,31665,31468,31402,31627,31617,31326,31333,31254,31334,31312,31219,31312,31516,31644,31430,31529,31508,31223,31302,31564,31285,31654,31294,31297,31355,31539,31262,31372,31443,31716,31670,31675,31232,31251,31200,31463,31303,31789,31514,31646,31470,31556,31387,31675,31639,31384,31333,31740,31376,31551,31579,31343,31736,31754,31202,31284,31611,31206,31311,31666,31210,31762,31619,31525,31254,31300,31403,31216,31430,31243,31384,31335,31610,31625,31582,31555,31455,31781,31646,31573,31352,31408,31276,31326,31357,31420,31518,31534,31632,31506,31697,31561,31656,31529,31782,31482,31628,31529,31552,31478,31778,31441,31664,31535,31286,31295,31754,31604,31252,31607,31425,31382,31709,31547,31716,31502,31222,31243,31208,31615,31428,31232,31684,31799,31755,31609,31288,31587,31790,31347,31402,31667,31563,31246,31274,31333,31250,31437,31700,31268,31546,31509,31459,31325,31785,31433,31571,31267,31203,31760,31548,31585,31374,31501,31751,31686,31408,31607,31688,31680,31533,31338,31762,31448,31490,31293,31236,31534,31331,31541,31300,31687,31605,31355,31738,31679,31778,31406,31764,31445,31661,31229,31623,31592,31441,31469,31234,31325,31382,31729,31451,31752,31392,31564,31280,31616,31501,31549,31248,31243,31433,31534,31688,31690,31312,31234,31575,31764,31647,31528,31608,31200,31641,31727,31240,31523,31308,31605,31385,31731,31488,31462,31553,31216,31798,31578,31457,31672,31201,31470,31502,31436,31469,31624,31351,31501,31533,31450,31239,31743,31494,31726,31221,31242,31571,31718,31258,31693,31455,31481,31446,31203,31424,31655,31229,31615,31731,31280,31531,31776,31398,31554,31703,31557,31660,31717,31729,31513,31295,31654,31688,31758,31266,31577,31373,31300,31624,31371,31793,31205,31738,31343,31638,31586,31718,31427,31489,31673,31203,31708,31440,31648,31519,31743,31668,31242,31582,31300,31311,31677,31525,31653,31337,31455,31619,31406,31576,31738,31498,31323,31324,31334,31294,31621,31427,31775,31434,31586,31278,31487,31562,31265,31742,31389,31773,31547,31414,31311,31390,31300,31705,31716,31276,31467,31244,31784,31579,31310,31669,31210,31501,31399,31636,31325,31672,31357,31285,31699,31643,31667,31265,31320,31204,31306,31263,31574,31309,31340,31298,31701,31536,31235,31648,31295,31339,31500,31334,31468,31232,31661,31432,31239,31497,31621,31404,31574,31783,31488,31429,31671,31771,31227,31694,31668,31593,31274,31793,31773,31716,31600,31517,31675,31456,31716,31428,31428,31668,31783,31322,31700,31459,31787,31716,31670,31438,31593,31772,31507,31243,31640,31594,31599,31311,31221,31759,31792,31318,31551,31729,31455,31341,31503,31549,31467,31491,31447,31585,31610,31202,31619,31727,31540,31361,31502,31618,31454,31685,31421,31793,31437,31228,31353,31454,31227,31290,31794,31523,31550,31772,31524,31357,31548,31742,31683,31500,31208,31661,31571,31242,31222,31463,31540,31742,31359,31737,31510,31494,31446,31611,31747,31462,31242,31691,31782,31238,31521,31314,31290,31287,31687,31767,31412,31543,31448,31256,31204,31638,31357,31669,31368,31534,31583,31430,31457,31552,31508,31443,31560,31788,31710,31251,31572,31308,31500,31246,31789,31573,31406,31383,31321,31732,31446,31367,31623,31251,31358,31262,31672,31448,31490,31658,31284,31478,31389,31406,31432,31784,31326,31501,31577,31731,31690,31401,31788,31357,31378,31706,31789,31289,31496,31774,31252,31526,31305,31581,31530,31626,31485,31359,31690,31263,31647,31274,31377,31635,31438,31489,31613,31326,31473,31595,31729,31474,31390,31776,31405,31267,31308,31423,31414,31231,31559,31423,31304,31713,31418,31641,31506,31393,31430,31295,31796,31681,31674,31615,31633,31403,31774,31715,31373,31728,31681,31258,31320,31556,31525,31718,31519,31569,31507,31259,31630,31762,31563,31369,31292,31304,31569,31445,31378,31213,31549,31329,31658,31775,31255,31649,31203,31695,31780,31434,31227,31756,31599,31512,31662,31724,31204,31704,31473,31708,31728,31541,31229,31602,31433,31652,31552,31587,31452,31775,31725,31800,31537,31782,31744,31632,31652,31781,31647,31362,31428,31591,31423,31373,31626,31286,31562,31265,31318,31343,31379,31281,31204,31550,31727,31485,31411,31786,31443,31219,31793,31521,31408,31365,31229,31704,31723,31299,31424,31512,31616,31785,31749,31658,31757,31535,31428,31529,31578,31384,31218,31297,31553,31308,31733,31369,31486,31626,31689,31384,31554,31613,31614,31791,31438,31360,31519,31371,31584,31531,31695,31567,31647,31368,31483,31466,31571,31610,31521,31668,31591,31334,31414,31244,31552,31772,31741,31668,31656,31354,31268,31388,31662,31780,31350,31307,31235,31631,31238,31289,31357,31552,31764,31328,31299,31579,31282,31336,31276,31577,31800,31426,31353,31462,31392,31329,31228,31531,31524,31437,31740,31602,31314,31220,31762,31696,31339,31532,31315,31795,31760,31468,31259,31520,31660,31396,31537,31523,31396,31247,31449,31410,31740,31653,31278,31677,31703,31216,31416,31695,31366,31255,31605,31377,31461,31725,31614,31393,31657,31720,31354,31239,31509,31634,31684,31626,31313,31217,31362,31707,31799,31734,31758,31503,31305,31534,31275,31297,31521,31336,31757,31585,31668,31448,31734,31739,31767,31669,31252,31308,31322,31582,31486,31367,31244,31460,31471,31759,31774,31319,31731,31343,31647,31591,31712,31800,31210,31527,31203,31210,31692,31571,31451,31404,31291,31753,31298,31428,31424,31727,31271,31566,31237,31680,31603,31579,31785,31552,31325,31451,31739,31720,31494,31357,31599,31425,31303,31700,31528,31358,31568,31769,31439,31396,31308,31534,31800,31310,31338,31455,31757,31710,31246,31473,31538,31566,31470,31204,31293,31586,31477,31758,31200,31541,31694,31217,31387,31529,31358,31573,31414,31614,31616,31718,31533,31531,31491,31580,31495,31695,31300,31378,31629,31281,31631,31274,31783,31392,31293,31527,31526,31396,31589,31789,31301,31675,31338,31771,31401,31642,31554,31434,31728,31565,31349,31348,31714,31272,31499,31361,31756,31201,31633,31795,31789,31213,31609,31342,31371,31630,31663,31281,31658,31557,31403,31412,31584,31403,31724,31425,31650,31232,31475,31682,31484,31739,31693,31771,31723,31497,31403,31226,31670,31486,31745,31472,31707,31619,31630,31455,31614,31327,31625,31531,31263,31357,31566,31755,31243,31208,31709,31220,31645,31348,31523,31356,31247,31267,31295,31502,31690,31416,31560,31530,31370,31351,31566,31405,31395,31525,31536,31233,31490,31303,31550,31447,31356,31757,31474,31557,31624,31438,31383,31271,31626,31527,31422,31608,31269,31596,31495,31584,31552,31711,31257,31599,31615,31543,31263,31254,31326,31366,31592,31295,31301,31666,31576,31374,31715,31420,31762,31624,31450,31779,31679,31472,31417,31523,31800,31724,31723,31416,31477,31559,31274,31506,31615,31653,31788,31373,31422,31499,31417,31293,31578,31561,31723,31793,31219,31673,31221,31213,31763,31623,31531,31616,31625,31513,31337,31701,31567,31452,31712,31432,31530,31659,31792,31736,31667,31413,31572,31478,31431,31525,31720,31685,31398,31304,31360,31319,31406,31488,31642,31531,31348,31548,31729,31221,31596,31406,31290,31313,31243,31749,31372,31513,31605,31507,31205,31412,31737,31517,31582,31767,31201,31730,31678,31201,31207,31798,31594,31222,31593,31274,31632,31429,31499,31782,31297,31338,31735,31524,31630,31278,31248,31792,31553,31752,31371,31530,31378,31294,31458,31457,31648,31471,31258,31676,31587,31606,31385,31502,31347,31450,31796,31432,31263,31204,31417,31390,31636,31714,31372,31772,31671,31739,31297,31223,31777,31741,31285,31557,31789,31510,31263,31453,31757,31669,31780,31717,31383,31391,31559,31733,31291,31397,31681,31671,31670,31495,31760,31617,31433,31681,31781,31540,31475,31261,31350,31465,31540,31559,31259,31493,31720,31375,31313,31560,31202,31414,31298,31396,31656,31711,31521,31645,31544,31241,31584,31226,31256,31309,31742,31286,31437,31318,31367,31444,31513,31309,31655,31627,31409,31329,31291,31646,31597,31343,31400,31574,31331,31485,31652,31333,31517,31634,31227,31207,31643,31529,31465,31386,31297,31440,31665,31796,31271,31308,31505,31451,31339,31325,31489,31420,31256,31305,31341,31306,31746,31765,31207,31565,31637,31422,31336,31687,31214,31761,31795,31272,31247,31313,31239,31447,31349,31437,31470,31573,31706,31678,31300,31561,31448,31509,31543,31424,31270,31508,31798,31243,31300,31589,31297,31636,31762,31776,31369,31797,31658,31774,31542,31513,31496,31467,31227,31307,31320,31665,31627,31407,31221,31437,31499,31346,31560,31394,31364,31594,31232,31530,31522,31342,31364,31258,31641,31541,31593,31635,31454,31478,31620,31674,31430,31605,31354,31377,31748,31272,31273,31413,31520,31731,31657,31799,31256,31480,31402,31523,31269,31662,31728,31707,31215,31704,31252,31399,31576,31747,31618,31677,31451,31296,31323,31652,31269,31499,31724,31384,31434,31628,31770,31324,31501,31453,31693,31298,31571,31713,31618,31285,31672,31726,31481,31364,31597,31613,31578,31492,31257,31560,31689,31341,31506,31588,31338,31363,31419,31613,31328,31656,31226,31276,31560,31385,31758,31466,31540,31509,31267,31218,31702,31510,31788,31392,31553,31296,31321,31376,31579,31338,31793,31598,31408,31382,31648,31418,31381,31404,31729,31626,31735,31535,31264,31245,31251,31789,31229,31638,31282,31619,31501,31296,31446,31512,31760,31766,31744,31781,31402,31242,31414,31645,31341,31664,31788,31750,31718,31456,31797,31248,31260,31304,31249,31679,31382,31232,31758,31335,31759,31299,31403,31530,31685,31798,31423,31317,31395,31216,31565,31233,31317,31275,31381,31686,31762,31416,31357,31659,31507,31761,31589,31264,31606,31635,31378,31784,31739,31737,31411,31718,31213,31266,31796,31317,31615,31261,31237,31636,31432,31782,31545,31498,31263,31721,31513,31298,31688,31663,31701,31447,31550,31796,31216,31660,31367,31654,31625,31210,31322,31369,31503,31652,31516,31735,31543,31283,31787,31635,31709,31317,31696,31786,31489,31619,31669,31208,31370,31717,31457,31403,31642,31360,31686,31442,31778,31799,31217,31690,31427,31484,31392,31537,31790,31611,31615,31645,31698,31295,31512,31741,31607,31620,31524,31479,31756,31670,31719,31225,31206,31363,31496,31616,31393,31590,31503,31529,31674,31253,31420,31300,31673,31209,31665,31678,31670,31469,31306,31655,31454,31470,31750,31760,31641,31568,31791,31372,31515,31773,31302,31364,31255,31793,31554,31517,31381,31670,31292,31490,31562,31284,31326,31375,31652,31354,31267,31215,31559,31732,31338,31734,31255,31621,31299,31466,31366,31260,31682,31293,31273,31401,31680,31632,31608,31750,31675,31448,31624,31586,31243,31574,31738,31575,31367,31624,31483,31419,31437,31477,31365,31607,31478,31375,31238,31413,31231,31478,31605,31491,31320,31482,31749,31531,31269,31747,31348,31476,31693,31662,31478,31589,31203,31482,31576,31248,31313,31480,31629,31541,31331,31217,31432,31266,31223,31420,31286,31522,31502,31349,31774,31398,31629,31292,31619,31654,31603,31425,31526,31371,31448,31729,31637,31415,31508,31789,31488,31615,31584,31416,31603,31376,31486,31588,31563,31522,31579,31665,31517,31544,31266,31478,31362,31347,31216,31767,31794,31609,31799,31456,31764,31433,31331,31452,31233,31615,31297,31525,31536,31737,31510,31580,31276,31574,31298,31487,31771,31552,31480,31589,31420,31287,31482,31582,31775,31768,31498,31570,31686,31546,31348,31280,31335,31539,31666,31537,31716,31594,31524,31474,31317,31764,31229,31627,31755,31561,31693,31323,31758,31718,31206,31267,31279,31213,31441,31329,31375,31644,31235,31289,31256,31391,31502,31542,31688,31741,31626,31385,31764,31600,31376,31505,31457,31361,31656,31425,31728,31487,31216,31758,31792,31378,31229,31760,31350,31663,31410,31517,31777,31722,31577,31208,31720,31495,31238,31747,31800,31274,31229,31440,31770,31292,31691,31342,31415,31708,31201,31423,31244,31471,31732,31504,31698,31269,31682,31325,31768,31468,31665,31658,31586,31675,31510,31444,31241,31460,31307,31641,31739,31297,31211,31542,31363,31583,31765,31475,31475,31480,31379,31262,31389,31397,31592,31589,31536,31300,31657,31640,31454,31275,31551,31212,31534,31354,31753,31369,31544,31614,31469,31329,31686,31272,31299,31524,31590,31709,31493,31529,31731,31717,31360,31417,31378,31533,31611,31754,31372,31217,31795,31523,31600,31684,31555,31378,31542,31366,31698,31444,31681,31638,31405,31457,31688,31279,31287,31626,31436,31536,31206,31635,31668,31566,31256,31344,31356,31286,31637,31689,31439,31665,31209,31518,31714,31739,31714,31257,31428,31458,31481,31283,31604,31593,31768,31299,31672,31284,31241,31277,31264,31725,31756,31456,31202,31760,31411,31389,31212,31377,31699,31406,31452,31708,31680,31380,31455,31414,31412,31524,31330,31742,31259,31428,31501,31796,31769,31276,31295,31242,31219,31231,31730,31672,31267,31547,31791,31347,31585,31397,31763,31386,31739,31523,31472,31295,31496,31315,31265,31525,31276,31542,31794,31659,31678,31206,31671,31453,31341,31530,31591,31603,31754,31378,31499,31605,31502,31381,31584,31437,31776,31235,31336,31545,31796,31472,31730,31339,31549,31427,31312,31465,31536,31246,31201,31314,31206,31460,31736,31671,31404,31272,31518,31692,31561,31630,31380,31451,31501,31370,31613,31249,31542,31243,31258,31477,31474,31798,31497,31347,31455,31656,31551,31680,31745,31626,31795,31748,31297,31649,31218,31764,31783,31789,31770,31237,31798,31636,31257,31749,31791,31545,31547,31647,31633,31348,31228,31209,31531,31219,31501,31791,31219,31784,31367,31578,31348,31510,31250,31368,31276,31750,31453,31354,31428,31485,31216,31402,31544,31363,31324,31725,31704,31399,31743,31571,31342,31485,31389,31545,31437,31799,31655,31439,31267,31393,31733,31680,31380,31643,31322,31424,31525,31649,31623,31252,31454,31788,31552,31281,31656,31434,31463,31460,31660,31578,31749,31504,31595,31550,31285,31724,31720,31231,31499,31343,31667,31301,31528,31282,31441,31373,31421,31428,31749,31656,31389,31391,31665,31751,31794,31716,31216,31314,31321,31691,31594,31308,31458,31284,31567,31613,31309,31632,31763,31435,31791,31372,31211,31282,31525,31398,31200,31533,31716,31266,31350,31233,31397,31743,31282,31392,31312,31312,31295,31382,31361,31328,31509,31513,31481,31703,31475,31735,31257,31242,31269,31303,31350,31497,31619,31339,31263,31598,31560,31212,31760,31283,31566,31797,31457,31556,31232,31504,31406,31672,31746,31285,31366,31596,31346,31222,31497,31759,31447,31350,31505,31451,31751,31698,31287,31507,31202,31583,31589,31482,31587,31493,31475,31705,31746,31204,31651,31708,31472,31692,31791,31655,31378,31726,31679,31664,31673,31715,31542,31209,31241,31209,31677,31581,31329,31307,31536,31639,31594,31661,31213,31730,31492,31211,31354,31570,31477,31631,31784,31460,31573,31673,31493,31799,31531,31495,31319,31411,31434,31580,31641,31419,31392,31590,31531,31507,31250,31378,31399,31546,31395,31526,31399,31316,31795,31720,31255,31664,31486,31650,31470,31620,31732,31797,31312,31598,31216,31764,31641,31673,31742,31214,31742,31369,31680,31410,31461,31225,31590,31269,31596,31395,31703,31551,31628,31238,31601,31200,31273,31364,31506,31586,31746,31608,31545,31710,31650,31634,31555,31453,31754,31691,31369,31439,31620,31535,31776,31772,31312,31364,31536,31373,31391,31231,31569,31448,31283,31237,31653,31382,31415,31316,31735,31449,31700,31458,31510,31412,31258,31778,31553,31489,31420,31311,31256,31398,31250,31591,31602,31576,31543,31303,31555,31342,31248,31249,31775,31636,31441,31326,31611,31574,31347,31282,31693,31554,31467,31266,31273,31698,31522,31382,31715,31546,31395,31538,31360,31378,31475,31474,31716,31263,31513,31471,31268,31739,31596,31715,31262,31504,31539,31693,31382,31615,31499,31459,31780,31620,31319,31495,31447,31704,31774,31354,31690,31495,31691,31543,31517,31528,31553,31566,31790,31637,31670,31364,31408,31699,31306,31744,31429,31600,31528,31650,31351,31732,31606,31452,31482,31702,31358,31791,31756,31526,31252,31399,31696,31722,31454,31235,31793,31272,31295,31586,31501,31402,31602,31253,31334,31782,31338,31800,31772,31545,31369,31415,31546,31484,31754,31752,31400,31629,31637,31320,31372,31557,31725,31616,31436,31363,31317,31271,31443,31634,31704,31243,31471,31392,31503,31742,31746,31383,31423,31482,31303,31241,31783,31688,31791,31493,31619,31434,31506,31760,31288,31495,31546,31273,31732,31465,31589,31526,31692,31225,31558,31276,31721,31452,31275,31413,31725,31514,31369,31292,31359,31685,31364,31635,31766,31444,31313,31417,31597,31262,31734,31522,31321,31725,31341,31619,31573,31214,31381,31710,31313,31540,31792,31472,31527,31511,31700,31715,31298,31765,31684,31749,31728,31216,31300,31634,31645,31200,31441,31306,31642,31467,31306,31557,31640,31559,31740,31736,31760,31579,31252,31415,31510,31335,31363,31714,31559,31740,31395,31347,31436,31478,31357,31310,31375,31322,31207,31777,31731,31706,31618,31323,31687,31408,31459,31695,31372,31481,31292,31267,31295,31385,31560,31735,31592,31403,31785,31632,31743,31523,31504,31601,31345,31461,31688,31220,31432,31211,31479,31642,31353,31420,31516,31556,31564,31470,31795,31539,31361,31713,31335,31550,31252,31652,31634,31477,31248,31460,31588,31535,31611,31205,31783,31636,31547,31429,31306,31658,31780,31375,31679,31326,31254,31747,31777,31679,31368,31637,31507,31293,31372,31516,31534,31557,31642,31689,31744,31585,31603,31281,31659,31647,31339,31320,31486,31264,31422,31349,31798,31753,31441,31465,31444,31425,31321,31629,31241,31631,31256,31492,31504,31201,31385,31534,31575,31458,31593,31377,31415,31753,31217,31498,31424,31524,31394,31337,31622,31339,31697,31756,31417,31352,31570,31428,31488,31507,31782,31388,31574,31589,31308,31656,31282,31564,31380,31482,31341,31485,31231,31200,31340,31673,31328,31370,31758,31219,31474,31551,31720,31525,31504,31226,31409,31344,31446,31414,31500,31237,31693,31483,31556,31598,31587,31789,31717,31398,31374,31400,31470,31421,31317,31335,31374,31440,31457,31408,31586,31427,31448,31305,31624,31757,31304,31767,31611,31439,31537,31213,31523,31609,31528,31326,31779,31766,31505,31778,31693,31248,31569,31289,31651,31438,31506,31442,31527,31254,31779,31332,31645,31512,31308,31780,31718,31752,31487,31445,31681,31484,31354,31572,31330,31546,31573,31701,31541,31682,31623,31517,31536,31418,31525,31255,31586,31683,31234,31480,31276,31501,31723,31673,31288,31693,31279,31640,31630,31471,31780,31785,31238,31259,31482,31563,31797,31276,31250,31303,31491,31558,31310,31310,31229,31313,31236,31500,31587,31250,31277,31644,31585,31340,31448,31262,31227,31224,31559,31254,31331,31763,31296,31209,31227,31785,31648,31723,31385,31581,31299,31404,31309,31347,31363,31505,31317,31582,31363,31430,31367,31287,31545,31598,31336,31259,31521,31289,31593,31407,31512,31736,31654,31466,31772,31357,31324,31703,31282,31506,31535,31473,31229,31761,31272,31321,31445,31711,31217,31432,31689,31303,31355,31282,31771,31452,31377,31324,31283,31556,31203,31776,31466,31624,31712,31559,31238,31343,31751,31213,31503,31470,31610,31345,31544,31333,31447,31590,31757,31324,31534,31588,31399,31771,31324,31661,31284,31744,31663,31221,31329,31461,31689,31578,31778,31207,31340,31361,31279,31506,31790,31448,31235,31227,31354,31506,31260,31354,31735,31479,31514,31733,31296,31636,31574,31206,31776,31766,31747,31796,31209,31328,31206,31243,31379,31701,31570,31692,31480,31688,31482,31686,31704,31219,31215,31731,31556,31761,31292,31243,31357,31628,31264,31335,31304,31627,31510,31702,31250,31249,31409,31475,31429,31353,31475,31261,31690,31533,31321,31533,31234,31379,31453,31454,31754,31437,31480,31288,31265,31224,31459,31494,31604,31629,31644,31583,31580,31591,31767,31495,31213,31464,31581,31375,31280,31240,31448,31502,31209,31691,31527,31330,31321,31286,31647,31776,31639,31283,31787,31313,31746,31273,31781,31644,31469,31765,31260,31263,31349,31480,31505,31641,31395,31330,31347,31721,31775,31772,31410,31350,31681,31657,31396,31735,31372,31310,31551,31410,31614,31557,31533,31306,31221,31216,31224,31694,31444,31534,31722,31339,31505,31625,31485,31426,31440,31796,31369,31539,31490,31203,31235,31246,31226,31363,31466,31710,31230,31712,31403,31511,31610,31252,31559,31305,31789,31516,31590,31667,31739,31342,31352,31440,31474,31730,31679,31408,31792,31772,31233,31616,31354,31250,31747,31213,31590,31334,31349,31655,31654,31596,31286,31432,31610,31365,31637,31323,31234,31676,31241,31528,31407,31344,31713,31497,31251,31527,31431,31617,31457,31772,31259,31777,31782,31586,31785,31538,31466,31208,31267,31499,31456,31251,31301,31728,31323,31795,31528,31397,31405,31374,31737,31374,31677,31516,31298,31300,31514,31767,31447,31699,31308,31697,31205,31591,31217,31419,31721,31740,31772,31539,31456,31436,31456,31296,31722,31318,31582,31723,31504,31429,31370,31671,31494,31642,31364,31240,31300,31256,31414,31513,31381,31261,31603,31320,31424,31689,31523,31305,31712,31420,31680,31516,31393,31405,31456,31216,31388,31445,31683,31714,31756,31362,31395,31428,31691,31485,31381,31391,31547,31800,31503,31268,31692,31681,31746,31661,31533,31767,31724,31723,31377,31583,31381,31551,31780,31656,31554,31614,31714,31426,31706,31489,31404,31258,31420,31278,31330,31289,31415,31451,31640,31381,31371,31797,31437,31524,31578,31527,31482,31384,31598,31736,31254,31512,31319,31633,31448,31383,31645,31407,31392,31478,31248,31222,31442,31318,31766,31578,31241,31686,31774,31694,31567,31378,31441,31510,31429,31377,31648,31778,31391,31745,31491,31502,31767,31552,31311,31585,31760,31645,31207,31411,31240,31351,31484,31473,31693,31434,31780,31270,31534,31314,31744,31495,31573,31242,31382,31454,31363,31791,31800,31611,31449,31704,31411,31389,31409,31429,31407,31432,31239,31641,31777,31793,31409,31580,31698,31501,31739,31331,31353,31524,31743,31359,31505,31282,31414,31697,31601,31489,31472,31308,31213,31512,31533,31236,31279,31558,31463,31378,31426,31761,31539,31327,31474,31689,31646,31465,31340,31428,31760,31452,31513,31565,31558,31387,31766,31719,31510,31311,31775,31791,31756,31358,31339,31668,31737,31543,31612,31251,31562,31266,31566,31509,31600,31306,31395,31743,31401,31531,31383,31395,31312,31703,31497,31478,31652,31300,31205,31567,31788,31582,31419,31510,31587,31282,31717,31777,31658,31322,31559,31734,31293,31250,31669,31551,31266,31711,31762,31593,31799,31705,31258,31382,31312,31441,31640,31636,31442,31487,31456,31636,31413,31604,31761,31259,31585,31716,31528,31589,31344,31590,31278,31427,31235,31455,31273,31416,31520,31681,31254,31452,31246,31417,31255,31367,31670,31419,31457,31685,31326,31279,31275,31293,31671,31713,31680,31282,31676,31645,31497,31392,31737,31716,31617,31631,31215,31435,31518,31661,31343,31780,31608,31549,31688,31486,31589,31520,31537,31749,31342,31736,31410,31455,31674,31795,31711,31668,31731,31511,31602,31419,31524,31693,31757,31434,31512,31741,31401,31620,31677,31642,31376,31659,31232,31572,31218,31762,31287,31604,31420,31400,31788,31471,31564,31414,31711,31229,31571,31481,31333,31565,31627,31279,31350,31636,31517,31403,31670,31704,31273,31618,31508,31524,31417,31367,31491,31676,31704,31248,31252,31519,31294,31689,31526,31696,31646,31396,31325,31384,31719,31632,31559,31733,31370,31277,31216,31385,31592,31286,31655,31678,31394,31572,31421,31302,31664,31396,31622,31779,31633,31286,31363,31361,31360,31766,31232,31597,31716,31572,31713,31335,31339,31638,31680,31401,31686,31237,31533,31759,31691,31415,31282,31349,31639,31217,31308,31690,31386,31293,31529,31779,31315,31403,31348,31629,31790,31274,31419,31715,31629,31274,31565,31692,31245,31785,31571,31673,31388,31627,31518,31764,31515,31380,31342,31558,31629,31560,31206,31391,31457,31587,31411,31713,31740,31477,31498,31788,31302,31713,31687,31637,31598,31771,31201,31320,31410,31643,31318,31672,31437,31331,31752,31224,31351,31693,31775,31355,31362,31799,31596,31346,31265,31276,31412,31647,31576,31306,31627,31205,31589,31408,31435,31212,31468,31783,31783,31541,31531,31575,31624,31379,31502,31270,31686,31400,31786,31432,31524,31662,31632,31366,31724,31653,31414,31349,31427,31509,31784,31345,31286,31653,31654,31470,31776,31264,31425,31629,31222,31383,31208,31382,31581,31537,31510,31404,31743,31479,31219,31763,31626,31396,31716,31781,31312,31270,31659,31790,31679,31663,31302,31563,31739,31781,31704,31307,31759,31255,31676,31426,31396,31549,31477,31270,31611,31768,31547,31517,31799,31204,31383,31732,31607,31471,31581,31409,31458,31230,31310,31487,31722,31589,31661,31483,31573,31768,31538,31776,31379,31524,31466,31521,31334,31368,31641,31649,31542,31210,31373,31303,31241,31510,31728,31754,31484,31632,31307,31569,31785,31687,31671,31278,31732,31566,31671,31513,31589,31782,31405,31382,31244,31442,31717,31738,31769,31782,31409,31654,31395,31341,31276,31653,31478,31649,31298,31261,31393,31640,31217,31411,31534,31279,31785,31290,31362,31654,31436,31673,31730,31774,31552,31272,31709,31230,31769,31518,31235,31247,31253,31406,31674,31249,31341,31785,31589,31488,31369,31744,31616,31608,31484,31211,31423,31271,31664,31697,31575,31364,31519,31388,31550,31317,31371,31786,31306,31755,31202,31369,31778,31202,31701,31786,31654,31709,31482,31649,31633,31344,31342,31735,31347,31462,31333,31425,31460,31514,31657,31686,31700,31713,31604,31539,31511,31458,31334,31262,31735,31485,31759,31600,31399,31373,31331,31371,31298,31626,31443,31227,31745,31735,31208,31672,31626,31586,31541,31364,31586,31650,31469,31524,31364,31292,31271,31414,31257,31376,31286,31369,31309,31632,31254,31359,31206,31512,31343,31208,31440,31729,31479,31401,31609,31578,31575,31211,31260,31251,31327,31760,31740,31290,31616,31264,31234,31796,31316,31212,31562,31622,31457,31674,31708,31469,31269,31204,31418,31404,31554,31577,31216,31773,31540,31391,31397,31747,31243,31638,31472,31407,31214,31611,31296,31761,31741,31465,31310,31549,31429,31346,31448,31751,31529,31256,31529,31646,31605,31390,31341,31598,31606,31730,31673,31315,31635,31483,31756,31798,31738,31649,31672,31435,31374,31239,31616,31226,31364,31740,31340,31722,31214,31755,31692,31212,31735,31376,31618,31476,31683,31529,31315,31385,31452,31449,31385,31376,31320,31620,31431,31528,31667,31581,31436,31591,31546,31437,31292,31558,31746,31511,31337,31361,31467,31409,31542,31742,31682,31758,31438,31636,31679,31495,31240,31657,31533,31555,31646,31233,31324,31438,31410,31606,31568,31573,31730,31703,31488,31359,31564,31319,31787,31228,31215,31772,31522,31511,31579,31663,31696,31275,31566,31684,31714,31699,31420,31292,31212,31267,31256,31738,31493,31267,31529,31536,31387,31372,31566,31251,31470,31442,31214,31609,31629,31200,31562,31202,31459,31520,31476,31641,31227,31685,31536,31305,31464,31310,31763,31382,31267,31373,31586,31379,31387,31682,31269,31716,31737,31715,31439,31366,31214,31784,31746,31394,31216,31546,31209,31516,31562,31749,31649,31416,31385,31797,31286,31403,31709,31395,31752,31349,31202,31759,31309,31593,31586,31232,31551,31697,31628,31796,31408,31300,31516,31210,31674,31363,31272,31555,31726,31508,31303,31800,31470,31655,31306,31507,31439,31730,31428,31482,31392,31354,31403,31450,31418,31618,31637,31239,31739,31643,31309,31758,31740,31673,31523,31239,31340,31247,31301,31789,31684,31726,31443,31745,31238,31777,31651,31706,31682,31659,31275,31721,31638,31364,31357,31213,31469,31741,31632,31337,31448,31241,31594,31656,31675,31237,31476,31425,31797,31249,31393,31342,31614,31465,31292,31683,31541,31403,31440,31781,31479,31272,31334,31519,31394,31631,31317,31255,31348,31607,31333,31715,31699,31333,31472,31364,31461,31731,31229,31499,31606,31649,31556,31202,31482,31767,31648,31658,31730,31672,31370,31228,31755,31481,31307,31495,31553,31768,31622,31275,31407,31733,31419,31244,31253,31623,31277,31614,31419,31291,31359,31241,31327,31460,31316,31267,31760,31622,31795,31677,31442,31246,31262,31444,31663,31646,31423,31648,31782,31733,31271,31393,31658,31767,31565,31739,31581,31466,31681,31689,31475,31368,31768,31296,31344,31595,31483,31650,31768,31787,31352,31599,31307,31677,31602,31301,31699,31734,31617,31284,31334,31774,31222,31350,31458,31449,31751,31705,31552,31646,31681,31287,31314,31560,31301,31414,31278,31489,31649,31672,31613,31719,31386,31756,31338,31339,31213,31696,31381,31309,31573,31556,31287,31630,31529,31570,31402,31303,31279,31635,31486,31707,31297,31407,31787,31596,31719,31483,31689,31664,31639,31475,31516,31314,31283,31441,31698,31542,31725,31211,31419,31493,31645,31234,31657,31542,31350,31640,31698,31723,31381,31670,31465,31377,31592,31282,31520,31255,31364,31591,31605,31344,31566,31703,31565,31667,31214,31793,31551,31259,31673,31302,31683,31213,31471,31241,31783,31799,31282,31217,31658,31340,31249,31240,31482,31518,31626,31305,31799,31578,31692,31770,31278,31308,31754,31631,31635,31767,31545,31330,31776,31784,31460,31569,31731,31773,31653,31479,31355,31582,31610,31718,31612,31503,31734,31493,31365,31307,31622,31755,31350,31705,31386,31485,31620,31412,31770,31759,31357,31344,31703,31423,31410,31446,31201,31471,31318,31734,31591,31431,31408,31739,31494,31789,31632,31505,31250,31593,31500,31252,31588,31321,31747,31507,31260,31286,31351,31790,31578,31722,31215,31785,31356,31388,31646,31765,31712,31441,31440,31582,31463,31353,31627,31421,31556,31285,31465,31285,31644,31446,31497,31260,31558,31312,31748,31273,31202,31359,31278,31282,31783,31416,31640,31591,31683,31596,31238,31395,31615,31486,31701,31333,31248,31652,31599,31272,31210,31478,31495,31464,31376,31371,31480,31217,31462,31720,31217,31250,31510,31746,31373,31680,31727,31217,31238,31463,31434,31301,31751,31767,31493,31232,31422,31710,31720,31232,31636,31238,31412,31683,31650,31208,31372,31255,31330,31321,31677,31377,31652,31464,31588,31753,31262,31211,31467,31670,31590,31694,31319,31731,31619,31411,31613,31350,31378,31632,31700,31584,31345,31460,31683,31664,31689,31541,31633,31625,31670,31394,31429,31304,31210,31447,31689,31418,31381,31739,31281,31409,31490,31253,31305,31583,31734,31398,31613,31236,31363,31327,31280,31630,31301,31230,31563,31280,31496,31361,31243,31360,31388,31462,31398,31302,31621,31356,31664,31737,31553,31731,31660,31404,31370,31458,31572,31571,31664,31323,31661,31239,31617,31711,31779,31297,31246,31471,31395,31359,31653,31221,31459,31430,31387,31797,31370,31481,31722,31489,31225,31231,31360,31643,31504,31690,31524,31569,31505,31608,31618,31429,31371,31549,31638,31661,31738,31691,31737,31273,31603,31675,31319,31239,31689,31528,31789,31249,31335,31349,31450,31739,31780,31213,31222,31288,31506,31730,31370,31520,31789,31499,31261,31534,31772,31255,31258,31407,31318,31476,31592,31779,31219,31237,31407,31450,31562,31426,31431,31362,31459,31651,31582,31537,31532,31722,31662,31308,31343,31680,31353,31351,31795,31446,31631,31229,31449,31619,31750,31611,31261,31226,31407,31614,31631,31709,31261,31449,31401,31381,31800,31404,31612,31642,31561,31513,31232,31761,31631,31571,31673,31347,31316,31546,31328,31479,31395,31492,31436,31603,31526,31257,31514,31661,31639,31654,31270,31477,31561,31655,31303,31745,31272,31752,31433,31384,31233,31452,31379,31417,31469,31540,31521,31731,31701,31202,31630,31477,31515,31514,31428,31601,31409,31338,31793,31247,31652,31763,31437,31643,31451,31267,31325,31679,31305,31241,31657,31715,31747,31775,31448,31224,31718,31201,31351,31721,31780,31388,31293,31408,31220,31366,31777,31302,31564,31403,31417,31765,31265,31315,31402,31758,31761,31256,31303,31476,31230,31671,31292,31347,31495,31522,31710,31609,31296,31295,31672,31507,31407,31605,31232,31659,31513,31607,31502,31531,31599,31512,31598,31455,31375,31464,31763,31564,31508,31298,31266,31771,31444,31265,31438,31588,31311,31672,31439,31578,31548,31355,31222,31490,31382,31675,31463,31380,31399,31556,31209,31774,31792,31784,31450,31676,31474,31798,31239,31447,31253,31422,31761,31785,31433,31786,31574,31566,31480,31494,31314,31510,31610,31783,31377,31506,31459,31785,31445,31542,31251,31616,31348,31297,31343,31673,31510,31408,31432,31560,31344,31471,31458,31375,31275,31216,31634,31494,31668,31327,31467,31778,31529,31210,31436,31761,31646,31592,31652,31612,31589,31708,31309,31557,31787,31404,31539,31401,31776,31213,31340,31345,31233,31275,31771,31595,31648,31200,31206,31482,31339,31606,31729,31740,31237,31201,31401,31331,31703,31289,31314,31437,31452,31766,31696,31597,31266,31453,31734,31756,31499,31558,31662,31792,31416,31508,31530,31368,31647,31509,31538,31300,31383,31735,31561,31653,31260,31717,31732,31522,31497,31711,31470,31778,31358,31598,31440,31292,31235,31694,31652,31411,31505,31585,31650,31448,31466,31532,31632,31461,31362,31448,31376,31463,31564,31358,31511,31544,31527,31307,31323,31305,31788,31213,31409,31390,31272,31663,31416,31626,31292,31683,31212,31354,31567,31688,31538,31407,31717,31643,31464,31441,31516,31367,31478,31530,31779,31274,31254,31529,31710,31336,31699,31705,31324,31443,31752,31422,31759,31397,31396,31690,31326,31789,31530,31286,31224,31723,31662,31251,31341,31523,31634,31396,31560,31580,31321,31665,31432,31743,31320,31300,31357,31576,31685,31720,31657,31527,31542,31644,31492,31408,31287,31681,31474,31212,31468,31761,31598,31453,31468,31756,31748,31201,31540,31200,31655,31414,31539,31536,31255,31517,31333,31773,31391,31787,31571,31431,31645,31426,31774,31675,31620,31276,31558,31455,31765,31610,31404,31500,31631,31663,31515,31385,31222,31308,31539,31781,31372,31248,31238,31308,31699,31646,31565,31326,31798,31257,31293,31617,31485,31739,31703,31768,31425,31354,31282,31796,31406,31657,31276,31268,31533,31226,31301,31590,31257,31512,31325,31559,31590,31613,31519,31742,31608,31518,31565,31448,31278,31590,31483,31331,31491,31310,31350,31379,31380,31207,31693,31487,31572,31590,31453,31722,31448,31531,31423,31335,31539,31577,31243,31409,31619,31719,31399,31523,31356,31541,31437,31431,31616,31706,31779,31627,31318,31403,31274,31502,31753,31403,31519,31494,31588,31690,31435,31363,31331,31588,31550,31253,31272,31558,31776,31783,31250,31206,31711,31499,31790,31745,31298,31348,31293,31761,31246,31286,31726,31250,31564,31744,31377,31424,31666,31442,31675,31311,31553,31661,31382,31270,31519,31271,31662,31648,31761,31709,31631,31248,31388,31546,31592,31593,31312,31525,31339,31596,31280,31444,31423,31294,31566,31629,31212,31551,31341,31239,31647,31585,31310,31369,31589,31253,31478,31253,31434,31614,31783,31317,31496,31209,31470,31366,31751,31669,31451,31480,31571,31400,31411,31219,31590,31604,31382,31452,31256,31464,31345,31398,31413,31211,31370,31577,31676,31664,31438,31520,31494,31272,31254,31700,31737,31669,31778,31277,31386,31254,31742,31436,31415,31560,31264,31641,31206,31712,31203,31771,31434,31475,31479,31498,31677,31621,31333,31355,31322,31654,31774,31227,31558,31256,31764,31674,31766,31348,31440,31657,31408,31693,31683,31333,31653,31604,31304,31243,31720,31236,31690,31569,31236,31309,31318,31704,31499,31590,31538,31439,31789,31241,31642,31641,31666,31536,31441,31298,31674,31556,31363,31285,31367,31276,31402,31605,31744,31601,31586,31616,31489,31672,31362,31257,31743,31266,31568,31270,31367,31692,31791,31674,31378,31673,31414,31781,31291,31235,31498,31603,31231,31593,31230,31232,31679,31523,31467,31402,31653,31588,31272,31349,31520,31752,31735,31643,31607,31553,31238,31409,31519,31596,31369,31662,31578,31218,31774,31698,31787,31437,31228,31488,31695,31245,31355,31704,31584,31388,31693,31442,31699,31698,31428,31519,31445,31403,31226,31297,31619,31735,31235,31632,31551,31224,31751,31582,31382,31633,31280,31410,31578,31722,31447,31440,31478,31295,31398,31721,31768,31260,31393,31795,31319,31243,31253,31250,31643,31556,31730,31411,31588,31454,31460,31657,31384,31333,31756,31612,31364,31469,31238,31289,31212,31724,31220,31357,31554,31694,31532,31344,31598,31323,31242,31520,31638,31482,31413,31265,31309,31253,31782,31221,31677,31450,31686,31568,31462,31251,31645,31710,31335,31779,31246,31774,31338,31519,31309,31444,31291,31279,31251,31273,31460,31673,31318,31628,31291,31634,31773,31383,31617,31399,31394,31633,31629,31377,31330,31243,31761,31511,31664,31374,31311,31698,31442,31267,31583,31613,31726,31441,31279,31669,31617,31740,31247,31643,31734,31272,31641,31260,31792,31568,31632,31354,31553,31498,31588,31651,31496,31622,31410,31338,31387,31426,31737,31261,31630,31589,31425,31694,31342,31220,31591,31584,31220,31769,31398,31399,31784,31746,31717,31673,31671,31650,31428,31441,31598,31706,31572,31294,31697,31319,31443,31594,31333,31403,31654,31532,31707,31735,31365,31729,31775,31386,31274,31688,31407,31668,31374,31777,31249,31354,31655,31406,31638,31204,31375,31794,31573,31753,31277,31565,31407,31529,31672,31397,31685,31258,31297,31458,31291,31770,31574,31779,31726,31605,31369,31608,31358,31504,31325,31442,31529,31440,31517,31399,31687,31787,31442,31503,31595,31314,31477,31532,31561,31343,31424,31436,31348,31451,31742,31526,31472,31441,31587,31330,31528,31296,31394,31410,31459,31489,31516,31211,31595,31377,31570,31494,31611,31775,31750,31701,31630,31532,31406,31751,31467,31763,31256,31676,31751,31772,31534,31226,31614,31605,31563,31634,31349,31744,31670,31560,31504,31328,31328,31455,31368,31372,31373,31290,31340,31620,31395,31217,31583,31271,31586,31676,31463,31365,31746,31748,31324,31784,31541,31577,31596,31761,31761,31545,31759,31757,31551,31706,31781,31352,31408,31690,31305,31503,31351,31228,31335,31609,31404,31623,31553,31616,31571,31577,31496,31799,31566,31475,31400,31239,31641,31280,31653,31383,31587,31412,31722,31509,31622,31385,31439,31531,31579,31613,31578,31564,31334,31525,31742,31717,31306,31634,31493,31789,31621,31588,31686,31266,31271,31539,31531,31464,31427,31416,31326,31243,31253,31254,31361,31223,31790,31756,31584,31420,31698,31209,31646,31584,31299,31730,31647,31500,31531,31780,31726,31777,31323,31770,31336,31620,31226,31241,31654,31589,31795,31593,31537,31718,31209,31268,31330,31579,31640,31524,31670,31665,31420,31395,31340,31574,31614,31305,31645,31249,31211,31723,31663,31649,31737,31546,31395,31608,31730,31648,31770,31403,31545,31734,31613,31238,31280,31342,31234,31449,31518,31702,31339,31336,31325,31457,31567,31680,31577,31435,31744,31567,31742,31207,31359,31352,31650,31378,31260,31342,31354,31234,31731,31352,31578,31219,31284,31697,31689,31236,31235,31724,31395,31773,31703,31435,31256,31585,31358,31587,31609,31798,31628,31618,31348,31264,31311,31206,31582,31594,31606,31534,31784,31486,31793,31747,31654,31350,31294,31782,31321,31402,31394,31572,31578,31532,31653,31274,31493,31734,31318,31381,31299,31403,31625,31379,31262,31779,31751,31709,31678,31362,31511,31228,31772,31389,31537,31646,31650,31405,31717,31628,31687,31362,31452,31327,31362,31729,31283,31353,31554,31239,31558,31479,31465,31741,31304,31261,31492,31595,31365,31754,31326,31316,31317,31261,31319,31675,31344,31598,31412,31750,31330,31726,31426,31420,31660,31274,31476,31239,31777,31680,31614,31334,31378,31782,31252,31596,31729,31582,31735,31771,31328,31677,31548,31200,31280,31391,31521,31335,31237,31393,31276,31275,31782,31535,31491,31221,31619,31798,31322,31641,31713,31741,31601,31792,31722,31448,31460,31665,31714,31492,31366,31784,31707,31759,31393,31634,31207,31728,31637,31482,31780,31599,31321,31649,31294,31333,31800,31220,31608,31586,31514,31675,31372,31499,31500,31238,31241,31739,31395,31571,31599,31567,31784,31250,31428,31217,31389,31539,31725,31454,31474,31537,31265,31337,31207,31436,31360,31300,31657,31521,31708,31666,31488,31495,31368,31355,31288,31373,31745,31435,31736,31410,31600,31689,31636,31278,31494,31689,31481,31583,31544,31297,31728,31240,31707,31532,31712,31800,31237,31552,31254,31284,31490,31784,31628,31497,31210,31327,31692,31384,31340,31527,31269,31705,31782,31632,31306,31490,31788,31600,31635,31652,31325,31304,31684,31329,31558,31536,31390,31372,31472,31784,31766,31416,31635,31288,31759,31527,31405,31318,31312,31693,31772,31467,31490,31344,31534,31750,31585,31673,31237,31398,31527,31576,31237,31438,31573,31627,31721,31562,31514,31557,31284,31716,31269,31696,31443,31490,31398,31503,31336,31560,31622,31258,31442,31753,31484,31717,31398,31528,31591,31216,31569,31401,31304,31711,31441,31794,31288,31510,31297,31597,31572,31576,31781,31585,31540,31247,31787,31627,31410,31746,31203,31301,31270,31647,31634,31540,31576,31324,31514,31207,31747,31701,31586,31647,31756,31660,31369,31350,31782,31658,31572,31370,31735,31523,31714,31526,31776,31201,31396,31309,31754,31668,31329,31511,31688,31576,31534,31536,31725,31379,31715,31587,31765,31543,31385,31382,31352,31515,31545,31224,31762,31447,31392,31266,31624,31234,31645,31637,31493,31509,31211,31738,31490,31466,31353,31493,31628,31796,31738,31366,31231,31304,31644,31563,31307,31331,31615,31290,31442,31306,31513,31326,31427,31453,31562,31634,31382,31632,31598,31541,31319,31482,31379,31596,31679,31625,31210,31579,31579,31476,31707,31800,31772,31383,31256,31556,31514,31695,31370,31250,31432,31322,31231,31260,31569,31540,31512,31436,31232,31253,31269,31786,31623,31549,31761,31444,31569,31778,31507,31271,31368,31597,31397,31271,31323,31748,31572,31389,31293,31583,31653,31491,31411,31258,31712,31545,31393,31222,31213,31274,31773,31483,31550,31598,31296,31230,31788,31490,31589,31248,31718,31681,31632,31285,31369,31789,31640,31240,31403,31332,31328,31524,31734,31353,31733,31415,31370,31242,31662,31720,31467,31641,31555,31489,31410,31361,31310,31214,31578,31795,31613,31542,31643,31658,31501,31544,31540,31274,31448,31601,31532,31218,31216,31697,31734,31530,31291,31416,31286,31724,31246,31375,31709,31483,31604,31266,31673,31590,31311,31472,31274,31227,31411,31691,31548,31201,31760,31436,31663,31329,31732,31440,31436,31410,31744,31302,31217,31509,31241,31626,31504,31340,31552,31793,31469,31477,31387,31772,31685,31592,31739,31426,31753,31744,31710,31542,31221,31377,31415,31436,31347,31500,31469,31372,31616,31218,31543,31274,31392,31664,31450,31672,31383,31415,31366,31224,31208,31295,31545,31533,31443,31677,31486,31278,31239,31277,31245,31689,31340,31432,31353,31470,31492,31252,31795,31735,31473,31363,31700,31645,31740,31541,31641,31731,31591,31551,31634,31215,31448,31670,31634,31462,31791,31363,31558,31250,31450,31349,31557,31558,31771,31674,31449,31232,31633,31508,31730,31369,31351,31406,31422,31309,31234,31421,31753,31785,31415,31623,31724,31603,31311,31381,31515,31281,31415,31263,31709,31716,31737,31506,31668,31270,31508,31765,31217,31244,31467,31797,31710,31792,31637,31312,31319,31390,31718,31557,31442,31505,31596,31346,31414,31337,31368,31336,31324,31449,31260,31419,31660,31626,31519,31544,31686,31699,31256,31520,31334,31753,31270,31631,31702,31444,31279,31226,31728,31537,31354,31400,31591,31449,31238,31343,31578,31652,31308,31674,31372,31281,31655,31632,31422,31785,31240,31679,31200,31382,31307,31351,31323,31574,31603,31576,31296,31550,31618,31255,31543,31684,31431,31399,31488,31707,31308,31524,31703,31574,31601,31229,31674,31534,31687,31434,31326,31292,31317,31343,31372,31357,31551,31616,31793,31744,31695,31426,31509,31730,31484,31217,31723,31575,31659,31557,31522,31250,31553,31326,31285,31477,31616,31746,31406,31504,31390,31514,31663,31277,31472,31570,31677,31739,31369,31228,31531,31550,31207,31695,31293,31538,31679,31615,31751,31269,31524,31575,31395,31706,31713,31210,31338,31503,31472,31388,31248,31740,31320,31506,31560,31280,31576,31566,31580,31243,31511,31691,31343,31650,31294,31647,31412,31574,31226,31621,31487,31631,31386,31569,31593,31571,31288,31512,31533,31456,31726,31535,31259,31453,31550,31468,31356,31792,31226,31218,31794,31552,31636,31430,31463,31596,31416,31402,31424,31476,31651,31615,31238,31517,31567,31665,31252,31523,31776,31259,31703,31247,31628,31769,31749,31443,31286,31650,31696,31577,31444,31584,31556,31458,31681,31244,31791,31768,31288,31338,31331,31226,31477,31301,31658,31470,31400,31347,31543,31532,31221,31416,31771,31570,31797,31548,31716,31229,31451,31459,31649,31727,31376,31485,31752,31512,31278,31369,31672,31452,31396,31747,31377,31620,31574,31637,31716,31245,31706,31475,31395,31203,31494,31630,31200,31338,31409,31326,31575,31474,31284,31450,31276,31415,31626,31741,31432,31689,31526,31560,31498,31478,31388,31300,31412,31548,31497,31468,31313,31242,31445,31271,31732,31442,31655,31792,31514,31616,31436,31462,31718,31217,31798,31612,31749,31731,31740,31741,31491,31206,31317,31390,31425,31706,31663,31221,31651,31361,31586,31431,31648,31575,31237,31466,31429,31669,31663,31210,31606,31242,31700,31268,31636,31275,31681,31630,31340,31710,31793,31325,31778,31730,31361,31586,31532,31310,31551,31629,31739,31572,31244,31413,31432,31629,31659,31528,31416,31641,31685,31293,31569,31651,31691,31504,31375,31412,31702,31265,31348,31485,31627,31461,31481,31780,31422,31339,31305,31374,31229,31760,31416,31228,31601,31451,31406,31586,31755,31690,31346,31565,31342,31742,31436,31466,31799,31335,31767,31443,31596,31663,31249,31388,31249,31503,31271,31472,31610,31261,31331,31230,31348,31419,31381,31362,31278,31292,31524,31654,31766,31223,31253,31542,31635,31459,31619,31232,31537,31315,31548,31299,31768,31481,31252,31439,31641,31330,31725,31347,31740,31521,31380,31235,31379,31647,31596,31513,31754,31223,31230,31483,31717,31791,31253,31304,31680,31245,31583,31763,31526,31219,31625,31439,31387,31516,31630,31566,31373,31514,31342,31752,31448,31454,31371,31485,31800,31307,31736,31595,31694,31412,31471,31345,31740,31639,31359,31254,31734,31686,31444,31559,31228,31485,31477,31431,31422,31321,31238,31706,31633,31652,31355,31290,31428,31691,31487,31382,31674,31466,31702,31545,31495,31669,31359,31750,31482,31263,31606,31326,31642,31715,31235,31405,31409,31395,31609,31456,31422,31395,31236,31528,31264,31212,31351,31359,31533,31420,31701,31702,31609,31389,31338,31391,31572,31544,31531,31365,31638,31417,31202,31763,31735,31746,31726,31723,31279,31606,31512,31710,31318,31333,31228,31441,31230,31427,31394,31754,31554,31377,31278,31636,31450,31695,31505,31484,31241,31790,31604,31487,31517,31729,31475,31285,31516,31656,31578,31223,31262,31614,31359,31449,31469,31696,31527,31657,31775,31208,31381,31646,31675,31379,31576,31419,31771,31209,31346,31268,31373,31665,31795,31670,31423,31365,31742,31335,31272,31720,31405,31438,31403,31530,31475,31761,31557,31502,31544,31238,31254,31466,31516,31769,31752,31400,31649,31758,31404,31374,31342,31558,31520,31522,31283,31456,31464,31771,31335,31361,31485,31399,31562,31257,31521,31546,31654,31483,31753,31727,31263,31345,31638,31795,31572,31604,31253,31453,31299,31381,31352,31557,31748,31246,31537,31431,31560,31323,31676,31226,31365,31623,31373,31526,31249,31796,31451,31718,31408,31448,31237,31735,31530,31229,31606,31754,31335,31439,31339,31757,31759,31605,31639,31764,31610,31609,31415,31380,31571,31353,31739,31723,31334,31392,31210,31511,31437,31290,31391,31484,31783,31586,31734,31467,31670,31790,31783,31626,31419,31719,31464,31311,31701,31451,31583,31730,31275,31676,31231,31756,31788,31334,31354,31422,31399,31760,31740,31504,31207,31720,31772,31739,31261,31707,31240,31485,31413,31309,31422,31224,31727,31262,31598,31535,31408,31633,31451,31718,31408,31350,31361,31231,31521,31607,31375,31692,31381,31680,31359,31624,31319,31760,31589,31281,31335,31556,31267,31541,31588,31469,31612,31536,31373,31757,31504,31667,31650,31534,31669,31258,31703,31497,31230,31751,31690,31368,31779,31669,31259,31596,31746,31773,31435,31425,31454,31570,31262,31528,31583,31338,31311,31356,31354,31649,31485,31415,31452,31677,31699,31424,31346,31468,31694,31255,31345,31326,31350,31728,31274,31376,31763,31674,31437,31490,31428,31777,31609,31243,31561,31682,31299,31323,31666,31779,31757,31554,31563,31568,31534,31624,31638,31694,31373,31477,31368,31733,31352,31343,31719,31335,31233,31311,31210,31323,31573,31541,31493,31271,31744,31488,31585,31717,31670,31706,31635,31791,31454,31664,31590,31786,31348,31293,31715,31228,31609,31294,31286,31640,31735,31282,31499,31621,31752,31510,31729,31357,31220,31357,31374,31714,31275,31254,31483,31433,31286,31794,31433,31708,31492,31589,31485,31568,31248,31364,31273,31402,31590,31383,31743,31216,31745,31751,31733,31668,31292,31201,31569,31217,31368,31313,31269,31593,31230,31277,31636,31429,31228,31671,31546,31305,31718,31403,31522,31227,31518,31711,31563,31740,31660,31737,31562,31494,31593,31564,31714,31694,31296,31516,31675,31379,31519,31356,31442,31580,31593,31574,31696,31574,31563,31623,31483,31336,31428,31771,31383,31446,31433,31383,31729,31628,31315,31338,31786,31354,31617,31649,31606,31224,31380,31778,31655,31559,31362,31430,31286,31593,31394,31616,31314,31389,31222,31410,31644,31657,31404,31561,31499,31414,31610,31690,31364,31452,31481,31615,31500,31752,31592,31785,31583,31260,31593,31655,31798,31390,31560,31340,31212,31667,31303,31365,31672,31612,31213,31510,31386,31564,31248,31785,31278,31334,31677,31513,31774,31235,31757,31370,31666,31678,31529,31695,31442,31405,31571,31791,31300,31541,31559,31532,31695,31515,31621,31493,31708,31254,31299,31462,31398,31386,31480,31314,31431,31522,31657,31559,31702,31434,31686,31515,31533,31534,31679,31752,31472,31685,31764,31328,31416,31448,31517,31663,31623,31349,31788,31400,31290,31292,31575,31353,31572,31671,31282,31368,31390,31777,31305,31627,31283,31658,31393,31404,31772,31384,31721,31665,31791,31774,31487,31425,31400,31607,31388,31673,31211,31394,31597,31430,31772,31613,31607,31764,31786,31459,31555,31592,31306,31280,31723,31681,31228,31336,31753,31573,31487,31767,31783,31765,31779,31655,31206,31593,31441,31517,31249,31705,31620,31674,31246,31320,31473,31626,31515,31202,31679,31775,31316,31800,31677,31650,31273,31744,31631,31674,31697,31724,31218,31685,31383,31495,31391,31732,31414,31702,31631,31213,31636,31795,31669,31206,31485,31310,31545,31605,31553,31747,31660,31539,31481,31468,31576,31517,31337,31240,31406,31272,31259,31282,31695,31542,31248,31362,31380,31267,31369,31594,31360,31602,31390,31285,31317,31785,31479,31780,31319,31235,31338,31584,31662,31426,31773,31385,31263,31438,31526,31382,31588,31306,31600,31625,31645,31483,31697,31733,31503,31337,31523,31791,31746,31663,31576,31370,31305,31731,31266,31701,31748,31258,31212,31580,31748,31611,31213,31259,31568,31754,31608,31429,31573,31382,31641,31727,31720,31742,31770,31387,31378,31732,31509,31353,31355,31634,31269,31800,31747,31741,31793,31463,31783,31214,31309,31555,31263,31289,31431,31698,31707,31568,31438,31205,31518,31564,31597,31452,31311,31238,31705,31782,31667,31632,31602,31687,31264,31213,31344,31243,31478,31295,31579,31623,31352,31471,31516,31232,31590,31209,31258,31685,31268,31400,31384,31429,31530,31233,31425,31474,31517,31237,31461,31356,31236,31664,31409,31643,31744,31352,31382,31315,31591,31793,31389,31746,31711,31798,31293,31398,31687,31681,31523,31518,31202,31635,31608,31761,31487,31646,31761,31379,31222,31390,31712,31287,31681,31794,31420,31530,31468,31323,31690,31752,31660,31476,31640,31281,31593,31359,31454,31607,31751,31585,31504,31467,31484,31718,31724,31698,31314,31672,31406,31657,31222,31270,31586,31297,31222,31277,31773,31513,31471,31653,31605,31242,31219,31639,31652,31289,31687,31261,31409,31773,31649,31624,31280,31740,31464,31660,31776,31651,31688,31287,31621,31287,31648,31360,31588,31641,31223,31770,31476,31649,31797,31669,31739,31234,31674,31344,31528,31221,31444,31789,31428,31480,31421,31255,31481,31508,31496,31489,31375,31589,31312,31477,31647,31592,31601,31207,31604,31316,31549,31239,31751,31219,31335,31580,31666,31530,31633,31395,31232,31426,31242,31541,31214,31718,31608,31267,31215,31538,31741,31535,31599,31254,31328,31593,31439,31238,31708,31667,31506,31228,31233,31213,31729,31236,31594,31407,31775,31538,31766,31232,31788,31456,31300,31660,31200,31339,31524,31338,31396,31692,31257,31391,31713,31642,31401,31498,31510,31480,31501,31705,31469,31445,31332,31773,31335,31335,31499,31595,31288,31744,31442,31409,31392,31791,31310,31497,31490,31669,31391,31472,31360,31586,31469,31436,31546,31261,31612,31676,31691,31719,31674,31223,31752,31311,31227,31661,31765,31224,31316,31723,31417,31628,31691,31438,31450,31423,31620,31609,31622,31594,31348,31781,31359,31309,31743,31296,31658,31747,31567,31473,31310,31561,31654,31617,31418,31612,31523,31570,31663,31529,31557,31434,31604,31320,31282,31247,31761,31206,31543,31598,31391,31451,31267,31265,31501,31421,31390,31422,31442,31526,31204,31792,31719,31503,31556,31359,31687,31589,31617,31671,31233,31519,31385,31669,31635,31284,31570,31621,31669,31667,31336,31491,31404,31775,31624,31608,31752,31422,31229,31532,31797,31548,31239,31209,31484,31413,31299,31574,31240,31299,31385,31534,31599,31721,31379,31572,31758,31241,31772,31634,31772,31520,31662,31221,31430,31540,31539,31687,31259,31351,31531,31572,31292,31256,31304,31450,31298,31597,31222,31523,31708,31524,31500,31638,31302,31714,31247,31645,31283,31611,31758,31333,31485,31301,31417,31381,31669,31677,31316,31341,31548,31398,31350,31336,31772,31682,31216,31451,31508,31723,31420,31336,31635,31529,31609,31693,31658,31314,31730,31516,31790,31625,31626,31703,31604,31676,31415,31586,31303,31288,31341,31227,31569,31538,31544,31755,31328,31626,31264,31287,31692,31610,31329,31379,31502,31595,31350,31371,31697,31585,31281,31665,31459,31612,31417,31732,31632,31379,31713,31384,31593,31474,31537,31431,31258,31776,31393,31682,31766,31217,31308,31355,31690,31652,31647,31367,31264,31507,31655,31477,31572,31719,31542,31496,31285,31732,31266,31535,31298,31508,31456,31281,31680,31475,31470,31682,31582,31779,31624,31356,31658,31232,31346,31214,31616,31764,31726,31728,31342,31593,31633,31577,31489,31354,31247,31335,31460,31271,31456,31596,31295,31743,31261,31286,31325,31301,31567,31680,31644,31718,31420,31275,31690,31559,31460,31409,31798,31671,31387,31495,31560,31219,31664,31485,31637,31216,31514,31562,31354,31370,31277,31661,31345,31702,31412,31488,31598,31320,31421,31610,31763,31434,31682,31352,31659,31751,31373,31753,31697,31521,31243,31779,31595,31576,31532,31568,31723,31556,31571,31244,31522,31563,31718,31215,31720,31784,31663,31535,31269,31225,31488,31645,31327,31359,31623,31572,31414,31746,31735,31364,31570,31671,31224,31460,31547,31711,31702,31430,31410,31507,31305,31749,31432,31415,31518,31526,31661,31294,31721,31323,31759,31302,31553,31606,31370,31741,31642,31464,31262,31723,31797,31714,31636,31306,31302,31273,31549,31387,31569,31451,31381,31785,31659,31596,31350,31263,31794,31659,31493,31200,31562,31253,31445,31582,31548,31431,31206,31703,31339,31778,31372,31428,31581,31757,31365,31513,31341,31487,31472,31448,31416,31739,31685,31379,31346,31582,31408,31340,31286,31505,31561,31403,31440,31225,31339,31343,31272,31465,31575,31502,31362,31738,31539,31477,31397,31617,31617,31679,31281,31286,31585,31692,31353,31309,31729,31560,31523,31336,31754,31643,31517,31456,31639,31249,31637,31783,31427,31681,31432,31336,31493,31220,31571,31315,31230,31638,31505,31722,31376,31756,31493,31516,31734,31761,31375,31512,31291,31609,31277,31577,31427,31638,31682,31223,31326,31399,31623,31662,31494,31642,31759,31709,31282,31652,31791,31713,31216,31599,31373,31575,31288,31576,31382,31696,31660,31677,31468,31266,31268,31673,31463,31680,31215,31686,31434,31760,31760,31253,31347,31660,31757,31216,31694,31786,31494,31625,31573,31361,31723,31278,31613,31738,31516,31392,31265,31292,31763,31477,31770,31393,31216,31658,31220,31240,31201,31384,31343,31397,31719,31463,31230,31654,31470,31221,31616,31654,31756,31314,31743,31491,31256,31513,31760,31730,31520,31497,31687,31521,31413,31316,31661,31633,31497,31446,31688,31411,31650,31537,31280,31239,31694,31243,31500,31730,31363,31292,31375,31385,31696,31202,31678,31281,31584,31542,31753,31322,31557,31330,31687,31473,31241,31728,31689,31476,31278,31395,31409,31623,31701,31662,31571,31648,31419,31597,31358,31478,31212,31451,31360,31386,31275,31561,31771,31742,31364,31324,31342,31400,31417,31451,31249,31239,31322,31728,31403,31697,31428,31559,31453,31759,31697,31527,31551,31436,31350,31681,31259,31212,31426,31658,31260,31717,31558,31780,31380,31294,31430,31595,31766,31569,31460,31795,31591,31394,31739,31783,31762,31472,31621,31625,31440,31570,31392,31524,31667,31239,31590,31579,31228,31430,31424,31468,31430,31265,31587,31619,31413,31230,31680,31231,31632,31570,31707,31502,31637,31290,31387,31386,31351,31509,31412,31359,31359,31635,31296,31422,31259,31387,31584,31241,31797,31741,31222,31646,31308,31723,31428,31471,31480,31488,31454,31390,31597,31373,31716,31791,31482,31432,31464,31543,31323,31386,31485,31296,31326,31406,31316,31588,31221,31294,31404,31488,31445,31404,31677,31258,31715,31614,31522,31507,31565,31532,31590,31282,31350,31200,31367,31759,31441,31715,31711,31611,31461,31256,31544,31646,31311,31783,31786,31486,31559,31219,31344,31451,31527,31585,31326,31279,31237,31622,31226,31740,31415,31439,31695,31645,31654,31632,31729,31259,31533,31476,31768,31484,31509,31778,31431,31305,31303,31377,31392,31698,31312,31218,31706,31425,31383,31729,31502,31726,31252,31705,31621,31561,31614,31433,31555,31763,31329,31489,31592,31698,31348,31598,31763,31700,31732,31751,31345,31746,31381,31736,31565,31697,31642,31640,31465,31664,31425,31444,31725,31508,31353,31531,31352,31705,31473,31480,31598,31381,31451,31551,31314,31543,31529,31204,31228,31774,31557,31401,31353,31264,31542,31650,31275,31331,31547,31308,31319,31759,31653,31618,31521,31800,31363,31328,31336,31605,31582,31327,31366,31537,31517,31292,31670,31743,31335,31618,31729,31620,31682,31676,31213,31734,31656,31373,31299,31559,31329,31530,31418,31369,31418,31586,31459,31535,31786,31722,31273,31339,31244,31737,31486,31474,31629,31656,31448,31669,31745,31448,31239,31261,31214,31605,31717,31266,31408,31542,31408,31322,31202,31336,31520,31355,31518,31257,31643,31327,31551,31639,31638,31406,31227,31717,31698,31785,31665,31684,31267,31389,31442,31784,31438,31525,31536,31588,31655,31458,31377,31355,31455,31230,31214,31401,31344,31413,31242,31617,31749,31508,31450,31674,31664,31265,31365,31561,31607,31778,31507,31502,31515,31276,31722,31758,31232,31366,31756,31590,31493,31318,31277,31278,31243,31690,31356,31493,31563,31725,31790,31507,31283,31796,31340,31219,31437,31252,31349,31593,31773,31272,31551,31689,31328,31594,31668,31733,31337,31247,31626,31356,31767,31243,31317,31799,31348,31751,31351,31456,31377,31659,31311,31358,31406,31396,31361,31616,31252,31248,31293,31752,31230,31738,31766,31236,31795,31243,31499,31718,31484,31200,31789,31682,31348,31464,31430,31334,31769,31724,31235,31327,31476,31542,31466,31205,31503,31685,31629,31486,31787,31249,31286,31701,31586,31624,31353,31520,31569,31771,31490,31752,31721,31783,31302,31796,31352,31630,31393,31626,31633,31764,31624,31230,31451,31741,31503,31523,31505,31409,31669,31617,31379,31616,31415,31270,31432,31648,31745,31316,31699,31516,31792,31610,31251,31745,31441,31580,31790,31624,31594,31280,31688,31622,31792,31437,31369,31210,31734,31616,31534,31203,31324,31335,31752,31527,31651,31275,31569,31560,31277,31787,31599,31448,31570,31231,31566,31728,31463,31204,31636,31505,31279,31644,31379,31675,31571,31262,31631,31643,31342,31357,31782,31646,31655,31421,31581,31271,31646,31208,31755,31320,31448,31363,31509,31485,31541,31629,31354,31213,31679,31500,31424,31458,31409,31276,31278,31217,31518,31258,31469,31699,31481,31798,31752,31376,31463,31430,31299,31331,31394,31581,31773,31513,31435,31320,31735,31462,31779,31755,31399,31365,31770,31550,31618,31615,31325,31585,31532,31495,31758,31387,31779,31784,31638,31260,31383,31322,31497,31526,31421,31776,31230,31419,31749,31589,31795,31692,31299,31726,31232,31276,31279,31571,31350,31635,31496,31254,31739,31798,31554,31700,31724,31776,31306,31586,31763,31561,31519,31710,31516,31527,31428,31557,31243,31403,31746,31573,31657,31390,31699,31508,31598,31551,31729,31350,31605,31371,31369,31445,31792,31629,31349,31326,31230,31695,31312,31783,31623,31243,31480,31748,31507,31211,31279,31493,31336,31481,31560,31407,31597,31419,31229,31313,31375,31255,31491,31440,31297,31653,31730,31467,31443,31481,31548,31402,31580,31483,31603,31703,31615,31628,31234,31387,31250,31398,31562,31463,31452,31397,31557,31757,31459,31678,31242,31550,31356,31237,31274,31399,31787,31342,31374,31435,31242,31243,31208,31309,31729,31772,31634,31747,31794,31671,31211,31746,31726,31287,31790,31447,31780,31342,31554,31537,31784,31741,31740,31283,31774,31755,31336,31678,31443,31431,31710,31715,31223,31658,31669,31429,31791,31696,31503,31248,31665,31709,31783,31432,31659,31522,31734,31376,31559,31479,31736,31677,31410,31455,31504,31458,31233,31399,31601,31734,31309,31448,31348,31557,31759,31400,31736,31529,31455,31734,31236,31588,31424,31218,31483,31244,31746,31773,31322,31471,31545,31609,31653,31580,31420,31463,31653,31768,31337,31400,31766,31483,31282,31690,31639,31484,31546,31563,31642,31247,31254,31433,31793,31718,31212,31493,31589,31248,31750,31493,31700,31332,31200,31401,31511,31651,31798,31228,31586,31446,31665,31226,31506,31539,31756,31416,31712,31485,31523,31703,31621,31619,31393,31642,31537,31461,31616,31771,31682,31529,31600,31632,31627,31554,31747,31653,31223,31518,31374,31709,31564,31296,31409,31398,31596,31780,31261,31486,31247,31467,31568,31749,31646,31360,31460,31385,31255,31791,31520,31446,31470,31704,31596,31550,31449,31430,31782,31433,31637,31643,31776,31490,31232,31356,31551,31717,31667,31565,31350,31656,31408,31499,31375,31331,31551,31412,31360,31779,31691,31316,31681,31674,31624,31686,31528,31555,31260,31630,31794,31448,31783,31495,31779,31703,31215,31700,31281,31435,31541,31775,31626,31327,31262,31634,31380,31320,31705,31278,31410,31682,31333,31497,31470,31558,31321,31641,31632,31685,31735,31326,31301,31624,31769,31234,31268,31463,31593,31745,31354,31348,31253,31694,31714,31389,31571,31270,31573,31284,31510,31328,31739,31453,31716,31535,31216,31507,31251,31672,31747,31732,31245,31268,31443,31669,31597,31339,31771,31652,31395,31710,31425,31591,31791,31790,31248,31219,31365,31362,31737,31431,31673,31612,31694,31319,31462,31683,31269,31388,31420,31285,31446,31610,31599,31444,31529,31572,31737,31438,31577,31212,31730,31307,31686,31268,31671,31763,31753,31780,31397,31720,31276,31420,31542,31558,31566,31332,31772,31520,31321,31561,31542,31515,31444,31594,31314,31799,31693,31465,31595,31409,31628,31594,31799,31283,31581,31762,31527,31238,31238,31259,31643,31583,31647,31625,31630,31340,31577,31541,31331,31739,31667,31554,31630,31461,31788,31720,31684,31666,31770,31525,31790,31229,31624,31535,31355,31610,31690,31788,31797,31507,31522,31345,31668,31237,31644,31501,31784,31722,31545,31618,31702,31410,31725,31419,31728,31337,31492,31480,31383,31509,31420,31284,31591,31526,31216,31200,31664,31585,31280,31612,31596,31697,31775,31703,31544,31417,31219,31781,31525,31605,31726,31747,31760,31522,31317,31790,31209,31208,31667,31416,31266,31207,31214,31671,31454,31413,31354,31429,31550,31463,31639,31228,31537,31493,31307,31608,31329,31427,31443,31464,31726,31309,31304,31798,31633,31756,31321,31630,31765,31297,31307,31403,31747,31252,31623,31747,31214,31611,31281,31352,31363,31215,31631,31234,31580,31762,31639,31559,31796,31677,31545,31562,31289,31692,31460,31315,31561,31388,31620,31693,31688,31486,31392,31769,31468,31574,31338,31478,31467,31379,31660,31201,31379,31770,31519,31267,31764,31603,31350,31635,31695,31569,31606,31665,31658,31771,31418,31768,31209,31284,31486,31767,31401,31497,31465,31746,31292,31645,31528,31633,31655,31272,31359,31410,31792,31736,31332,31683,31280,31517,31448,31386,31343,31330,31257,31698,31625,31390,31266,31498,31256,31423,31777,31202,31624,31747,31329,31747,31595,31734,31214,31277,31792,31699,31753,31758,31527,31536,31294,31791,31394,31296,31337,31448,31764,31443,31609,31518,31555,31451,31530,31384,31724,31382,31546,31339,31777,31470,31706,31497,31645,31613,31552,31212,31749,31447,31659,31588,31450,31563,31726,31462,31581,31502,31599,31684,31757,31382,31625,31508,31686,31400,31643,31441,31335,31286,31336,31640,31656,31706,31515,31209,31380,31620,31605,31624,31346,31459,31348,31214,31672,31475,31263,31252,31450,31318,31312,31287,31778,31616,31782,31359,31778,31741,31262,31654,31650,31406,31270,31271,31253,31714,31590,31576,31586,31279,31278,31257,31676,31735,31467,31401,31696,31282,31536,31266,31275,31472,31534,31664,31521,31473,31296,31315,31280,31520,31533,31461,31724,31424,31651,31741,31360,31769,31228,31543,31398,31268,31460,31746,31200,31521,31546,31667,31708,31609,31665,31247,31382,31677,31282,31324,31294,31384,31334,31322,31772,31217,31766,31713,31662,31352,31790,31778,31680,31652,31672,31645,31479,31317,31593,31228,31434,31346,31252,31714,31282,31279,31417,31316,31587,31562,31533,31677,31379,31643,31309,31685,31362,31477,31305,31247,31794,31253,31535,31315,31452,31730,31743,31656,31619,31786,31293,31591,31507,31567,31433,31476,31758,31607,31737,31656,31526,31236,31411,31533,31688,31591,31563,31348,31282,31590,31396,31309,31617,31617,31333,31697,31747,31371,31437,31791,31719,31250,31703,31366,31548,31443,31303,31402,31705,31760,31389,31381,31556,31397,31782,31237,31515,31556,31718,31642,31212,31576,31590,31210,31492,31355,31356,31616,31263,31407,31463,31457,31642,31320,31337,31509,31322,31482,31655,31426,31777,31297,31206,31758,31344,31500,31689,31735,31613,31565,31317,31673,31587,31316,31609,31324,31615,31492,31280,31223,31211,31746,31436,31288,31732,31673,31334,31478,31499,31252,31745,31281,31551,31391,31300,31651,31360,31764,31395,31681,31792,31351,31497,31625,31753,31526,31494,31414,31439,31209,31523,31521,31268,31309,31251,31740,31229,31750,31766,31514,31597,31654,31796,31403,31573,31759,31311,31562,31527,31282,31694,31495,31328,31201,31248,31313,31532,31366,31290,31654,31493,31468,31629,31202,31336,31692,31460,31736,31796,31671,31689,31526,31668,31433,31512,31443,31456,31559,31539,31487,31535,31293,31722,31619,31703,31440,31373,31281,31635,31748,31448,31725,31323,31731,31726,31541,31239,31642,31734,31250,31279,31539,31589,31633,31503,31202,31364,31690,31605,31536,31294,31740,31275,31399,31720,31439,31725,31773,31676,31784,31289,31299,31717,31212,31338,31258,31713,31496,31738,31721,31436,31339,31599,31428,31799,31425,31551,31385,31646,31429,31235,31527,31755,31536,31558,31251,31701,31608,31222,31203,31381,31513,31648,31657,31621,31515,31733,31423,31382,31384,31732,31458,31578,31423,31627,31375,31373,31579,31214,31592,31363,31370,31714,31454,31553,31743,31472,31542,31644,31369,31509,31310,31583,31578,31586,31386,31342,31585,31791,31796,31726,31278,31298,31793,31423,31493,31425,31585,31260,31520,31360,31742,31251,31662,31639,31583,31564,31294,31772,31510,31706,31420,31637,31359,31616,31773,31662,31768,31602,31792,31704,31634,31658,31221,31510,31363,31519,31219,31673,31519,31402,31423,31280,31554,31504,31529,31710,31712,31241,31486,31758,31321,31737,31642,31453,31520,31727,31393,31560,31630,31518,31240,31284,31404,31507,31592,31706,31672,31203,31564,31728,31394,31606,31602,31301,31667,31211,31782,31704,31377,31416,31407,31559,31422,31364,31461,31471,31667,31678,31334,31684,31591,31729,31628,31538,31554,31530,31259,31440,31236,31544,31738,31646,31624,31222,31234,31245,31447,31644,31784,31636,31283,31530,31213,31222,31455,31738,31547,31321,31597,31441,31403,31577,31594,31687,31239,31224,31369,31794,31726,31543,31484,31496,31401,31528,31743,31337,31315,31539,31466,31535,31414,31449,31477,31542,31228,31532,31595,31565,31240,31354,31462,31749,31207,31645,31368,31759,31448,31545,31588,31772,31343,31400,31667,31673,31269,31652,31537,31379,31291,31443,31638,31782,31753,31354,31299,31263,31375,31348,31710,31317,31698,31499,31580,31234,31728,31560,31309,31508,31654,31650,31378,31444,31568,31331,31464,31358,31771,31294,31516,31663,31767,31371,31615,31615,31736,31452,31797,31762,31246,31663,31753,31218,31695,31450,31702,31464,31372,31603,31630,31508,31508,31591,31312,31479,31685,31633,31226,31646,31321,31207,31733,31203,31516,31483,31467,31482,31579,31214,31561,31714,31470,31290,31538,31231,31733,31307,31691,31660,31312,31769,31712,31493,31785,31648,31209,31691,31264,31328,31670,31600,31312,31675,31428,31467,31520,31588,31371,31636,31541,31380,31371,31475,31421,31796,31262,31596,31419,31293,31773,31524,31647,31674,31533,31702,31347,31670,31404,31766,31236,31555,31312,31578,31732,31437,31648,31385,31478,31330,31358,31423,31364,31512,31302,31350,31228,31385,31401,31669,31763,31654,31738,31617,31644,31579,31545,31470,31247,31508,31685,31262,31307,31317,31232,31427,31698,31797,31422,31427,31429,31337,31656,31354,31285,31221,31565,31296,31797,31522,31283,31595,31743,31526,31649,31499,31704,31463,31351,31319,31719,31509,31278,31654,31597,31700,31594,31362,31754,31574,31751,31408,31256,31515,31302,31307,31551,31270,31677,31694,31239,31771,31358,31342,31668,31554,31760,31617,31663,31661,31284,31693,31592,31471,31792,31549,31413,31755,31606,31312,31519,31549,31704,31491,31616,31651,31658,31634,31370,31201,31707,31545,31558,31330,31570,31359,31375,31730,31401,31381,31284,31321,31337,31561,31238,31630,31547,31554,31610,31737,31255,31427,31444,31374,31334,31684,31574,31732,31684,31304,31244,31691,31277,31755,31644,31261,31637,31545,31748,31203,31239,31472,31220,31528,31348,31579,31632,31764,31754,31501,31608,31394,31792,31289,31405,31763,31255,31364,31348,31521,31695,31587,31544,31219,31245,31426,31415,31571,31257,31539,31764,31502,31626,31502,31572,31232,31666,31561,31606,31267,31739,31791,31293,31302,31248,31215,31485,31519,31485,31607,31696,31474,31687,31746,31236,31742,31201,31614,31329,31484,31459,31362,31472,31538,31672,31534,31486,31797,31670,31250,31612,31732,31288,31467,31690,31245,31631,31708,31516,31750,31293,31718,31389,31431,31704,31302,31323,31427,31427,31580,31604,31445,31420,31493,31403,31696,31663,31722,31653,31455,31382,31613,31239,31225,31385,31700,31352,31518,31252,31589,31385,31710,31772,31753,31762,31686,31606,31787,31246,31266,31798,31489,31590,31542,31484,31727,31560,31442,31244,31566,31544,31354,31298,31358,31687,31362,31520,31771,31447,31599,31797,31435,31201,31743,31349,31749,31671,31462,31442,31589,31516,31377,31307,31680,31426,31379,31292,31393,31489,31690,31489,31636,31358,31608,31590,31572,31760,31490,31242,31395,31752,31563,31502,31499,31291,31770,31663,31316,31374,31217,31463,31617,31791,31548,31667,31414,31511,31629,31776,31404,31514,31735,31323,31219,31754,31490,31582,31582,31535,31553,31216,31273,31339,31673,31274,31654,31547,31458,31500,31774,31484,31539,31345,31761,31414,31543,31644,31783,31434,31319,31357,31446,31704,31434,31450,31269,31206,31695,31244,31385,31318,31639,31699,31375,31623,31611,31238,31776,31725,31695,31772,31313,31677,31403,31534,31487,31514,31432,31579,31331,31522,31493,31694,31302,31293,31451,31285,31591,31227,31334,31445,31317,31345,31497,31684,31616,31592,31226,31798,31664,31212,31542,31374,31293,31318,31728,31371,31527,31736,31538,31737,31213,31759,31386,31430,31550,31256,31437,31609,31677,31448,31640,31660,31249,31209,31500,31671,31443,31489,31531,31374,31724,31357,31357,31579,31768,31600,31763,31225,31495,31269,31535,31590,31379,31264,31536,31319,31659,31230,31637,31524,31433,31478,31262,31684,31598,31594,31404,31305,31333,31527,31254,31787,31340,31309,31458,31354,31581,31797,31754,31736,31397,31573,31498,31736,31236,31611,31231,31587,31573,31418,31574,31240,31527,31345,31230,31787,31738,31348,31343,31778,31609,31267,31649,31360,31272,31642,31700,31502,31621,31690,31709,31625,31579,31231,31623,31566,31442,31641,31493,31518,31346,31447,31746,31322,31708,31785,31367,31471,31570,31410,31251,31570,31513,31590,31315,31682,31587,31664,31542,31592,31247,31411,31619,31256,31224,31753,31300,31671,31772,31426,31620,31470,31363,31254,31253,31735,31512,31298,31347,31502,31458,31787,31262,31638,31760,31373,31235,31684,31279,31400,31768,31296,31391,31316,31671,31584,31541,31640,31761,31234,31651,31739,31396,31716,31278,31250,31644,31318,31427,31688,31239,31595,31645,31552,31308,31391,31504,31359,31330,31523,31302,31725,31766,31463,31289,31224,31543,31366,31442,31638,31239,31568,31637,31311,31489,31626,31395,31779,31600,31327,31715,31488,31578,31286,31489,31767,31647,31597,31712,31495,31527,31371,31528,31621,31749,31427,31770,31783,31368,31470,31276,31360,31361,31383,31519,31607,31422,31293,31340,31531,31207,31338,31331,31698,31546,31483,31336,31534,31433,31536,31255,31456,31371,31637,31707,31595,31397,31282,31768,31671,31323,31622,31240,31450,31250,31324,31545,31356,31223,31731,31209,31221,31325,31478,31473,31213,31670,31606,31563,31766,31288,31264,31787,31773,31413,31301,31789,31657,31323,31597,31651,31500,31520,31275,31355,31300,31222,31664,31470,31277,31396,31687,31792,31620,31259,31409,31543,31251,31469,31732,31588,31646,31640,31684,31478,31355,31666,31397,31513,31606,31385,31401,31571,31320,31789,31267,31548,31263,31565,31246,31249,31361,31276,31411,31689,31478,31234,31325,31754,31719,31798,31439,31584,31688,31467,31395,31526,31289,31220,31422,31225,31544,31763,31366,31345,31704,31302,31658,31687,31711,31435,31293,31474,31748,31716,31660,31588,31231,31540,31449,31236,31470,31261,31736,31633,31590,31227,31426,31329,31675,31599,31776,31578,31622,31702,31239,31443,31497,31331,31217,31377,31332,31751,31367,31426,31750,31571,31765,31368,31670,31292,31449,31679,31214,31203,31531,31764,31493,31431,31563,31327,31621,31388,31621,31451,31665,31580,31284,31539,31266,31752,31393,31709,31623,31300,31474,31577,31460,31728,31717,31776,31239,31337,31531,31732,31309,31228,31399,31339,31312,31522,31223,31734,31296,31533,31353,31668,31488,31203,31318,31767,31650,31781,31669,31537,31610,31607,31605,31788,31771,31443,31477,31779,31303,31644,31800,31733,31554,31437,31661,31457,31675,31458,31797,31457,31389,31778,31391,31735,31627,31794,31575,31395,31609,31727,31730,31674,31471,31755,31624,31341,31204,31616,31752,31709,31432,31418,31524,31206,31370,31217,31478,31544,31213,31351,31210,31489,31671,31378,31748,31646,31242,31516,31329,31411,31329,31370,31626,31708,31611,31744,31241,31736,31726,31672,31759,31672,31499,31318,31608,31643,31443,31623,31275,31670,31782,31787,31671,31596,31576,31688,31227,31274,31489,31618,31219,31465,31641,31319,31711,31635,31729,31646,31712,31635,31522,31291,31737,31473,31565,31770,31298,31677,31415,31202,31397,31669,31412,31385,31347,31535,31647,31718,31522,31568,31373,31512,31266,31345,31564,31624,31685,31592,31483,31618,31572,31398,31483,31583,31670,31373,31308,31373,31531,31437,31713,31682,31654,31560,31493,31765,31482,31656,31578,31351,31693,31201,31432,31717,31719,31719,31244,31405,31578,31523,31715,31768,31556,31740,31646,31397,31347,31567,31571,31347,31534,31729,31717,31589,31416,31391,31435,31701,31660,31568,31300,31365,31276,31442,31322,31753,31378,31784,31632,31779,31233,31564,31232,31466,31453,31431,31673,31471,31308,31287,31407,31443,31634,31654,31310,31577,31427,31331,31668,31656,31311,31342,31391,31638,31467,31423,31580,31638,31685,31241,31606,31267,31301,31368,31738,31695,31226,31322,31357,31273,31634,31388,31213,31720,31710,31534,31458,31695,31277,31762,31413,31391,31756,31790,31216,31584,31762,31612,31652,31444,31359,31515,31622,31489,31399,31269,31234,31790,31435,31482,31258,31637,31715,31380,31667,31258,31687,31201,31498,31367,31502,31400,31441,31266,31660,31234,31493,31275,31373,31251,31282,31743,31297,31691,31311,31800,31565,31758,31777,31258,31365,31468,31298,31709,31331,31428,31791,31365,31449,31413,31745,31541,31633,31244,31606,31665,31281,31780,31681,31705,31476,31436,31395,31412,31649,31698,31515,31275,31243,31290,31470,31588,31549,31677,31415,31203,31526,31779,31310,31525,31476,31330,31262,31519,31219,31631,31315,31440,31288,31411,31664,31604,31605,31222,31309,31437,31605,31468,31210,31530,31352,31317,31505,31568,31266,31442,31790,31698,31699,31663,31247,31648,31297,31345,31756,31763,31385,31723,31667,31229,31700,31224,31653,31268,31717,31451,31376,31452,31601,31671,31233,31385,31426,31661,31771,31427,31725,31206,31266,31417,31329,31414,31256,31454,31458,31520,31671,31731,31228,31334,31484,31780,31363,31460,31737,31750,31266,31325,31363,31328,31740,31546,31563,31206,31327,31296,31421,31358,31237,31490,31358,31526,31338,31720,31245,31520,31534,31487,31593,31524,31594,31322,31714,31503,31440,31282,31780,31636,31772,31648,31664,31533,31590,31278,31450,31568,31668,31309,31770,31761,31541,31345,31461,31209,31471,31639,31707,31251,31553,31543,31660,31640,31522,31251,31413,31365,31208,31553,31556,31729,31642,31435,31691,31649,31416,31295,31414,31566,31523,31526,31798,31240,31660,31544,31303,31592,31450,31675,31704,31700,31737,31354,31662,31312,31219,31439,31384,31444,31800,31561,31402,31266,31786,31248,31705,31251,31560,31288,31413,31738,31326,31204,31529,31681,31640,31585,31250,31705,31213,31657,31745,31507,31561,31436,31716,31325,31533,31468,31598,31350,31561,31219,31641,31680,31519,31778,31750,31737,31411,31205,31305,31659,31496,31536,31268,31772,31422,31427,31349,31622,31760,31607,31396,31469,31364,31725,31422,31529,31470,31571,31792,31290,31575,31559,31336,31552,31434,31778,31515,31744,31695,31562,31598,31585,31684,31512,31762,31657,31397,31766,31220,31716,31370,31597,31575,31302,31331,31392,31638,31257,31370,31353,31768,31416,31753,31736,31431,31214,31770,31399,31646,31263,31561,31456,31730,31567,31358,31405,31209,31521,31598,31677,31242,31202,31449,31723,31375,31340,31411,31305,31742,31281,31760,31474,31778,31320,31515,31557,31354,31718,31425,31275,31672,31212,31248,31765,31772,31206,31257,31254,31392,31417,31561,31672,31485,31695,31728,31759,31670,31323,31501,31306,31463,31361,31213,31754,31668,31591,31245,31249,31309,31568,31596,31631,31676,31564,31497,31289,31415,31352,31618,31331,31566,31288,31629,31758,31399,31209,31727,31602,31281,31528,31297,31721,31421,31371,31677,31309,31246,31713,31657,31331,31204,31377,31567,31422,31381,31666,31294,31742,31468,31717,31524,31261,31230,31631,31396,31685,31305,31771,31763,31340,31277,31620,31245,31757,31745,31639,31716,31694,31430,31224,31397,31417,31368,31657,31642,31336,31627,31232,31550,31783,31548,31216,31411,31631,31389,31764,31656,31273,31212,31488,31371,31484,31781,31328,31478,31355,31614,31507,31256,31305,31660,31318,31358,31595,31363,31237,31241,31772,31520,31309,31715,31409,31234,31645,31562,31281,31372,31455,31639,31394,31470,31440,31350,31616,31444,31703,31235,31458,31317,31447,31679,31422,31612,31486,31594,31569,31572,31239,31433,31618,31690,31426,31336,31618,31565,31526,31758,31423,31679,31617,31619,31287,31353,31217,31788,31799,31565,31245,31308,31410,31608,31775,31212,31265,31591,31386,31336,31460,31656,31412,31767,31580,31476,31617,31779,31693,31609,31748,31686,31366,31508,31646,31552,31266,31233,31514,31784,31256,31519,31435,31325,31533,31451,31611,31237,31397,31613,31582,31778,31613,31797,31562,31527,31401,31534,31413,31388,31692,31413,31451,31754,31314,31390,31617,31673,31547,31471,31573,31449,31687,31711,31251,31433,31784,31505,31536,31280,31650,31687,31379,31485,31535,31353,31248,31697,31791,31441,31800,31432,31428,31519,31377,31754,31354,31425,31795,31400,31540,31305,31211,31581,31206,31216,31240,31720,31673,31709,31618,31455,31471,31490,31576,31353,31554,31579,31283,31473,31223,31289,31465,31488,31429,31520,31658,31578,31444,31381,31576,31247,31792,31585,31406,31295,31510,31486,31374,31390,31743,31612,31478,31317,31371,31531,31421,31774,31540,31586,31512,31322,31454,31707,31256,31287,31663,31425,31768,31620,31523,31276,31656,31379,31206,31650,31731,31382,31672,31212,31494,31786,31706,31565,31365,31500,31438,31725,31696,31630,31741,31501,31601,31348,31232,31258,31787,31515,31268,31234,31419,31544,31354,31628,31720,31706,31707,31769,31342,31791,31538,31720,31453,31295,31206,31317,31585,31620,31263,31577,31497,31315,31541,31202,31455,31671,31632,31441,31792,31507,31765,31343,31773,31789,31591,31748,31699,31210,31597,31516,31304,31257,31570,31429,31791,31329,31638,31233,31709,31558,31233,31530,31635,31431,31731,31482,31424,31739,31735,31519,31582,31298,31304,31725,31626,31530,31413,31414,31251,31658,31730,31696,31741,31418,31624,31482,31615,31560,31363,31221,31352,31342,31207,31420,31317,31770,31719,31772,31251,31748,31423,31553,31236,31757,31322,31752,31224,31682,31581,31338,31354,31795,31751,31583,31252,31798,31271,31572,31355,31792,31657,31252,31475,31488,31649,31267,31372,31634,31773,31224,31678,31281,31558,31705,31257,31269,31271,31589,31359,31651,31238,31222,31283,31383,31446,31210,31478,31683,31251,31425,31497,31289,31340,31796,31522,31493,31404,31598,31518,31496,31310,31381,31428,31613,31674,31657,31207,31459,31357,31509,31731,31766,31225,31530,31507,31467,31715,31624,31369,31486,31264,31325,31308,31382,31374,31297,31534,31341,31334,31323,31683,31387,31751,31721,31353,31673,31550,31467,31401,31394,31539,31318,31670,31789,31277,31510,31318,31569,31464,31348,31605,31597,31764,31209,31248,31233,31209,31499,31796,31613,31312,31526,31488,31486,31692,31678,31243,31413,31239,31519,31533,31702,31649,31315,31349,31323,31585,31631,31642,31667,31529,31325,31583,31393,31263,31324,31372,31735,31439,31348,31547,31576,31495,31377,31470,31353,31217,31391,31553,31533,31380,31615,31646,31576,31576,31281,31733,31618,31617,31610,31349,31646,31616,31669,31325,31752,31730,31692,31335,31366,31316,31320,31690,31684,31341,31422,31396,31748,31610,31212,31727,31416,31263,31434,31567,31364,31778,31455,31570,31420,31273,31290,31680,31212,31669,31785,31685,31237,31711,31650,31447,31443,31210,31586,31712,31514,31243,31688,31531,31383,31604,31286,31653,31249,31296,31285,31289,31583,31286,31614,31628,31691,31536,31571,31623,31787,31543,31770,31294,31639,31486,31311,31211,31232,31345,31723,31558,31257,31308,31338,31666,31618,31800,31634,31256,31633,31750,31351,31713,31352,31488,31403,31609,31335,31303,31348,31678,31548,31323,31549,31261,31733,31577,31357,31407,31226,31719,31421,31496,31475,31517,31495,31753,31403,31575,31612,31628,31390,31628,31446,31739,31452,31251,31679,31215,31664,31296,31440,31566,31337,31582,31422,31732,31308,31344,31509,31688,31575,31354,31571,31661,31790,31738,31319,31717,31234,31452,31632,31795,31511,31323,31685,31592,31202,31543,31667,31285,31570,31722,31614,31738,31328,31600,31747,31388,31664,31505,31681,31436,31223,31321,31209,31279,31673,31680,31258,31675,31203,31777,31432,31531,31287,31694,31769,31560,31291,31240,31475,31634,31514,31655,31429,31224,31575,31449,31566,31311,31651,31740,31217,31407,31571,31349,31265,31552,31771,31216,31704,31382,31659,31429,31582,31616,31412,31457,31526,31361,31350,31402,31644,31221,31435,31615,31285,31715,31469,31681,31693,31234,31527,31221,31245,31627,31517,31631,31261,31220,31492,31773,31633,31790,31450,31406,31760,31716,31347,31246,31675,31472,31691,31798,31312,31686,31789,31683,31324,31472,31639,31536,31705,31682,31638,31653,31487,31689,31738,31435,31581,31637,31544,31487,31276,31755,31575,31397,31694,31768,31399,31421,31706,31397,31775,31640,31506,31216,31590,31358,31442,31212,31687,31299,31541,31516,31274,31317,31540,31651,31489,31396,31711,31260,31596,31501,31485,31723,31376,31403,31294,31402,31424,31567,31626,31322,31216,31221,31426,31437,31208,31397,31470,31668,31580,31294,31367,31217,31731,31232,31796,31289,31240,31488,31607,31600,31384,31619,31393,31609,31513,31650,31331,31421,31628,31622,31226,31396,31365,31206,31391,31695,31675,31437,31626,31255,31564,31509,31696,31748,31235,31459,31456,31771,31583,31265,31690,31428,31611,31364,31358,31481,31442,31444,31559,31474,31544,31517,31578,31609,31412,31317,31280,31470,31781,31334,31566,31215,31200,31668,31627,31466,31391,31422,31451,31464,31248,31784,31256,31687,31733,31406,31475,31747,31326,31652,31785,31629,31264,31651,31750,31754,31254,31745,31600,31771,31600,31518,31794,31749,31467,31455,31630,31241,31362,31602,31748,31666,31289,31655,31561,31527,31362,31757,31466,31350,31595,31507,31261,31438,31325,31730,31218,31291,31800,31748,31461,31742,31248,31772,31490,31509,31579,31781,31439,31799,31311,31398,31338,31644,31581,31799,31580,31559,31614,31312,31705,31800,31762,31595,31483,31208,31493,31431,31717,31352,31204,31519,31420,31505,31747,31323,31460,31720,31736,31581,31652,31754,31285,31323,31697,31445,31259,31385,31413,31477,31659,31333,31255,31302,31205,31635,31792,31688,31749,31206,31218,31305,31292,31671,31800,31217,31289,31574,31686,31308,31632,31336,31552,31567,31679,31328,31329,31295,31440,31509,31350,31634,31487,31438,31507,31313,31585,31221,31393,31755,31593,31753,31220,31769,31401,31327,31750,31422,31380,31628,31770,31493,31735,31574,31734,31576,31542,31776,31690,31770,31593,31354,31415,31370,31525,31320,31312,31518,31355,31332,31214,31695,31491,31607,31224,31500,31216,31429,31711,31654,31368,31640,31375,31607,31429,31765,31315,31662,31210,31235,31241,31495,31556,31379,31242,31634,31433,31538,31326,31747,31602,31456,31746,31523,31609,31257,31467,31616,31497,31302,31331,31327,31689,31613,31298,31286,31281,31647,31217,31668,31539,31350,31764,31703,31441,31685,31235,31791,31235,31435,31641,31316,31617,31257,31221,31412,31490,31516,31319,31361,31381,31370,31253,31341,31363,31498,31232,31796,31719,31457,31731,31662,31435,31795,31305,31499,31452,31439,31423,31385,31785,31203,31269,31741,31565,31572,31579,31220,31207,31756,31287,31287,31499,31605,31223,31365,31574,31552,31655,31432,31579,31372,31229,31252,31524,31657,31425,31339,31567,31679,31225,31724,31504,31678,31639,31290,31392,31423,31472,31698,31473,31654,31497,31396,31261,31214,31328,31420,31292,31626,31725,31209,31489,31550,31265,31383,31595,31264,31436,31259,31433,31238,31473,31416,31753,31706,31643,31271,31463,31296,31559,31527,31274,31400,31614,31778,31548,31764,31466,31302,31787,31245,31559,31647,31569,31781,31643,31269,31608,31564,31558,31724,31666,31234,31236,31397,31293,31246,31787,31670,31737,31727,31494,31292,31702,31671,31762,31234,31495,31341,31720,31407,31225,31436,31663,31367,31346,31374,31416,31470,31677,31446,31581,31740,31446,31278,31696,31382,31608,31618,31736,31536,31451,31222,31278,31766,31772,31501,31340,31565,31262,31795,31351,31315,31537,31465,31504,31689,31355,31705,31481,31620,31667,31404,31358,31603,31572,31320,31496,31710,31705,31688,31641,31699,31464,31268,31266,31425,31572,31366,31708,31756,31203,31240,31734,31752,31650,31211,31323,31702,31388,31323,31488,31470,31694,31734,31667,31419,31310,31458,31279,31213,31650,31338,31345,31350,31600,31214,31288,31507,31211,31581,31496,31262,31373,31653,31282,31263,31426,31499,31741,31386,31680,31371,31479,31228,31297,31765,31614,31710,31214,31726,31573,31237,31662,31773,31369,31382,31737,31650,31528,31342,31797,31424,31405,31697,31477,31258,31335,31544,31651,31625,31330,31273,31203,31762,31642,31428,31325,31229,31391,31204,31518,31632,31277,31536,31652,31587,31620,31624,31246,31793,31557,31505,31692,31441,31426,31578,31234,31758,31346,31665,31580,31293,31403,31563,31226,31676,31530,31751,31433,31507,31631,31537,31211,31438,31331,31550,31389,31338,31674,31753,31444,31715,31671,31425,31685,31781,31284,31466,31296,31647,31360,31614,31288,31229,31637,31560,31282,31447,31290,31709,31686,31749,31488,31706,31728,31763,31505,31623,31539,31575,31235,31448,31523,31734,31520,31641,31611,31678,31614,31343,31435,31386,31399,31651,31528,31682,31400,31302,31232,31799,31685,31542,31497,31754,31460,31618,31728,31481,31532,31487,31391,31668,31747,31302,31699,31636,31761,31626,31309,31279,31673,31349,31496,31303,31466,31737,31379,31276,31539,31710,31623,31580,31501,31558,31312,31276,31328,31434,31677,31308,31733,31614,31278,31246,31478,31488,31463,31525,31213,31405,31769,31444,31309,31506,31436,31537,31606,31392,31668,31239,31436,31664,31504,31240,31627,31529,31800,31558,31334,31593,31520,31766,31381,31495,31652,31491,31548,31228,31456,31414,31366,31582,31234,31672,31258,31516,31569,31311,31209,31232,31498,31686,31682,31364,31535,31673,31418,31226,31425,31219,31699,31201,31792,31704,31422,31751,31664,31396,31760,31574,31473,31434,31780,31350,31380,31445,31384,31526,31774,31705,31286,31645,31704,31753,31296,31471,31635,31331,31651,31784,31416,31754,31477,31643,31316,31525,31526,31554,31603,31338,31491,31762,31245,31281,31726,31627,31721,31400,31721,31282,31758,31592,31445,31559,31507,31364,31345,31783,31423,31738,31246,31290,31605,31759,31579,31502,31585,31677,31666,31499,31377,31533,31685,31516,31220,31315,31327,31454,31587,31678,31330,31653,31651,31771,31791,31702,31614,31623,31351,31225,31665,31781,31349,31685,31681,31203,31752,31739,31348,31526,31627,31436,31274,31477,31644,31379,31453,31783,31265,31521,31318,31265,31302,31598,31410,31766,31280,31633,31430,31342,31354,31530,31323,31772,31755,31568,31695,31504,31415,31545,31497,31442,31214,31550,31672,31737,31647,31742,31749,31236,31747,31447,31214,31244,31415,31565,31404,31696,31316,31414,31257,31502,31777,31698,31445,31300,31350,31374,31613,31731,31354,31604,31444,31380,31524,31382,31429,31791,31327,31481,31458,31675,31365,31706,31339,31246,31555,31353,31537,31701,31227,31310,31568,31730,31333,31742,31590,31311,31513,31419,31486,31786,31467,31290,31360,31709,31468,31309,31751,31534,31453,31478,31658,31294,31450,31305,31255,31639,31632,31771,31422,31793,31476,31786,31606,31651,31495,31231,31374,31324,31625,31471,31660,31210,31629,31370,31601,31724,31777,31213,31753,31530,31299,31253,31471,31423,31696,31276,31646,31736,31716,31364,31342,31797,31300,31409,31748,31503,31470,31748,31636,31753,31267,31768,31352,31502,31787,31742,31414,31760,31778,31296,31248,31349,31295,31647,31383,31639,31267,31324,31515,31757,31388,31705,31735,31435,31613,31787,31264,31490,31645,31502,31789,31659,31618,31407,31535,31675,31434,31441,31621,31791,31658,31407,31299,31293,31568,31635,31229,31332,31221,31296,31378,31419,31460,31398,31381,31752,31615,31444,31613,31643,31592,31759,31556,31344,31553,31624,31559,31771,31474,31266,31636,31206,31608,31757,31511,31303,31306,31776,31594,31273,31689,31657,31555,31215,31506,31652,31335,31277,31310,31691,31367,31509,31445,31624,31752,31510,31617,31723,31690,31777,31604,31277,31587,31515,31419,31576,31593,31676,31342,31522,31467,31498,31792,31424,31213,31780,31202,31469,31642,31577,31567,31465,31767,31210,31389,31514,31493,31477,31733,31380,31224,31612,31358,31432,31201,31351,31368,31373,31501,31676,31225,31577,31359,31496,31538,31658,31261,31477,31652,31637,31729,31787,31372,31295,31696,31287,31753,31280,31329,31565,31587,31507,31695,31774,31705,31572,31252,31459,31604,31414,31563,31439,31316,31567,31360,31617,31532,31746,31306,31393,31708,31230,31783,31225,31582,31539,31558,31752,31731,31278,31217,31215,31490,31201,31636,31524,31290,31612,31611,31650,31703,31593,31297,31200,31502,31243,31478,31477,31231,31282,31244,31225,31494,31788,31493,31788,31711,31636,31579,31202,31533,31430,31726,31689,31432,31591,31422,31674,31368,31423,31754,31469,31346,31536,31458,31519,31747,31387,31205,31796,31233,31615,31783,31574,31435,31257,31516,31245,31472,31780,31369,31711,31719,31382,31798,31725,31652,31798,31536,31575,31762,31389,31769,31740,31705,31535,31336,31700,31572,31262,31634,31444,31420,31239,31520,31447,31489,31702,31217,31707,31304,31440,31707,31560,31470,31767,31621,31386,31656,31384,31286,31752,31503,31428,31725,31502,31335,31506,31201,31636